# Resource object code (Python 3)
# Created by: object code
# Created by: The Resource Compiler for Qt version 6.11.2
# WARNING! All changes made in this file will be lost!

from PySide6 import QtCore

qt_resource_data = b"\
\x00\x00\x06y\
\x00\
\x00\x1b\xc3x\xda\xed\x99mk\x1bG\x10\xc7\xdf\xf7S\
l\x0f\x0a-\x9c\xef\xf6\xf9A\x89\x13\xc8%\x0d\x05\xb9\
\x0d4i\xa9\xdf\x19\xebb_#KFRl\xa7\x9f\
\xbe\xff}\xba\x07Yi\xa1P\x87R\xcb`\xebw\xbb\
;3;;;\xb3{~\xfa\xfc\xeejIn\xda\xcd\
\xb6[\xaf\x8e\x0bV\xd1\x82\xb4\xab\xf3\xf5\xa2[]\x1c\
\x17\xef\xde~\x7fd\x0b\xb2\xdd\x9d\xad\x16g\xcb\xf5\xaa\
=.V\xeb\xe2\xf9\xb3\xaf\x9e~\xfd\xf2\xa7\xe6\xedo\
o^\x91\xed\xcd\x05y\xf3\xee\xc5\xfc\x87\x86\x14Gu\
\xfd\xabh\xea\xfa\xe5\xdb\x97\xe4\xe7_^\x13V\xb1\xba\
~\xf5cA\x8a\xcb\xdd\xeezV\xd7\xb7\xb7\xb7\xd5\xad\
\xa8\xd6\x9b\x8b\xfa\xf5\xe6\xec\xfa\xb2;\xdf\xd6\xe8X\xfb\
\x8e\x18TC\x18c\xd5b\xb7(\xa0\xc2K\xbe\xed\x16\
\xbbK\x98E\xe97\x05\xb9l\xbb\x8b\xcb]\xa6\x9b\xae\
\xbd}\xb1\xbe;.(\xa1DIE\x98\xd4\xc5x&\
\xac \x98\xdbj{|@;\xa7\x94zm\xa9\xcb\xec\
n\xd9\xad>\x1c\xea\xc8\x9csuh\x0d]g\xdb\xeb\
\xb3sx\xe1z\xd3n\xdb\xcdM\x9b\xc7\x03\xba\xf7\x93\
\xf1\xe1Iu\xbe\xbe\xaa\xbd\xff>-1\xe8}\xb7\x5c\
\x1em>.\xdbY{\xd3\xae\xd6\x8b\xc5\x93\xf3ew\
=}\xb2\xddm\xd6\x1f\xda#(l\x7f_w\xab\xd9\
f\xfdq\xd5?\xbd\xeav\xedf\xd9\xe1\xcf\x8c?\x81\
\x8b\x08>O/\xc8ns\xb6\xda\xbe_o\xae\x8e\x8b\
\xab\xb3\xdd\xa6\xbb\xfb\x96\x95\x14?\xac<2ZWT\
XCEy\xc4$\x13\x15w\x94i\xf3]\x1a\xfc\xb7\
\x02\x98\xc3o\xea\xc6\xfd\xc3\x98\xeb\xb3\xdd%Y\x1c\x17\
'N\xd3J\x08W2)Le\xd9\xdc\x09\x0e\x85`\
\xe1d%\xc0ZT*0,\x91`)*3fj\
s\x7fW\xa91\xc7v\xebD\xe5\x0eq\xd6\x97\xfb\xdf\
c\xa6+\x06\xe6\xbc\x92\x81)\x14{\xfd\xb2\xd2\xe3\xfe\
S\xfbO'\x8b5\xbb\xbd\x84\xc7\x9f\x14\xf5\xc8[\xf5\
\xc5\xa3\xeb\xbe\xb8\xeb\xac\xe5\x15\x1b\x99\xd2s\x9e\xaav\
\xd1\xf4}\x96\x0c>\x06\x0b\x1bM\xcf\xed\x9cN\xc7g\
\xce\xf2\xb14\xea\x10\x0b+\x83<C'\xae\xdc\xb3\xef\
\xd15_\xd25\x9b\xf6|GP'\x0c\xe2\xdf\x0aW\
\x90O\xa8\x0eq6E_`\xa4/\x17\xb9\xc0\x18V\
\xc9\xff\xaf]}(\x19\xab\xc6K\xdb\x18+\xf2R\xca\
\xca12bVq\xcf<&(\xc9\x0d\x12\x18\xfa3\
?1\x1fZ\xa6\xd2\xbe=\x87\x022\x0d\x03#\xf4b\
\x7f*1\xe9\xc6\x98\x9c\x80(\xc7\xf8 \x9f\xc7\x04\xa7\
\x90\x80Fl\x0d\xf45\x03C\x90\x8d\xf2\xf4\x10\xaa\xc4\
(=\x09u\xc3\xdc$\xa1\xf6\x9cB\xd3\x081Ip\
\x03\xd3\x90`\xbd\xbc\x117F\x9b\xa8?2\xf1\x9c\xe6\
\x9b8m%\xc9m\xb0\x17\x1c\xe7\x0b\xc1\xc9\xde\xa4_\
\x05\xc6V\x19'\xe8=\xff\x9f\x9e\x18e\xd2\xde4\x06\
\x0b\x00\x81\x22*\x8c\x1c\x04\xc6\xbd\x0aO\xcb\x09\xdbh\
pfT\x98`\x80\xca\x0e\xb6\xd1an\xcc\x83\x03\xee\
q\xd07\xdf\xb3\xe7!\xd3\xdc\x7f\xd1\x15\xe1\xfc\xb7\xc6\
\x01\xb2\xdb}\x9a\xd1\x7f\xcd3\xd4\xa4\x84\x9e\xa2(s\
\x8az\xed\xa6\xc7\x8a\x81\x9d\xf1\x09[k\x96\xfa\xefs\
\xea/\xcd\xa4@\xf4\x9c\xf4\xf5\xfd\xef1v\x89\x1e\xe9\
\xbb\xc7{\xf6>|\xed|t\xdd?v\x9d\x16f\xc8\
\xcd\x865Z\xe8\xe4\x1a\x14-\xe4~\xcdE>F\xf8\
\x5cO\xb4/\x01\x037\x0aS\x11\xa3ver\xae\xf6\
\xe7\x871[\x1d\xfa\xf7\x8c\xda\x80Z\xa2\xfci#\xba\
&\xf6w\xf9p\x8aZ\xe2\xbc|\x9b]\xa9}-\xd1\
\xf0`\xcc\xd5\xf0\x19r\xb5F\x89\xa2\xd9\xb5\x14\xf6\xf3\
\xecZ\x16\xf2\x87\xe6:\xe5f\x5cP\xed\x84C\xfe\x19\
\x98\xfb\xa5\x87<\x959\xd4:\x0d1|\xe0F\xc3L\
;j\xf7\xf6\xa6\xda\x19j\xab\xb2\xb9V\xb0p\x19P\
F\xe7\xc3\xb9g\xcc\xdf\xe6c\x14\xf7\xb5W\x0d\x87{\
\x17\xfcM]n\xf7\x0c\xfb\xe4\x98\x09r\xd7P\xcb\xc5\
\x98q\xf8\xf7\xfd{\x86\xbf\xb8o\xcf\xf2iZO5\
\xe4\xc30\x7f\x9a/#&\xce\x97\xa5\xcb\x8a\xd3\x81\xa9\
\x18.7&\xce\xbf\xe70\x7f\x96\xe5q\xef\xdf\x81\xad\
\xaf\xfd\xcd\xc0p\x84\xf7?\xcd\xf2\x8d\x8alr\xbb\xe7\
\xc6\xfb\x9f\x8f\xdby\xbe<\xc1q\xc1~\x99\xe5\xfbx\
\x9d\xef\xc5\xef\xe3\xd6y\xdc:\x8f[\xe7Km\x1d\xcc\
O\x0a\x1d\xf6O\xfa\xca8\x948\xce\xad\x95\xf0#\xe6\
\xe5\x94\xb6B\xdc\xdbT\x7f\xf92\x8ci\x94]\xed?\
f\x02\xfbR>+\x09\xfb\x92QDm\x108\x86C\
\x12\xa2\x94\xc3\xcf\xa7\x09\x80!.C\x80T\x82\xea\xf9\
@\x92\xebF\xb1\x8a:]b\xa1\x0d'\xb4\xc4\x0d\xc4\
i\x81/\x8c\xa3]\xbb9-\x05\xc2_\x89\x86\x96\x12\
\x8d\xc6Z\xa2\x10nT\x95\xb0\xae\xc2\x01\x810\x7fa\
\xd7\x22s\xc3p+\xe3\x8e\xf5\xed\x1c\x977Gy)\
\xb5?\x08{v\x950\xb2\x94\x14a\x8aC\x85\x8fR\
\xc1m\xcf\x8a\xf1\x92\xbb\xf0\xae\xc0\x7f\xdd7\x1atz\
\xc2\x91\xa2\x9cM\xa6\xb1&\xa1\xdf?\x8aJ\xc2\xc2\xd9\
\xdb\x94\x12\x89HH\x93,\x94\x99\x1b\xa4=\x06\x03s\
3\xec\x13r\x18\x9d0\xc9\x9e'\xe4\xfe\xca\xc8E\x83\
\xc9\x0b\xc9J\x8e\x9c\x22\x11\xab\x88\x14\xcad\xc9\xa5\xdf\
\x02\xa2\xd7\x94\xb8aJa\x07\x8f\xda\x91!\x9d5\xfd\
\xf0dx\x12>\x9fN\xeb\xf4$\xbb\x96\xfb\x0ceu\
4<S4\xd4\x94\x0cYXJ\xd1\xa3_8\xd3$\
2\xbc\x92\xce\x908\x10\xe9H+\xd9/X\xc4&z\
K\xe7\xd6`\x83qyd\xc6$\xb6\xc7\xa44\xbb:\
\xdb\xb4g\xf1\xe9I\xcc\xe1\xa5P\x1c\xcf\xdd<#\xf5\
\x06\xf1\xb9TH\xfd\xf0G\xcf\x93\xde\x18\x8d\xcb\x15\x8c\
*\xb9\xbf\x80K5\xf7\x19&\x88\xdfc\xc4\x13J\x8a\
\x9as\x89\xd2\xc2\xcd=N\xd1\xdcd\xc62\x08\xe6\x08\
G\xa6\xc4\x12\x95\x0a\x09Gj\xcc\x15\x9b\x01\x1b.x\
B\xcc\xb3\xf2=L\xba?\x7f\x03\x0b\xef\xdbW\xeb\xd5\
\x1f\xedf=IL\x93\xddY\x1f\xd8\xba\x87\x1f>d\
\xa6H\xcb\x07\xf7I\xe9\x1a\xe4\x7f\x8e\xc8\x88D\x0c\x8e\
\x09R\x94(\xeaJ\xf2L\xd9\xb3\x19\xfd\x8d\xc3i\x92\
F2\xed\xd7\xd7\xf5a\x91\xb8a\x12%\xd3\x0d\xcd\x1a\
\x85\xc9\x0e\xa3{N\xc2#\xcb\xac:\x8dNfMm\
\x1e6\x0d\xc2\xd2\x9b\xd40\x94;\xc5Yf\xc2\xfc\xcb\
 _M\xd0\x8d\xf1\x1ec|gb\xa8t\xdc\x92~\
,r\x93qf\x98G\xe4\x86\xe1\x84`\x91\x0b\xfbv\
\xff\xa2\xc5\xcf;\x8f\xcf\x9c\xa4\x074\x83\xee0\x5c\x0f\
\xa6MM\x7f\x90\x10\x9bV\xcb\x0c\xe1\xcbS\xff\x1f\xac\
g_\xfd\x09\xae\x93\x17\xfb\
\x00\x01\xea\x9c\
\x00\
\x01\x00\x00\x00\x11\x01\x00\x00\x04\x00\x10GPOSf\
\xda\xbd\xd0\x00\x00\x01\x1c\x00\x00\x1a\x82GSUB:\
]>L\x00\x00\x1b\xa0\x00\x00\x01zOS/2G\
\xd5t|\x00\x00\x1d\x1c\x00\x00\x00`cmap\xf1\
\x0bj\xdd\x00\x00\x1d|\x00\x00\x05\xa8cvt \x13\
\xc0\x04\x9a\x00\x01\xdf\x5c\x00\x00\x008fpgm\xdb\
\xb6.\x8c\x00\x01\xdf\x94\x00\x00\x0augasp\x00\
\x00\x00\x10\x00\x01\xdfT\x00\x00\x00\x08glyfd\
\xca]u\x00\x00#$\x00\x01_\xf6head\x06\
\x8c\xaf0\x00\x01\x83\x1c\x00\x00\x006hhea\x07\
\xe5\x05A\x00\x01\x83T\x00\x00\x00$hmtx\xfe\
\xbeFf\x00\x01\x83x\x00\x00\x07\xd2kern\x8f\
]\xa5\x1f\x00\x01\x8bL\x00\x00:\xaaloca\xaa\
>\x03\xcb\x00\x01\xc5\xf8\x00\x00\x03\xecmaxp\x03\
4\x0b\xdd\x00\x01\xc9\xe4\x00\x00\x00 name+\
G\xa3\xef\x00\x01\xca\x04\x00\x00\x08\xa6post\xe8\
K\xc5\x8b\x00\x01\xd2\xac\x00\x00\x0c\xa6prep\xf3\
D\x22\xec\x00\x01\xea\x0c\x00\x00\x00\x90\x00\x01\x00\x00\x00\
\x0a\x000\x00J\x00\x02DFLT\x00\x0elat\
n\x00\x1a\x00\x04\x00\x00\x00\x00\xff\xff\x00\x01\x00\x00\x00\
\x04\x00\x00\x00\x00\xff\xff\x00\x01\x00\x01\x00\x02ker\
n\x00\x0ekern\x00\x14\x00\x00\x00\x01\x00\x00\x00\
\x00\x00\x01\x00\x00\x00\x01\x00\x04\x00\x02\x00\x00\x00\x03\x00\
\x0c\x07\xca\x0a8\x00\x01\x11<\x00\x04\x00\x00\x00\xcf\x01\
\xa8\x01\xb2\x01\xbc\x01\xc2\x01\xc8\x01\xce\x01\xd8\x01\xde\x01\
\xe8\x01\xee\x01\xf4\x01\xfe\x02\x04\x02\x0a\x02\x10\x02\x1a\x02\
 \x02&\x02,\x022\x02<\x02B\x02H\x02N\x02\
T\x02^\x02h\x02n\x02x\x02\x82\x02\x88\x02\x8e\x02\
\x94\x02\x9e\x02\xa4\x02\xaa\x02\xb0\x02\xb6\x02\xc0\x02\xc6\x02\
\xcc\x02\xd2\x02\xd8\x02\xe2\x02\xec\x02\xf2\x02\xfc\x03\x06\x03\
\x10\x03\x1a\x03$\x03.\x038\x03>\x03D\x03J\x03\
P\x03V\x03\x5c\x03b\x03h\x03n\x03t\x03z\x03\
\x80\x03\x8a\x03\x94\x03\x9e\x03\xa8\x03\xb2\x03\xbc\x03\xc6\x03\
\xcc\x03\xd2\x03\xd8\x03\xde\x03\xe4\x03\xea\x03\xf0\x03\xf6\x03\
\xfc\x04\x02\x04\x08\x04\x0e\x04\x18\x04\x22\x04,\x046\x04\
@\x04J\x04T\x04^\x04d\x04j\x04p\x04v\x04\
|\x04\x82\x04\x88\x04\x8e\x04\x94\x04\x9a\x04\xa0\x04\xa6\x04\
\xac\x04\xb2\x04\xb8\x04\xbe\x04\xc4\x04\xca\x04\xd0\x04\xd6\x04\
\xdc\x04\xe2\x04\xe8\x04\xee\x04\xf4\x04\xfa\x05\x00\x05\x06\x05\
\x0c\x05\x12\x05\x18\x05\x1e\x05$\x05*\x050\x056\x05\
<\x05B\x05H\x05N\x05T\x05Z\x05`\x05f\x05\
l\x05r\x05x\x05~\x05\x88\x05\x92\x05\x9c\x05\xa6\x05\
\xb0\x05\xb6\x05\xbc\x05\xc2\x05\xc8\x05\xd2\x05\xd8\x05\xde\x05\
\xe4\x05\xea\x05\xf0\x05\xf6\x05\xfc\x06\x16\x06 \x06&\x06\
,\x062\x068\x06>\x06D\x06N\x06T\x06Z\x06\
t\x06z\x06\x80\x06\x86\x06\x8c\x06\x96\x06\x9c\x06\xa2\x06\
\xa8\x06\xae\x06\xb4\x06\xba\x06\xc4\x06\xca\x06\xd0\x06\xea\x06\
\xf0\x06\xf6\x06\xfc\x07\x02\x07\x0c\x07\x12\x07\x18\x07\x1e\x07\
$\x07*\x070\x076\x07P\x07Z\x07d\x07n\x07\
x\x07\x82\x07\x8c\x07\x96\x07\xa0\x07\xaa\x07\xb4\x00\x02\x00\
\x13\xff\x95\x00\x19\xff\x91\x00\x02\x00\x13\xff\x95\x00\x19\xff\
\x91\x00\x01\x00P\xff\xd1\x00\x01\x00\x19\xff\xe4\x00\x01\x00\
\x19\xff\xe4\x00\x02\x00\x13\xff\xe5\x00\x19\xff\xc7\x00\x01\x00\
\x19\xff\xe4\x00\x02\x00\x14\xff\xf2\x00\x16\xff\x81\x00\x01\x00\
\x19\xff\xe4\x00\x01\x00\x19\xff\xe4\x00\x02\x00\x08\xff\xe1\x00\
!\xff\xbd\x00\x01\x00\x11\xff\xd4\x00\x01\x00\x11\xff\xd4\x00\
\x01\x00\x11\xff\xc1\x00\x02\x00\x08\xff\xbe\x00\x11\xff\x8d\x00\
\x01\x00\x11\xff\xdd\x00\x01\x00\x08\xff\xbf\x00\x01\x00!\xff\
\xcc\x00\x01\x00\x11\xff\xd4\x00\x02\x00\x08\xff\xe0\x00\x11\xff\
\x87\x00\x01\x00\x11\xff\xd4\x00\x01\x00\x11\xff\xf7\x00\x01\x00\
\x08\xff\xa8\x00\x01\x00\x11\xff\xdd\x00\x02\x00\x08\xff\xab\x00\
\x11\xff\xb9\x00\x02\x00\x08\xff\xab\x00\x11\xff\xb9\x00\x01\x00\
\x08\xff\xdc\x00\x02\x00\x08\xff\x8f\x00\x11\xffc\x00\x02\x00\
\x08\xff\xe1\x00!\xff\xbd\x00\x01\x00\x11\xff\xd4\x00\x01\x00\
\x11\xff\xd4\x00\x01\x00\x11\xff\xc1\x00\x02\x00\x08\xff\xbe\x00\
\x11\xff\x8d\x00\x01\x00\x11\xff\xdd\x00\x01\x00\x08\xff\xbf\x00\
\x01\x00!\xff\xcc\x00\x01\x00\x11\xff\xd4\x00\x02\x00\x08\xff\
\xe0\x00\x11\xff\x87\x00\x01\x00\x11\xff\xd4\x00\x01\x00\x11\xff\
\xf7\x00\x01\x00\x08\xff\xa8\x00\x01\x00\x11\xff\xdd\x00\x02\x00\
\x08\xff\xab\x00\x11\xff\xb9\x00\x02\x00\x08\xff\xab\x00\x11\xff\
\xb9\x00\x01\x00\x08\xff\xdc\x00\x02\x00\x08\xff\x8f\x00\x11\xff\
c\x00\x02\x00\x08\xff\xe1\x00!\xff\xbd\x00\x02\x00\x08\xff\
\xe1\x00!\xff\xbd\x00\x02\x00\x08\xff\xe1\x00!\xff\xbd\x00\
\x02\x00\x08\xff\xe1\x00!\xff\xbd\x00\x02\x00\x08\xff\xe1\x00\
!\xff\xbd\x00\x02\x00\x08\xff\xe1\x00!\xff\xbd\x00\x01\x00\
\x11\xff\xd4\x00\x01\x00\x11\xff\xc1\x00\x01\x00\x11\xff\xd4\x00\
\x01\x00\x11\xff\xd4\x00\x01\x00\x11\xff\xd4\x00\x01\x00\x11\xff\
\xd4\x00\x01\x00\x11\xff\xd4\x00\x01\x00\x11\xff\xd4\x00\x01\x00\
\x11\xff\xdd\x00\x01\x00\x11\xff\xdd\x00\x01\x00\x11\xff\xdd\x00\
\x01\x00\x11\xff\xdd\x00\x02\x00\x08\xff\x8f\x00\x11\xffc\x00\
\x02\x00\x08\xff\xe1\x00!\xff\xbd\x00\x02\x00\x08\xff\xe1\x00\
!\xff\xbd\x00\x02\x00\x08\xff\xe1\x00!\xff\xbd\x00\x02\x00\
\x08\xff\xe1\x00!\xff\xbd\x00\x02\x00\x08\xff\xe1\x00!\xff\
\xbd\x00\x02\x00\x08\xff\xe1\x00!\xff\xbd\x00\x01\x00\x11\xff\
\xd4\x00\x01\x00\x11\xff\xc1\x00\x01\x00\x11\xff\xd4\x00\x01\x00\
\x11\xff\xd4\x00\x01\x00\x11\xff\xd4\x00\x01\x00\x11\xff\xd4\x00\
\x01\x00\x11\xff\xd4\x00\x01\x00\x11\xff\xd4\x00\x01\x00\x11\xff\
\xdd\x00\x01\x00\x11\xff\xdd\x00\x01\x00\x11\xff\xdd\x00\x01\x00\
\x11\xff\xdd\x00\x02\x00\x08\xff\x8f\x00\x11\xffc\x00\x02\x00\
\x08\xff\x8f\x00\x11\xffc\x00\x02\x00\x08\xff\xe1\x00!\xff\
\xbd\x00\x02\x00\x08\xff\xe1\x00!\xff\xbd\x00\x02\x00\x08\xff\
\xe1\x00!\xff\xbd\x00\x02\x00\x08\xff\xe1\x00!\xff\xbd\x00\
\x02\x00\x08\xff\xe1\x00!\xff\xbd\x00\x02\x00\x08\xff\xe1\x00\
!\xff\xbd\x00\x01\x00\x11\xff\xd4\x00\x01\x00\x11\xff\xd4\x00\
\x01\x00\x11\xff\xd4\x00\x01\x00\x11\xff\xd4\x00\x01\x00\x11\xff\
\xd4\x00\x01\x00\x11\xff\xd4\x00\x01\x00\x11\xff\xc1\x00\x01\x00\
\x11\xff\xc1\x00\x01\x00\x11\xff\xc1\x00\x01\x00\x11\xff\xc1\x00\
\x01\x00\x08\xff\xbf\x00\x01\x00\x08\xff\xbf\x00\x01\x00!\xff\
\xcc\x00\x01\x00!\xff\xcc\x00\x01\x00!\xff\xcc\x00\x01\x00\
!\xff\xcc\x00\x01\x00!\xff\xcc\x00\x01\x00!\xff\xcc\x00\
\x01\x00!\xff\xcc\x00\x01\x00!\xff\xcc\x00\x01\x00\x11\xff\
\xd4\x00\x01\x00\x11\xff\xd4\x00\x01\x00\x11\xff\xd4\x00\x01\x00\
\x11\xff\xd4\x00\x01\x00\x11\xff\xd4\x00\x01\x00\x11\xff\xd4\x00\
\x01\x00\x11\xff\xf7\x00\x01\x00\x11\xff\xf7\x00\x01\x00\x11\xff\
\xf7\x00\x01\x00\x11\xff\xf7\x00\x01\x00\x11\xff\xf7\x00\x01\x00\
\x11\xff\xf7\x00\x01\x00\x08\xff\xa8\x00\x01\x00\x08\xff\xa8\x00\
\x01\x00\x08\xff\xa8\x00\x01\x00\x08\xff\xa8\x00\x01\x00\x11\xff\
\xdd\x00\x01\x00\x11\xff\xdd\x00\x01\x00\x11\xff\xdd\x00\x01\x00\
\x11\xff\xdd\x00\x01\x00\x11\xff\xdd\x00\x01\x00\x11\xff\xdd\x00\
\x01\x00\x11\xff\xdd\x00\x01\x00\x11\xff\xdd\x00\x01\x00\x11\xff\
\xdd\x00\x01\x00\x11\xff\xdd\x00\x01\x00\x11\xff\xdd\x00\x01\x00\
\x11\xff\xdd\x00\x02\x00\x08\xff\xab\x00\x11\xff\xb9\x00\x02\x00\
\x08\xff\xab\x00\x11\xff\xb9\x00\x02\x00\x08\xff\x8f\x00\x11\xff\
c\x00\x02\x00\x08\xff\x8f\x00\x11\xffc\x00\x02\x00\x08\xff\
\x8f\x00\x11\xffc\x00\x01\x00\x11\xff\xf7\x00\x01\x00\x11\xff\
\xf7\x00\x01\x00\x08\xff\xa8\x00\x01\x00\x08\xff\xa8\x00\x02\x00\
\x11\xff\xed\x00!\xff\xf3\x00\x01\x00\x08\xff\xa8\x00\x01\x00\
\x11\xff\xd4\x00\x01\x00\x11\xff\xf7\x00\x01\x00\x11\xff\xdd\x00\
\x01\x00\x11\xff\xdf\x00\x01\x00\x11\xff\xdf\x00\x01\x00\x08\xff\
\xbf\x00\x06\x00\x08\xff\xdc\x00P\xff\x9c\x01~\xff\x9c\x01\
\x7f\xff\x9c\x01\x81\xff\x9c\x01\x8a\xff\x9c\x00\x02\x00\x08\xff\
\xe1\x00!\xff\xbd\x00\x01\x00\x11\xff\xdf\x00\x01\x00\x11\xff\
\xd4\x00\x01\x00\x08\xff\xa8\x00\x01\x00\x08\xff\xdc\x00\x01\x00\
\x08\xff\xbf\x00\x01\x00\x11\xff\xd4\x00\x02\x00\x08\xff\xe0\x00\
\x11\xff\x87\x00\x01\x00\x11\xff\xd4\x00\x01\x00\x08\xff\xa8\x00\
\x06\x00\x08\xff\xdc\x00P\xff\x9c\x01~\xff\x9c\x01\x7f\xff\
\x9c\x01\x81\xff\x9c\x01\x8a\xff\x9c\x00\x01\x00\x11\xff\xd4\x00\
\x01\x00\x11\xff\xdf\x00\x01\x00\x11\xff\xd4\x00\x01\x00\x11\xff\
\xc1\x00\x02\x00\x08\xff\xe1\x00!\xff\xbd\x00\x01\x00\x11\xff\
\xdf\x00\x01\x00\x11\xff\xd4\x00\x01\x00\x08\xff\xa8\x00\x01\x00\
\x08\xff\xdc\x00\x01\x00\x08\xff\xbf\x00\x01\x00\x11\xff\xd4\x00\
\x02\x00\x08\xff\xe0\x00\x11\xff\x87\x00\x01\x00\x11\xff\xd4\x00\
\x01\x00\x08\xff\xa8\x00\x06\x00\x08\xff\xdc\x00P\xff\x9c\x01\
~\xff\x9c\x01\x7f\xff\x9c\x01\x81\xff\x9c\x01\x8a\xff\x9c\x00\
\x01\x00\x11\xff\xd4\x00\x01\x00\x11\xff\xdf\x00\x01\x00\x11\xff\
\xd4\x00\x01\x00\x11\xff\xc1\x00\x02\x00\x11\xff\xed\x00!\xff\
\xf3\x00\x01\x00\x08\xff\xa8\x00\x01\x00\x11\xff\xd4\x00\x01\x00\
\x11\xff\xf7\x00\x01\x00\x11\xff\xdd\x00\x01\x00\x11\xff\xdf\x00\
\x01\x00\x11\xff\xdf\x00\x01\x00\x08\xff\xbf\x00\x06\x00\x08\xff\
\xdc\x00P\xff\x9c\x01~\xff\x9c\x01\x7f\xff\x9c\x01\x81\xff\
\x9c\x01\x8a\xff\x9c\x00\x02\x00\x08\xff\xab\x00\x11\xff\xb9\x00\
\x02\x00\x08\xff\xab\x00\x11\xff\xb9\x00\x02\x00\x08\xff\xab\x00\
\x11\xff\xb9\x00\x02\x00\x08\xff\xab\x00\x11\xff\xb9\x00\x02\x00\
\x08\xff\xab\x00\x11\xff\xb9\x00\x02\x00\x08\xff\xab\x00\x11\xff\
\xb9\x00\x02\x00\x08\xff\x8f\x00\x11\xffc\x00\x02\x00\x08\xff\
\x8f\x00\x11\xffc\x00\x02\x00\x13\xff\x95\x00\x19\xff\x91\x00\
\x02\x00\x13\xff\x95\x00\x19\xff\x91\x00\x02\x00\x13\xff\x95\x00\
\x19\xff\x91\x00\x01\x0a\xcc\x00\x04\x00\x00\x00\x04\x00\x12\x00\
\xac\x00\xc2\x02D\x00&\x006\xff\x98\x008\xff\xaf\x00\
9\xff\xaf\x00;\xff\x8f\x00V\xff\x98\x00X\xff\xaf\x00\
Y\xff\xaf\x00[\xff\x8f\x00\x9d\xff\x8f\x00\xbd\xff\x8f\x00\
\xbf\xff\x8f\x01\x14\xff\x98\x01\x15\xff\x98\x01\x16\xff\x98\x01\
\x17\xff\x98\x01&\xff\xaf\x01'\xff\xaf\x01(\xff\x8f\x01\
)\xff\x8f\x01*\xff\x8f\x014\xff\x98\x015\xff\x98\x01\
D\xff\x98\x01M\xff\x98\x01d\xff\x98\x01l\xff\x98\x01\
\x84\xff\x98\x01\x8c\xff\x98\x01\x94\xff\x98\x01\x9d\xff\x98\x01\
\xa2\xff\xaf\x01\xa3\xff\xaf\x01\xa4\xff\xaf\x01\xa5\xff\xaf\x01\
\xa6\xff\xaf\x01\xa7\xff\xaf\x01\xa8\xff\x8f\x01\xa9\xff\x8f\x00\
\x05\x00\x0e\xff\xd2\x00\x10\xff\xd2\x01\xae\xff\xd2\x01\xb1\xff\
\xd2\x01\xb5\xff\xd2\x00`\x00#\xffG\x00%\xff\xd4\x00\
)\xff\xd4\x00,\xff\x7f\x001\xff\xd4\x003\xff\xd4\x00\
5\xff\xe3\x00C\xffG\x00E\xff\xd4\x00I\xff\xd4\x00\
L\xff\x7f\x00Q\xff\xd4\x00S\xff\xd4\x00U\xff\xe3\x00\
\x80\xffG\x00\x81\xffG\x00\x82\xffG\x00\x83\xffG\x00\
\x84\xffG\x00\x85\xffG\x00\x86\xffG\x00\x87\xff\xd4\x00\
\x92\xff\xd4\x00\x93\xff\xd4\x00\x94\xff\xd4\x00\x95\xff\xd4\x00\
\x96\xff\xd4\x00\x98\xff\xd4\x00\xa0\xffG\x00\xa1\xffG\x00\
\xa2\xffG\x00\xa3\xffG\x00\xa4\xffG\x00\xa5\xffG\x00\
\xa6\xffG\x00\xa7\xff\xd4\x00\xb2\xff\xd4\x00\xb3\xff\xd4\x00\
\xb4\xff\xd4\x00\xb5\xff\xd4\x00\xb6\xff\xd4\x00\xb8\xff\xd4\x00\
\xc0\xffG\x00\xc1\xffG\x00\xc2\xffG\x00\xc3\xffG\x00\
\xc4\xffG\x00\xc5\xffG\x00\xc6\xff\xd4\x00\xc7\xff\xd4\x00\
\xc8\xff\xd4\x00\xc9\xff\xd4\x00\xca\xff\xd4\x00\xcb\xff\xd4\x00\
\xda\xff\xd4\x00\xdb\xff\xd4\x00\xdc\xff\xd4\x00\xdd\xff\xd4\x00\
\xde\xff\xd4\x00\xdf\xff\xd4\x01\x00\xff\xd4\x01\x01\xff\xd4\x01\
\x02\xff\xd4\x01\x03\xff\xd4\x01\x04\xff\xd4\x01\x05\xff\xd4\x01\
\x06\xff\xd4\x01\x07\xff\xd4\x01\x0e\xff\xe3\x01\x0f\xff\xe3\x01\
\x10\xff\xe3\x01\x11\xff\xe3\x01\x12\xff\xe3\x01\x13\xff\xe3\x01\
2\xff\xe3\x013\xff\xe3\x01F\xff\xd4\x01G\xff\xe3\x01\
J\xff\x7f\x01K\xff\x7f\x01R\xffG\x01]\xff\x7f\x01\
`\xff\xd4\x01c\xff\xd4\x01f\xff\xd4\x01o\xff\xd4\x01\
r\xffG\x01}\xff\x7f\x01\x80\xff\xd4\x01\x83\xff\xd4\x01\
\x86\xff\xd4\x01\x8f\xff\xd4\x01\x96\xff\xd4\x01\x97\xff\xe3\x01\
\x9a\xff\x7f\x01\x9b\xff\x7f\x00\x0a\x00\x0e\xffg\x00\x10\xff\
g\x00\x12\xff\xd1\x00\x15\xff\xd1\x00\x18\xff\xd1\x00\x1a\xff\
\xd1\x00\x1b\xff\xd1\x01\xae\xffg\x01\xb1\xffg\x01\xb5\xff\
g\x00\x02\x08j\x00\x04\x00\x00\x09\xd6\x0d@\x00 \x00\
\x1c\x00\x00\xff\xc1\xff\xc1\xff\xc1\xff\x7f\xff\x84\xff\xea\xff\
d\xff\xd0\x00\x12\xff\xc7\xff\x88\xff\x84\xff\x84\xff\x84\x00\
\x12\x00\x12\xff\xe9\xff\xaf\x00\x00\x00\x00\x00\x00\x00\x00\x00\
\x00\x00\x00\x00\x00\x00\x00\x00\x00\x00\x00\x00\x00\x00\x00\x00\
\x00\xff\xdd\xff\xf2\x00\x00\xff\xc6\x00\x00\xff\xe3\x00\x00\x00\
\x00\xff\xf2\xff\xf2\xff\xf2\xff\xe3\xff\xe3\x00\x00\xff\xfc\xff\
\xe5\xff\xd9\xff\xe4\xff\xe5\xff\xe5\xff\xd9\xff\xfa\x00\x00\x00\
\x00\x00\x00\x00\x00\x00\x00\x00\x00\xff\xd6\xff\xe2\x00\x00\xff\
\xab\x00\x00\xff\xdb\x00\x00\x00\x00\xff\xe2\xff\xe2\xff\xdf\xff\
\xdb\xff\xd7\x00\x00\x00\x00\xff\xc1\xff\xca\xff\xe1\xff\xe5\xff\
\xc1\xff\xca\xff\xc5\x00\x00\x00\x00\x00\x00\xff\xf2\xff\xf2\xff\
\xf2\x00\x00\x00\x00\x00\x00\x00\x00\x00\x00\xffd\x00\x00\x00\
\x00\x00\x00\x00\x00\x00\x00\xffd\xffd\x00\x00\x00\x00\xff\
\x8c\x00\x00\x00\x00\xff\x84\xff\x8c\x00\x00\x00\x00\x00\x00\x00\
\x00\x00\x00\x00\x00\x00\x00\x00\x00\xff\xc5\x00\x00\x00\x00\xff\
\x9f\x00\x00\x00\x00\x00\x00\x00\x00\x00\x00\x00\x00\x00\x00\x00\
\x00\x00\x00\x00\x00\x00\x00\x00\x00\x00\x00\x00\x00\x00\x00\x00\
\x00\x00\x00\x00\x00\x00\x00\x00\x00\x00\x00\x00\x00\x00\x00\x00\
\x00\x00\x00\x00\x00\x00\x00\x00\x00\x00\x00\x00\x00\x00\x00\x00\
\x00\x00\x00\x00\x00\x00\x00\x00\x00\x00\x00\x00\x00\x00\x00\xff\
\xdc\x00\x00\x00\x00\xff\xea\xff\xdc\x00\x00\x00\x00\x00\x00\x00\
\x00\x00\x00\xff\xc2\xff\xc2\xff\xc2\x00\x00\x00\x00\xff\xd7\x00\
\x19\x00\x00\x00\x00\xff\xa3\x00\x00\x00\x00\x00\x00\x00\x00\x00\
\x00\x00\x00\xff\xdb\x00\x00\x00\x00\x00\x00\x00\x00\x00\x00\x00\
\x00\x00\x00\x00\x00\x00\x00\x00\x00\x00\x00\xff\xd9\xff\xd9\xff\
\xd9\xff\x84\xffh\x00\x00\xff_\x00\x00\x00\x00\xff\xcd\xff\
x\xffh\xffh\xffh\x00\x00\x00\x00\x00\x00\x00\x00\x00\
\x00\x00\x00\x00\x00\x00\x00\x00\x00\x00\x00\x00\x00\x00\x00\x00\
\x00\x00\x00\x00\x00\x00\x00\x00\x00\xff\xdc\xff\xdc\x00\x00\xff\
\xb2\x00\x00\xff\xdb\x00\x00\x00\x00\xff\xdc\xff\xdc\xff\xda\xff\
\xdb\xff\xdb\x00\x00\x00\x00\xff\xc1\xff\xca\xff\xe4\xff\xe5\xff\
\xc1\xff\xca\xff\xcf\x00\x00\x00\x00\x00\x00\x00\x00\x00\x00\x00\
\x00\xff\xed\x00\x00\x00\x00\x00\x00\x00\x00\xffk\x00\x00\x00\
\x00\x00\x00\x00\x00\x00\x00\xffk\xffk\x00\x00\x00\x00\xff\
\x86\xff\xea\x00\x00\xffk\xff\x86\x00\x00\xff\x8f\x00\x00\x00\
\x00\x00\x00\xff\xf5\xff\xf5\xff\xf5\xff\xe6\xff\xe1\x00\x00\xff\
\xd0\x00\x00\x00\x00\x00\x00\xff\xef\xff\xe1\xff\xe1\xff\xe1\x00\
\x00\x00\x00\x00\x00\x00\x00\x00\x00\x00\x00\x00\x00\x00\x00\x00\
\x00\x00\x00\x00\x00\x00\x00\x00\x00\x00\x00\x00\x00\x00\x00\x00\
\x00\xff\xec\x00\x00\x00\x00\x00\x00\x00\x00\x00\x00\x00\x00\x00\
\x00\x00\x00\x00\x00\x00\x00\x00\x00\x00\x00\x00\x00\x00\x00\xff\
\xf4\xff\xf5\x00\x00\x00\x00\xff\xf4\xff\xf5\x00\x00\x00\x00\x00\
\x00\x00\x00\xff\xdd\xff\xe7\xff\xdd\x00\x00\x00\x16\x00\x00\x00\
\x00\x00\x00\xff\x9a\xff\x8f\x00\x00\x00\x16\x00\x16\x00\x16\xff\
\x9a\xff\x9a\x00\x00\x00\x00\xff\x83\x00\x00\x00\x00\xff\xa3\xff\
\x83\x00\x00\xff\x9f\x00\x00\x00\x00\x00\x00\x00\x00\x00\x00\x00\
\x00\x00\x00\x00\x00\x00\x00\x00\x00\x00\x00\x00\x00\x00\x00\x00\
\x00\x00\x00\x00\x00\x00\x00\x00\x00\x00\x00\x00\x00\x00\x00\xff\
\xd0\x00\x00\x00\x00\xff\xea\xff\xd0\x00\x00\x00\x00\x00\x00\x00\
\x00\x00\x00\xff\xdc\xff\xdc\xff\xdc\x00\x00\x00\x00\xff\xdf\x00\
\x17\x00\x00\xff\x88\xff\xd3\x00\x00\x00\x00\x00\x00\x00\x00\xff\
\x88\xff\x88\x00\x00\x00\x00\xff\x7f\x00\x00\x00\x00\xff\xb8\xff\
\x7f\x00\x00\x00\x00\x00\x00\x00\x00\x00\x00\xff\xca\xff\xca\xff\
\xca\x00\x00\x00\x00\xff\xe2\x00\x00\xff\xf3\x00\x00\xff\xb3\x00\
\x00\x00\x00\x00\x00\x00\x00\x00\x00\x00\x00\xff\xe2\x00\x00\x00\
\x00\x00\x00\x00\x00\x00\x00\x00\x00\x00\x00\x00\x00\x00\x00\x00\
\x00\x00\x00\xff\xb2\xff\xb2\xff\xb2\x00\x17\x00\x00\xff\xcd\x00\
\x17\x00\x00\xffS\xffR\x00\x00\x00\x00\x00\x00\x00\x00\xff\
S\xffS\x00\x00\x00\x00\xffd\x00\x00\x00\x00\xff\x94\xff\
d\x00\x00\x00\x00\x00\x00\x00\x00\x00\x00\xff\xdf\xff\xdf\xff\
\xdf\x00\x00\x00\x00\x00\x00\x00\x00\x00\x00\x00\x00\xff\xc5\x00\
\x00\x00\x00\x00\x00\x00\x00\x00\x00\x00\x00\x00\x00\x00\x00\x00\
\x00\x00\x00\x00\x00\x00\x00\x00\x00\x00\x00\x00\x00\x00\x00\x00\
\x00\x00\x00\xff\xd2\x00\x00\x00\x00\x00\x00\xff\xb2\x00\x00\x00\
\x00\x00\x00\x00\x00\xff\xb7\x00\x00\x00\x00\x00\x00\xff\xae\x00\
\x00\x00\x00\x00\x00\xff\xc2\x00\x00\x00\x00\x00\x00\x00\x14\x00\
\x00\x00\x00\x00\x00\x00\x00\x00\x00\x00\x00\xff\xac\x00\x00\x00\
\x00\x00\x00\x00\x00\xff\xba\x00\x00\xff\xf3\x00\x00\xffw\x00\
\x00\x00\x00\x00\x00\x00\x00\x00\x00\x00\x00\x00\x00\x00\x00\x00\
\x00\x00\x00\x00\x00\x00\x00\x00\x00\x00\x00\x00\x00\x00\x00\x00\
\x00\x00\x00\x00\x00\x00\x00\x00\x00\xff\xd2\xff\xb4\x00\x00\xff\
}\x00\x00\x00\x00\x00\x00\xff\xea\xff\xb4\xff\xb4\xff\xb4\x00\
\x00\x00\x00\x00\x00\x00\x00\xff\xdf\xff\xe3\xff\xee\x00\x00\x00\
\x00\xff\xe3\x00\x00\x00\x00\x00\x00\x00\x00\x00\x00\x00\x00\x00\
\x00\xff\xed\xff|\x00\x00\x00\x00\x00\x00\xff\xe3\x00\x00\xff\
\xba\xff|\xff|\xff|\xff\xe3\xff\xe3\x00\x00\xff\xcf\xff\
\xed\xff\xc4\x00\x00\x00\x00\x00\x00\xff\xc4\xff\xce\x00\x00\x00\
\x00\x00\x00\x00\x00\x00\x00\x00\x00\xff\xed\xff|\x00\x00\x00\
\x00\x00\x00\xff\xe3\x00\x00\x00\x00\xff|\xff|\xff|\xff\
\xe3\xff\xe3\x00\x00\xff\xcf\xff\xed\xff\xc4\x00\x00\x00\x00\x00\
\x00\xff\xc4\xff\xce\x00\x00\x00\x00\x00\x00\x00\x00\x00\x00\x00\
\x00\xff\xb9\xff\xcb\x00\x00\x00\x00\x00\x00\x00\x00\x00\x00\xff\
\xe0\xff\xcb\xff\xcb\xff\xcb\x00\x00\x00\x00\x00\x00\x00\x00\x00\
\x00\x00\x00\x00\x00\x00\x00\x00\x00\x00\x00\x00\x00\x00\x00\x00\
\x00\x00\x00\xff\xdd\xff\xe7\x00\x00\x00\x00\x00\x00\x00\x00\x00\
\x00\x00\x00\xff\x9a\xff\xcb\x00\x00\x00\x00\x00\x00\x00\x18\xff\
\x9a\xff\x97\x00\x00\x00\x00\xff{\x00\x00\x00\x00\xff\xc1\x00\
\x00\x00\x00\xff\x8b\x00\x00\x00\x00\x00\x00\xff\xdb\x00\x00\x00\
\x00\x00\x00\xff\xcb\x00\x00\x00\x00\x00\x00\x00\x00\xff\xaa\xff\
\xb9\x00\x00\x00\x00\xff\xc2\x00\x00\x00\x00\xff\xf4\xff\xb6\x00\
\x00\x00\x00\x00\x00\x00\x14\x00\x00\x00\x00\x00\x00\x00\x00\x00\
\x00\x00\x00\x00\x00\x00\x00\x00\x00\x00\x00\x00\x00\x00\x00\x00\
\x00\x00\x00\x00\x00\x00\x00\x00\x00\x00\x00\x00\x00\x00\x00\x00\
\x00\x00\x00\x00\x00\x00\x00\xff\xe1\xff\xea\x00\x00\x00\x00\x00\
\x00\x00\x00\x00\x00\x00\x00\x00\x00\x00\x00\x00\x00\x00\x00\x00\
\x00\x00\x00\xff\x8e\x00\x00\x00\x00\x00\x00\x00\x00\x00(\xff\
\xa6\x00\x00\x00\x00\xffi\x00\x00\x00\x00\x00\x00\xff\xe2\x00\
\x00\xff\xd7\x00\x00\x00\x00\x00\x00\x00\x00\xff\xe1\x00\x00\x00\
\x00\x00\x00\x00\x00\x00\x00\x00\x00\x00\x00\x00\x00\x00\x00\x00\
\x00\x00\x00\x00\x00\x00\x00\x00\x00\x00\x00\x00\x00\x00\x00\x00\
\x00\x00\x00\x00\x00\x00\x00\x00\x00\x00\x00\x00\x00\xff\xf5\x00\
\x00\x00\x00\x00\x00\x00\x00\x00\x00\x00\x00\x00\x00\x00\x00\x00\
\x00\xff\xd3\xff\x8f\x00\x00\xffR\x00\x00\xff\xdf\x00\x00\x00\
\x00\xff\x8f\xff\x8f\xffY\xff\xdf\xff\x8f\x00\x00\xff\xe2\xff\
\xc7\xff\xb3\xff\xe5\x00\x00\xff\xc7\xff\xb3\xffq\xff\xe5\x00\
\x00\x00\x00\xff\xe5\xff\xe5\xff\xe5\xff\xb8\xff\xa3\x00\x00\xff\
\x94\xff\xea\x00\x00\x00\x00\xff\x9e\xff\xa3\xff\xa3\xffA\x00\
\x00\x00\x00\x00\x00\xff\xce\x00\x00\x00\x00\x00\x00\x00\x00\x00\
\x00\x00\x00\x00\x14\x00\x00\xff\xf5\x00\x00\x00\x00\x00\x00\x00\
\x00\x00\x00\x00\x00\x00\x00\x00\x00\x00\x00\xffs\x00\x00\x00\
I\x00\x00\x00\x00\x00\x00\xffs\xff\xaf\x00\x00\x00\x00\xff\
\x88\x00\x00\x00\x00\x00\x00\xff\x88\x00\x00\xffj\x00\x00\x00\
\x00\x00\x02\x007\x00\x0e\x00\x0e\x00\x00\x00\x10\x00\x12\x00\
\x01\x00\x15\x00\x16\x00\x04\x00\x18\x00\x1b\x00\x06\x00#\x00\
&\x00\x0a\x00(\x00(\x00\x0e\x00,\x00.\x00\x0f\x00\
1\x003\x00\x12\x005\x00;\x00\x15\x00C\x00F\x00\
\x1c\x00H\x00H\x00 \x00L\x00N\x00!\x00Q\x00\
S\x00$\x00U\x00[\x00'\x00\x80\x00\x85\x00.\x00\
\x87\x00\x87\x004\x00\x90\x00\x90\x005\x00\x92\x00\x96\x00\
6\x00\x98\x00\x9d\x00;\x00\xa0\x00\xa5\x00A\x00\xa7\x00\
\xa7\x00G\x00\xb0\x00\xb0\x00H\x00\xb2\x00\xb6\x00I\x00\
\xb8\x00\xbd\x00N\x00\xbf\x00\xcf\x00T\x00\xec\x00\xf1\x00\
e\x00\xf4\x00\xf7\x00k\x01\x00\x01\x05\x00o\x01\x0e\x01\
\x17\x00u\x01\x1a\x01*\x00\x7f\x012\x015\x00\x90\x01\
D\x01G\x00\x94\x01J\x01L\x00\x98\x01N\x01N\x00\
\x9b\x01P\x01P\x00\x9c\x01R\x01U\x00\x9d\x01X\x01\
X\x00\xa1\x01\x5c\x01\x5c\x00\xa2\x01`\x01`\x00\xa3\x01\
b\x01f\x00\xa4\x01n\x01p\x00\xa9\x01r\x01u\x00\
\xac\x01x\x01x\x00\xb0\x01|\x01|\x00\xb1\x01\x80\x01\
\x80\x00\xb2\x01\x82\x01\x86\x00\xb3\x01\x8e\x01\x90\x00\xb8\x01\
\x94\x01\x97\x00\xbb\x01\x9a\x01\x9c\x00\xbf\x01\x9e\x01\x9e\x00\
\xc2\x01\xa0\x01\xa0\x00\xc3\x01\xa2\x01\xa9\x00\xc4\x01\xae\x01\
\xae\x00\xcc\x01\xb1\x01\xb1\x00\xcd\x01\xb5\x01\xb5\x00\xce\x00\
\x01\x00\x04\x00\x08\x00\x0b\x00\x11\x00\x19\x00\x02\x00<\x00\
\x04\x00\x04\x00\x00\x00\x09\x00\x09\x00\x01\x00\x0e\x00\x10\x00\
\x02\x00\x12\x00\x12\x00\x05\x00\x15\x00\x15\x00\x06\x00\x18\x00\
\x18\x00\x07\x00\x1a\x00\x1b\x00\x08\x00#\x00&\x00\x0a\x00\
(\x00)\x00\x0e\x00,\x00.\x00\x10\x001\x00<\x00\
\x13\x00C\x00F\x00\x1f\x00H\x00I\x00#\x00L\x00\
N\x00%\x00Q\x00\x5c\x00(\x00l\x00l\x004\x00\
{\x00{\x005\x00\x80\x00\x85\x006\x00\x87\x00\x87\x00\
<\x00\x90\x00\x90\x00=\x00\x92\x00\x96\x00>\x00\x98\x00\
\x9d\x00C\x00\xa0\x00\xa5\x00I\x00\xa7\x00\xa7\x00O\x00\
\xb0\x00\xb0\x00P\x00\xb2\x00\xb6\x00Q\x00\xb8\x00\xbd\x00\
V\x00\xbf\x00\xcf\x00\x5c\x00\xda\x00\xdf\x00m\x00\xec\x00\
\xf1\x00s\x00\xf4\x00\xf7\x00y\x01\x00\x01\x05\x00}\x01\
\x08\x01\x17\x00\x83\x01\x1a\x010\x00\x93\x012\x015\x00\
\xaa\x01D\x01G\x00\xae\x01J\x01N\x00\xb2\x01P\x01\
P\x00\xb7\x01R\x01V\x00\xb8\x01X\x01Y\x00\xbd\x01\
\x5c\x01\x5c\x00\xbf\x01`\x01`\x00\xc0\x01b\x01f\x00\
\xc1\x01h\x01h\x00\xc6\x01k\x01l\x00\xc7\x01n\x01\
p\x00\xc9\x01r\x01v\x00\xcc\x01x\x01y\x00\xd1\x01\
|\x01|\x00\xd3\x01\x80\x01\x80\x00\xd4\x01\x82\x01\x86\x00\
\xd5\x01\x88\x01\x88\x00\xda\x01\x8b\x01\x8c\x00\xdb\x01\x8e\x01\
\x90\x00\xdd\x01\x94\x01\x97\x00\xe0\x01\x9a\x01\x9e\x00\xe4\x01\
\xa0\x01\xa0\x00\xe9\x01\xa2\x01\xb1\x00\xea\x01\xb5\x01\xb5\x00\
\xfa\x01\xb7\x01\xb8\x00\xfb\x00\x02\x00\x91\x00\x04\x00\x04\x00\
\x1f\x00\x09\x00\x09\x00\x1f\x00\x0e\x00\x0e\x00\x1e\x00\x0f\x00\
\x0f\x00\x1d\x00\x10\x00\x10\x00\x1e\x00\x12\x00\x12\x00\x1c\x00\
\x15\x00\x15\x00\x1c\x00\x18\x00\x18\x00\x1c\x00\x1a\x00\x1b\x00\
\x1c\x00$\x00$\x00\x01\x00%\x00%\x00\x08\x00&\x00\
&\x00\x02\x00(\x00(\x00\x03\x00)\x00)\x00\x04\x00\
,\x00,\x00\x05\x00-\x00-\x00\x06\x00.\x00.\x00\
\x07\x001\x001\x00\x08\x002\x002\x00\x09\x003\x00\
3\x00\x08\x004\x004\x00\x0a\x005\x005\x00\x0b\x00\
6\x006\x00\x0c\x007\x007\x00\x0d\x008\x009\x00\
\x0e\x00:\x00:\x00\x0f\x00;\x00;\x00\x10\x00<\x00\
<\x00\x11\x00D\x00D\x00\x01\x00E\x00E\x00\x08\x00\
F\x00F\x00\x02\x00H\x00H\x00\x03\x00I\x00I\x00\
\x04\x00L\x00L\x00\x05\x00M\x00M\x00\x06\x00N\x00\
N\x00\x07\x00Q\x00Q\x00\x08\x00R\x00R\x00\x09\x00\
S\x00S\x00\x08\x00T\x00T\x00\x0a\x00U\x00U\x00\
\x0b\x00V\x00V\x00\x0c\x00W\x00W\x00\x0d\x00X\x00\
Y\x00\x0e\x00Z\x00Z\x00\x0f\x00[\x00[\x00\x10\x00\
\x5c\x00\x5c\x00\x11\x00l\x00l\x00\x1d\x00{\x00{\x00\
\x1d\x00\x87\x00\x87\x00\x08\x00\x90\x00\x90\x00\x02\x00\x92\x00\
\x96\x00\x08\x00\x98\x00\x98\x00\x08\x00\x99\x00\x9c\x00\x0d\x00\
\x9d\x00\x9d\x00\x10\x00\xa7\x00\xa7\x00\x08\x00\xb0\x00\xb0\x00\
\x02\x00\xb2\x00\xb6\x00\x08\x00\xb8\x00\xb8\x00\x08\x00\xb9\x00\
\xbc\x00\x0d\x00\xbd\x00\xbd\x00\x10\x00\xbf\x00\xbf\x00\x10\x00\
\xc6\x00\xcb\x00\x08\x00\xcc\x00\xcf\x00\x02\x00\xda\x00\xdf\x00\
\x04\x00\xec\x00\xed\x00\x06\x00\xee\x00\xf1\x00\x07\x00\xf4\x00\
\xf7\x00\x07\x01\x00\x01\x05\x00\x08\x01\x08\x01\x0d\x00\x0a\x01\
\x0e\x01\x13\x00\x0b\x01\x14\x01\x17\x00\x0c\x01\x1a\x01%\x00\
\x0d\x01&\x01'\x00\x0e\x01(\x01*\x00\x10\x01+\x01\
0\x00\x11\x012\x013\x00\x0b\x014\x015\x00\x0c\x01\
D\x01D\x00\x14\x01E\x01E\x00\x18\x01F\x01F\x00\
\x08\x01G\x01G\x00\x0b\x01J\x01J\x00\x05\x01K\x01\
K\x00\x16\x01L\x01L\x00\x15\x01M\x01M\x00\x17\x01\
N\x01N\x00\x06\x01P\x01P\x00\x13\x01S\x01S\x00\
\x15\x01T\x01T\x00\x01\x01U\x01U\x00\x18\x01V\x01\
V\x00\x19\x01X\x01X\x00\x0f\x01Y\x01Y\x00\x1a\x01\
\x5c\x01\x5c\x00\x06\x01`\x01`\x00\x08\x01b\x01b\x00\
\x09\x01c\x01c\x00\x08\x01d\x01d\x00\x0c\x01e\x01\
e\x00\x13\x01f\x01f\x00\x08\x01h\x01h\x00\x12\x01\
k\x01k\x00\x12\x01l\x01l\x00\x1b\x01n\x01n\x00\
\x15\x01o\x01o\x00\x08\x01p\x01p\x00\x02\x01s\x01\
s\x00\x15\x01t\x01t\x00\x01\x01u\x01u\x00\x18\x01\
v\x01v\x00\x19\x01x\x01x\x00\x0f\x01y\x01y\x00\
\x1a\x01|\x01|\x00\x06\x01\x80\x01\x80\x00\x08\x01\x82\x01\
\x82\x00\x09\x01\x83\x01\x83\x00\x08\x01\x84\x01\x84\x00\x0c\x01\
\x85\x01\x85\x00\x13\x01\x86\x01\x86\x00\x08\x01\x88\x01\x88\x00\
\x12\x01\x8b\x01\x8b\x00\x12\x01\x8c\x01\x8c\x00\x1b\x01\x8e\x01\
\x8e\x00\x15\x01\x8f\x01\x8f\x00\x08\x01\x90\x01\x90\x00\x02\x01\
\x94\x01\x94\x00\x14\x01\x95\x01\x95\x00\x18\x01\x96\x01\x96\x00\
\x08\x01\x97\x01\x97\x00\x0b\x01\x9a\x01\x9a\x00\x05\x01\x9b\x01\
\x9b\x00\x16\x01\x9c\x01\x9c\x00\x15\x01\x9d\x01\x9d\x00\x17\x01\
\x9e\x01\x9e\x00\x06\x01\xa0\x01\xa0\x00\x13\x01\xa2\x01\xa7\x00\
\x0e\x01\xa8\x01\xa9\x00\x10\x01\xaa\x01\xab\x00\x1d\x01\xac\x01\
\xad\x00\x1f\x01\xae\x01\xae\x00\x1e\x01\xaf\x01\xb0\x00\x1f\x01\
\xb1\x01\xb1\x00\x1e\x01\xb5\x01\xb5\x00\x1e\x01\xb7\x01\xb8\x00\
\x1d\x00\x02\x00t\x00\x04\x00\x04\x00\x0b\x00\x09\x00\x09\x00\
\x0b\x00\x0e\x00\x0e\x00\x16\x00\x0f\x00\x0f\x00\x0a\x00\x10\x00\
\x10\x00\x16\x00\x12\x00\x12\x00\x1b\x00\x15\x00\x15\x00\x1b\x00\
\x18\x00\x18\x00\x1b\x00\x1a\x00\x1b\x00\x1b\x00#\x00#\x00\
\x13\x00%\x00%\x00\x01\x00)\x00)\x00\x02\x00,\x00\
,\x00\x09\x001\x001\x00\x01\x003\x003\x00\x01\x00\
5\x005\x00\x06\x006\x006\x00\x05\x007\x007\x00\
\x08\x008\x009\x00\x04\x00:\x00:\x00\x14\x00;\x00\
;\x00\x07\x00<\x00<\x00\x15\x00C\x00C\x00\x13\x00\
E\x00E\x00\x01\x00I\x00I\x00\x02\x00L\x00L\x00\
\x09\x00Q\x00Q\x00\x01\x00S\x00S\x00\x01\x00U\x00\
U\x00\x06\x00V\x00V\x00\x05\x00W\x00W\x00\x08\x00\
X\x00Y\x00\x04\x00Z\x00Z\x00\x14\x00[\x00[\x00\
\x07\x00\x5c\x00\x5c\x00\x15\x00l\x00l\x00\x0a\x00{\x00\
{\x00\x0a\x00\x80\x00\x85\x00\x13\x00\x86\x00\x86\x00\x17\x00\
\x87\x00\x87\x00\x01\x00\x92\x00\x96\x00\x01\x00\x98\x00\x98\x00\
\x01\x00\x99\x00\x9c\x00\x08\x00\x9d\x00\x9d\x00\x07\x00\xa0\x00\
\xa5\x00\x13\x00\xa6\x00\xa6\x00\x17\x00\xa7\x00\xa7\x00\x01\x00\
\xb2\x00\xb6\x00\x01\x00\xb8\x00\xb8\x00\x01\x00\xb9\x00\xbc\x00\
\x08\x00\xbd\x00\xbd\x00\x07\x00\xbf\x00\xbf\x00\x07\x00\xc0\x00\
\xc5\x00\x13\x00\xc6\x00\xcb\x00\x01\x00\xda\x00\xdf\x00\x02\x01\
\x00\x01\x05\x00\x01\x01\x06\x01\x07\x00\x03\x01\x0e\x01\x13\x00\
\x06\x01\x14\x01\x17\x00\x05\x01\x1a\x01%\x00\x08\x01&\x01\
'\x00\x04\x01(\x01*\x00\x07\x01+\x010\x00\x15\x01\
2\x013\x00\x06\x014\x015\x00\x05\x01D\x01D\x00\
\x0c\x01F\x01F\x00\x01\x01G\x01G\x00\x06\x01J\x01\
J\x00\x09\x01K\x01K\x00\x0f\x01M\x01M\x00\x0d\x01\
P\x01P\x00\x18\x01R\x01R\x00\x13\x01V\x01V\x00\
\x19\x01X\x01X\x00\x14\x01Y\x01Y\x00\x11\x01]\x01\
]\x00\x10\x01`\x01`\x00\x01\x01c\x01c\x00\x01\x01\
d\x01d\x00\x05\x01e\x01e\x00\x18\x01f\x01f\x00\
\x01\x01i\x01i\x00\x12\x01l\x01l\x00\x0e\x01o\x01\
o\x00\x01\x01q\x01q\x00\x1a\x01r\x01r\x00\x13\x01\
v\x01v\x00\x19\x01x\x01x\x00\x14\x01y\x01y\x00\
\x11\x01}\x01}\x00\x10\x01\x80\x01\x80\x00\x01\x01\x83\x01\
\x83\x00\x01\x01\x84\x01\x84\x00\x05\x01\x85\x01\x85\x00\x18\x01\
\x86\x01\x86\x00\x01\x01\x89\x01\x89\x00\x12\x01\x8c\x01\x8c\x00\
\x0e\x01\x8f\x01\x8f\x00\x01\x01\x91\x01\x91\x00\x1a\x01\x94\x01\
\x94\x00\x0c\x01\x96\x01\x96\x00\x01\x01\x97\x01\x97\x00\x06\x01\
\x9a\x01\x9a\x00\x09\x01\x9b\x01\x9b\x00\x0f\x01\x9d\x01\x9d\x00\
\x0d\x01\xa0\x01\xa0\x00\x18\x01\xa2\x01\xa7\x00\x04\x01\xa8\x01\
\xa9\x00\x07\x01\xaa\x01\xab\x00\x0a\x01\xac\x01\xad\x00\x0b\x01\
\xae\x01\xae\x00\x16\x01\xaf\x01\xb0\x00\x0b\x01\xb1\x01\xb1\x00\
\x16\x01\xb5\x01\xb5\x00\x16\x01\xb7\x01\xb8\x00\x0a\x00\x00\x00\
\x01\x00\x00\x00\x0a\x00<\x00\x9e\x00\x02DFLT\x00\
\x0elatn\x00 \x00\x04\x00\x00\x00\x00\xff\xff\x00\
\x04\x00\x00\x00\x02\x00\x04\x00\x06\x00\x04\x00\x00\x00\x00\xff\
\xff\x00\x04\x00\x01\x00\x03\x00\x05\x00\x07\x00\x08fra\
c\x002frac\x008lnum\x00>l\
num\x00Dsinf\x00Jsinf\x00\
Psups\x00Vsups\x00\x5c\x00\x00\x00\
\x01\x00\x00\x00\x00\x00\x01\x00\x00\x00\x00\x00\x01\x00\x03\x00\
\x00\x00\x01\x00\x03\x00\x00\x00\x01\x00\x02\x00\x00\x00\x01\x00\
\x02\x00\x00\x00\x01\x00\x01\x00\x00\x00\x01\x00\x01\x00\x04\x00\
\x0a\x00\x12\x00\x1a\x00\x22\x00\x04\x00\x00\x00\x01\x00 \x00\
\x01\x00\x00\x00\x01\x00\x8c\x00\x01\x00\x00\x00\x01\x00\x9e\x00\
\x01\x00\x00\x00\x01\x00\x9c\x00\x01\x00\x9a\x00\x05\x00\x10\x00\
:\x00F\x00\x5c\x00h\x00\x04\x00\x0a\x00\x12\x00\x1a\x00\
\x22\x00}\x00\x03\x00\x11\x00\x14\x01\xd2\x00\x03\x00\x11\x00\
\x15\x00|\x00\x03\x00\x11\x00\x16\x01\xd4\x00\x03\x00\x11\x00\
\x1a\x00\x01\x00\x04\x01\xd3\x00\x03\x00\x11\x00\x15\x00\x02\x00\
\x06\x00\x0e\x00~\x00\x03\x00\x11\x00\x16\x01\xd5\x00\x03\x00\
\x11\x00\x1a\x00\x01\x00\x04\x01\xd6\x00\x03\x00\x11\x00\x1a\x00\
\x01\x00\x04\x01\xd7\x00\x03\x00\x11\x00\x1a\x00\x02\x004\x00\
\x0a\x01\xba\x00y\x00r\x00s\x01\xbb\x01\xbc\x01\xbd\x01\
\xbe\x01\xbf\x01\xc0\x00\x01\x00\x1a\x01\xaf\x00\x01\x00\x14\x01\
\xd6\x00\x01\x00\x05\x00\x13\x00\x14\x00\x15\x00\x17\x00\x19\x00\
\x02\x00\x01\x00\x12\x00\x1b\x00\x00\x00\x00\x00\x03\x02\x8f\x01\
\x90\x00\x05\x00\x04\x01f\x01f\x00\x00\xff\xf7\x01f\x01\
f\x00\x00\x01p\x002\x00\xfa\x08\x05\x02\x0b\x06\x03\x04\
\x00\x00\x02\x00\x04\xa0\x00\x02/P\x00\xe0\x1b\x00\x00\x00\
\x00\x00\x00\x00\x00TYPO\x00@\x00\x17\xf7k\x03\
\x13\xff+\x00\xc8\x03\xbd\x00\xf3 \x00\x00\x97\x00\x00\x00\
\x00\x01\xf1\x02\xca\x00\x00\x00 \x00\x03\x00\x00\x00\x03\x00\
\x00\x00\x03\x00\x00\x03\xd0\x00\x01\x00\x00\x00\x00\x00\x1c\x00\
\x03\x00\x01\x00\x00\x01\xf8\x00\x06\x01\xdc\x00\x00\x00\x17\x00\
\xe9\x00\x01\x00\x00\x00\x00\x00\x00\x00\x00\x00\x00\x00\x00\x00\
\x00\x00\x00\x00\x02\x00\x03\x00\x04\x00\x05\x00\x06\x00\x07\x00\
\x08\x00\x09\x00\x0a\x00\x0b\x00\x0c\x00\x0d\x00\x0e\x00\x0f\x00\
\x10\x00\x11\x00\x12\x00\x13\x00\x14\x00\x15\x00\x16\x00\x17\x00\
\x18\x00\x19\x00\x1a\x00\x1b\x00\x1c\x00\x1d\x00\x1e\x00\x1f\x00\
 \x00!\x00\x22\x00#\x00$\x00%\x00&\x00'\x00\
(\x00)\x00*\x00+\x00,\x00-\x00.\x00/\x00\
0\x001\x002\x003\x004\x005\x006\x007\x00\
8\x009\x00:\x00;\x00<\x00=\x00>\x00?\x00\
@\x00A\x00B\x00C\x00D\x00E\x00F\x00G\x00\
H\x00I\x00J\x00K\x00L\x00M\x00N\x00O\x00\
P\x00Q\x00R\x00S\x00T\x00U\x00V\x00W\x00\
X\x00Y\x00Z\x00[\x00\x5c\x00]\x00^\x00_\x00\
`\x00\x00\x00\x84\x00\x85\x00\x87\x00\x89\x00\x91\x00\x96\x00\
\x9c\x00\xa1\x00\xa0\x00\xa2\x00\xa4\x00\xa3\x00\xa5\x00\xa7\x00\
\xa9\x00\xa8\x00\xaa\x00\xab\x00\xad\x00\xac\x00\xae\x00\xaf\x00\
\xb1\x00\xb3\x00\xb2\x00\xb4\x00\xb6\x00\xb5\x00\xba\x00\xb9\x00\
\xbb\x00\xbc\x01\xb2\x00p\x00c\x00d\x00h\x01\xb4\x00\
v\x00\x9f\x00n\x00j\x01\xd0\x00t\x00i\x01\xe1\x00\
\x86\x00\x98\x01\xde\x00q\x01\xe2\x01\xe3\x00f\x00u\x01\
\xd8\x01\xdb\x01\xda\x01A\x01\xdf\x00k\x00z\x01\xd1\x00\
\xa6\x00\xb8\x00\x7f\x00b\x00m\x01\xdd\x011\x01\xe0\x01\
\xd9\x00l\x00{\x01\xb5\x00a\x00\x80\x00\x83\x00\x95\x01\
\x06\x01\x07\x01\xaa\x01\xab\x01\xaf\x01\xb0\x01\xac\x01\xad\x00\
\xb7\x01\xe4\x00\xbf\x01*\x01\xb9\x01\xcb\x01\xb7\x01\xb8\x00\
\x00\x00\x00\x01\xb3\x00w\x01\xae\x01\xb1\x01\xb6\x00\x82\x00\
\x8a\x00\x81\x00\x8b\x00\x88\x00\x8d\x00\x8e\x00\x8f\x00\x8c\x00\
\x93\x00\x94\x00\x00\x00\x92\x00\x9a\x00\x9b\x00\x99\x00\xe9\x01\
6\x01<\x00o\x018\x019\x01:\x00x\x01=\x01\
;\x017\x00\x04\x01\xd8\x00\x00\x00r\x00@\x00\x05\x00\
2\x00\x17\x00~\x00\xac\x01\x07\x01\x1b\x01#\x01'\x01\
3\x017\x01H\x01[\x01~\x01\x92\x02\x1b\x02\xc7\x02\
\xdd\x03\x94\x03\xa9\x03\xbc\x03\xc0\x04_\x1e\x85\x1e\xf3 \
\x14 \x1a \x1e \x22 & 0 : D \
p y \x89 \xac \xba \xbd!\x17!\x22!\
&!T!^\x22\x02\x22\x06\x22\x0f\x22\x12\x22\x1a\x22\
\x1e\x22+\x22H\x22`\x22e%\xca&\x1d'f\xf7\
k\xff\xff\x00\x00\x00\x17\x00 \x00\xa0\x00\xae\x01\x0a\x01\
\x1e\x01&\x01*\x016\x019\x01J\x01^\x01\x92\x02\
\x18\x02\xc6\x02\xd8\x03\x94\x03\xa9\x03\xbc\x03\xc0\x04\x00\x1e\
\x80\x1e\xf2 \x13 \x18 \x1c   & 0 \
9 D p t \x80 \xac \xb9 \xbd!\
\x17!\x22!&!S![\x22\x02\x22\x06\x22\x0f\x22\
\x11\x22\x1a\x22\x1e\x22+\x22H\x22`\x22d%\xca&\
\x1c'f\xf7b\xff\xff\xff\xea\xff\xe2\xff\xc1\xff\xc0\xff\
\xbe\xff\xbc\xff\xba\xff\xb8\xff\xb6\xff\xb5\xff\xb4\xff\xb2\xff\
\x9f\xff\x1a\xfep\xfe`\xfd\xaa\xfd\x96\xfd\x84\xfd\x81\xfd\
B\xe3\x22\xe2\xb6\xe1\x97\xe1\x94\xe1\x93\xe1\x92\xe1\x8f\xe1\
\x86\xe1~\xe1u\xe1J\xe1G\xe1A\xe1\x1f\xe1\x13\xe1\
\x11\xe0\xb8\xe0\xae\xe0\xab\xe0\x7f\xe0y\xdf\xd6\xdf\xd3\xdf\
\xcb\xdf\xca\xdf\xc3\xdf\xc0\xdf\xb4\xdf\x98\xdf\x81\xdf~\xdc\
\x1a\xdb\xc9\xda\x81\x0a\x86\x00\x01\x00\x00\x00\x00\x00\x00\x00\
\x00\x00\x00\x00\x00\x00\x00\x00\x00\x00\x00\x00\x00\x00\x00\x00\
\x00\x00\x00\x00\x00\x00\x00\x00\x00\x00\x00\x00\x00\x00\x00\x00\
\x00\x00\x00\x00\x00\x00\x00\x00\x00\x00\x00\x00\x00\x00\x00\x00\
\x00\x00\x00\x00\x00\x00\x00\x00\x00\x00\x00\x00\x00\x00\x00\x00\
\x00\x00\x00\x00\x00\x00\x00\x00\x00\x00\x00\x00\x00\x00\x00\x00\
\x00\x00\x00\x00\x00\x00\x00\x00\x00\x00\x00\x00\x00\x00\x00\x00\
\x00\x00\x00\x00\x00\x00\x00\x00\x00\x00\x00\x00\x04\x01\xd8\x00\
\x00\x00r\x00@\x00\x05\x002\x00\x17\x00~\x00\xac\x01\
\x07\x01\x1b\x01#\x01'\x013\x017\x01H\x01[\x01\
~\x01\x92\x02\x1b\x02\xc7\x02\xdd\x03\x94\x03\xa9\x03\xbc\x03\
\xc0\x04_\x1e\x85\x1e\xf3 \x14 \x1a \x1e \x22 \
& 0 : D p y \x89 \xac \
\xba \xbd!\x17!\x22!&!T!^\x22\x02\x22\
\x06\x22\x0f\x22\x12\x22\x1a\x22\x1e\x22+\x22H\x22`\x22\
e%\xca&\x1d'f\xf7k\xff\xff\x00\x00\x00\x17\x00\
 \x00\xa0\x00\xae\x01\x0a\x01\x1e\x01&\x01*\x016\x01\
9\x01J\x01^\x01\x92\x02\x18\x02\xc6\x02\xd8\x03\x94\x03\
\xa9\x03\xbc\x03\xc0\x04\x00\x1e\x80\x1e\xf2 \x13 \x18 \
\x1c   & 0 9 D p t \
\x80 \xac \xb9 \xbd!\x17!\x22!&!S!\
[\x22\x02\x22\x06\x22\x0f\x22\x11\x22\x1a\x22\x1e\x22+\x22\
H\x22`\x22d%\xca&\x1c'f\xf7b\xff\xff\xff\
\xea\xff\xe2\xff\xc1\xff\xc0\xff\xbe\xff\xbc\xff\xba\xff\xb8\xff\
\xb6\xff\xb5\xff\xb4\xff\xb2\xff\x9f\xff\x1a\xfep\xfe`\xfd\
\xaa\xfd\x96\xfd\x84\xfd\x81\xfdB\xe3\x22\xe2\xb6\xe1\x97\xe1\
\x94\xe1\x93\xe1\x92\xe1\x8f\xe1\x86\xe1~\xe1u\xe1J\xe1\
G\xe1A\xe1\x1f\xe1\x13\xe1\x11\xe0\xb8\xe0\xae\xe0\xab\xe0\
\x7f\xe0y\xdf\xd6\xdf\xd3\xdf\xcb\xdf\xca\xdf\xc3\xdf\xc0\xdf\
\xb4\xdf\x98\xdf\x81\xdf~\xdc\x1a\xdb\xc9\xda\x81\x0a\x86\x00\
\x01\x00\x00\x00\x00\x00\x00\x00\x00\x00\x00\x00\x00\x00\x00\x00\
\x00\x00\x00\x00\x00\x00\x00\x00\x00\x00\x00\x00\x00\x00\x00\x00\
\x00\x00\x00\x00\x00\x00\x00\x00\x00\x00\x00\x00\x00\x00\x00\x00\
\x00\x00\x00\x00\x00\x00\x00\x00\x00\x00\x00\x00\x00\x00\x00\x00\
\x00\x00\x00\x00\x00\x00\x00\x00\x00\x00\x00\x00\x00\x00\x00\x00\
\x00\x00\x00\x00\x00\x00\x00\x00\x00\x00\x00\x00\x00\x00\x00\x00\
\x00\x00\x00\x00\x00\x00\x00\x00\x00\x00\x00\x00\x00\x00\x00\x00\
\x00\x00\x00\x00\x03\x00+\xff+\x03\x07\x03E\x00\x0b\x00\
.\x002\x00\x0a\xb71/\x18\x0c\x04\x00\x03(+\x17\
\x225\x1143!2\x15\x11\x14#\x01>\x017>\
\x0354.\x02#\x22\x0e\x02\x07\x17>\x0132\x1e\
\x02\x15\x14\x0e\x04\x07\x137'\x07\x89^^\x02\x1f_\
_\xff\x00\x113\x1f,K6\x1eDh{73]\
I2\x09\xc6\x10.$\x0c\x1e\x1a\x12!4?<2\
\x0c\x825\xd86\xd5S\x03sTT\xfc\x8dS\x01g\
24\x0e\x15(5F2=`B#\x22>U4\
6$5\x08\x0f\x15\x0d\x1d)\x22#.@/\xfe\xa3\
\xc8;\xc8\x00\x02\x00<\x00\x00\x00\xdb\x02\xd3\x00\x03\x00\
\x07\x00jK\xb0&PX@\x17\x04\x01\x01\x01\x00Q\
\x00\x00\x00\x0cC\x00\x02\x02\x03Q\x05\x01\x03\x03\x0d\x03\
D\x1bK\xb0*PX@\x17\x04\x01\x01\x01\x00Q\x00\
\x00\x00\x0eC\x00\x02\x02\x03Q\x05\x01\x03\x03\x0d\x03D\
\x1b@\x14\x00\x02\x05\x01\x03\x02\x03U\x04\x01\x01\x01\x00\
Q\x00\x00\x00\x0e\x01DYY@\x11\x04\x04\x00\x00\x04\
\x07\x04\x07\x06\x05\x00\x03\x00\x03\x11\x06\x10+7\x033\
\x03\x0753\x15o3\x9f1_\x80\xf5\x01\xde\xfe\x22\
\xf5\xab\xab\xff\xff\x00<\x01\xc0\x01T\x02\xde\x00#\x01\
\xf4\x00<\x01\xc0\x00&\x00\x09\x00\x00\x01\x07\x00\x09\x00\
\xb1\x00\x00\x00CK\xb0\x1aPX@\x0f\x05\x03\x04\x03\
\x01\x01\x00Q\x02\x01\x00\x00\x0c\x01D\x1b@\x15\x02\x01\
\x00\x01\x01\x00M\x02\x01\x00\x00\x01Q\x05\x03\x04\x03\x01\
\x00\x01EY@\x11\x05\x05\x01\x01\x05\x08\x05\x08\x07\x06\
\x01\x04\x01\x04\x12\x06\x1b+\x00\x00\x00\x00\x02\x00%\x00\
\x00\x02$\x02\xca\x00\x1b\x00\x1f\x00\xa6K\xb0&PX\
@&\x0c\x0a\x02\x08\x0f\x10\x0d\x03\x07\x00\x08\x07Z\x0e\
\x06\x02\x00\x05\x03\x02\x01\x02\x00\x01Y\x0b\x01\x09\x09\x0c\
C\x04\x01\x02\x02\x0d\x02D\x1bK\xb0*PX@&\
\x0c\x0a\x02\x08\x0f\x10\x0d\x03\x07\x00\x08\x07Z\x0e\x06\x02\
\x00\x05\x03\x02\x01\x02\x00\x01Y\x0b\x01\x09\x09\x0eC\x04\
\x01\x02\x02\x0d\x02D\x1b@&\x04\x01\x02\x01\x02k\x0c\
\x0a\x02\x08\x0f\x10\x0d\x03\x07\x00\x08\x07Z\x0e\x06\x02\x00\
\x05\x03\x02\x01\x02\x00\x01Y\x0b\x01\x09\x09\x0e\x09DY\
Y@\x1d\x00\x00\x1f\x1e\x1d\x1c\x00\x1b\x00\x1b\x1a\x19\x18\
\x17\x16\x15\x14\x13\x11\x11\x11\x11\x11\x11\x11\x11\x11\x11\x18\
+\x01\x073\x15#\x07#7#\x07#7#53\
7#5373\x07373\x073\x15\x0537\
#\x01\xcd&as4U4\x894V4<N'\
Zl4U3\x884U3D\xfe\xa5\x89&\x89\x01\
\xb2\x97K\xd0\xd0\xd0\xd0K\x97K\xcd\xcd\xcd\xcdK\x97\
\x97\x00\x00\x00\x05\x00$\x00\x00\x01\xf5\x02\xca\x00=\x00\
E\x00L\x00U\x00\x5c\x00\xde@()&\x1d\x03\x0a\
\x04ZTN0\x04\x07\x0aYUMIBA1\x13\
\x08\x02\x07JC@\x12\x04\x09\x02;\x09\x06\x00\x04\x00\
\x09\x05BK\xb0&PX@.\x00\x07\x0a\x02\x0a\x07\
\x02h\x00\x02\x09\x0a\x02\x09f\x05\x01\x04\x00\x0a\x07\x04\
\x0a[\x0b\x01\x09\x00\x00\x01\x09\x00[\x06\x01\x03\x03\x0c\
C\x08\x01\x01\x01\x0d\x01D\x1bK\xb0*PX@.\
\x00\x07\x0a\x02\x0a\x07\x02h\x00\x02\x09\x0a\x02\x09f\x05\
\x01\x04\x00\x0a\x07\x04\x0a[\x0b\x01\x09\x00\x00\x01\x09\x00\
[\x06\x01\x03\x03\x0eC\x08\x01\x01\x01\x0d\x01D\x1b@\
.\x00\x07\x0a\x02\x0a\x07\x02h\x00\x02\x09\x0a\x02\x09f\
\x05\x01\x04\x00\x0a\x07\x04\x0a[\x0b\x01\x09\x00\x00\x01\x09\
\x00[\x08\x01\x01\x01\x03Q\x06\x01\x03\x03\x0e\x01DY\
Y@\x13>>SP>E>D\x1f\x14\x121\x11\
\x1f\x16\x12A\x0c\x18+%\x06\x22#\x22&'\x15#\
5.\x03'3\x1e\x01\x175.\x0354>\x027\
53\x152632\x16\x1753\x15\x1e\x01\x17#\
.\x01'\x15\x1e\x03\x15\x14\x0e\x02\x07\x15#'67\
5'\x15\x16274&'\x15>\x01'5.\x01\
#*\x01\x07\x15'\x14\x16\x175\x0e\x01\x010\x05\x0a\
\x05\x0b\x11\x06#!>1 \x03b\x08+\x1e\x1d9\
,\x1b\x1a,9\x1e#\x06\x0b\x06\x08\x0f\x08#6S\
\x0e_\x05\x1f\x14\x1f:-\x1c\x19,;\x22#\x0c\x08\
\x046\x08\x14\x86&#\x1d,l\x06\x0d\x0a\x05\x0c\x08\
d#\x1e\x1a'S\x01\x01\x01TY\x07\x1a)7$\
#$\x08\x98\x06\x15\x224%%6&\x16\x05QL\
\x01\x01\x01MQ\x0bFE\x19\x1c\x08\x8e\x05\x11!4\
&*<)\x18\x05U\xa6\x04\x03\x8d\x07\x9a\x01L\x1d\
 \x06\x8b\x05!\xc6\x93\x01\x02\x01\x8eG\x1c\x1d\x07\x82\
\x06\x1d\x00\xff\xff\x00\x1d\xff\xec\x02\xc1\x02\xde\x00\x22\x01\
\xf4\x1d\x00\x00'\x01\xc1\xff\xfc\x01x\x00'\x01\xb9\x01\
\x03\x00\x00\x01\x07\x01\xc1\x01\x94\x00\x00\x00\xc7K\xb0&\
PX@,\x0b\x01\x02\x0a\x01\x00\x07\x02\x00[\x00\x07\
\x00\x09\x08\x07\x09\x5c\x00\x03\x03\x01S\x04\x01\x01\x01\x14\
C\x0e\x01\x08\x08\x05S\x0d\x06\x0c\x03\x05\x05\x15\x05D\
\x1bK\xb0*PX@*\x04\x01\x01\x00\x03\x02\x01\x03\
[\x0b\x01\x02\x0a\x01\x00\x07\x02\x00[\x00\x07\x00\x09\x08\
\x07\x09\x5c\x0e\x01\x08\x08\x05S\x0d\x06\x0c\x03\x05\x05\x15\
\x05D\x1b@0\x04\x01\x01\x00\x03\x02\x01\x03[\x0b\x01\
\x02\x0a\x01\x00\x07\x02\x00[\x00\x07\x00\x09\x08\x07\x09\x5c\
\x0e\x01\x08\x05\x05\x08O\x0e\x01\x08\x08\x05S\x0d\x06\x0c\
\x03\x05\x08\x05GYY@*87&%!!\x14\
\x13\x02\x01@>7D8D0.%6&6!\
$!$#\x22\x1c\x1a\x13 \x14 \x0c\x0a\x01\x12\x02\
\x12\x0f\x1a+\x00\x00\x00\x00\x03\x00\x17\xff\xee\x02\xb8\x02\
\xde\x003\x00@\x00M\x00\xd4K\xb0\x1ePX@\x14\
A<43-*)&#\x11\x0a\x03\x05\x06\x00\x02\
\x00\x03\x02B\x1b@\x14A<43-*)&#\
\x11\x0a\x04\x05\x06\x00\x02\x00\x03\x02BYK\xb0\x1eP\
X@\x17\x00\x05\x05\x02S\x00\x02\x02\x14C\x04\x01\x03\
\x03\x00S\x01\x01\x00\x00\x15\x00D\x1bK\xb0&PX\
@!\x00\x05\x05\x02S\x00\x02\x02\x14C\x00\x04\x04\x00\
S\x01\x01\x00\x00\x15C\x00\x03\x03\x00S\x01\x01\x00\x00\
\x15\x00D\x1bK\xb0*PX@\x1f\x00\x02\x00\x05\x04\
\x02\x05[\x00\x04\x04\x00S\x01\x01\x00\x00\x15C\x00\x03\
\x03\x00S\x01\x01\x00\x00\x15\x00D\x1b@\x1f\x00\x02\x00\
\x05\x04\x02\x05[\x00\x04\x03\x00\x04O\x00\x03\x00\x00\x03\
O\x00\x03\x03\x00S\x01\x01\x00\x03\x00GYYY@\
\x0bJH;91/.$\x22\x06\x12+%\x0e\x01\
#\x22&'\x0e\x01#\x22.\x025467.\x01\
54>\x0232\x1e\x02\x15\x14\x0e\x02\x07\x1e\x01\x17\
>\x017\x17\x0e\x01\x07\x1e\x013267%\x0e\x01\
\x15\x14\x16327.\x037>\x0354&#\x22\
\x15\x14\x16\x02\xb8\x13?\x1f#@\x1c&W11]\
I,`O\x11\x15\x1f5D&#>.\x1a\x19.\
@'\x19D&%7\x11\x5c\x12C-\x0d\x1d\x11\x15\
1\x0d\xfe;%)K=*$\x13&#\x1f2\x1b\
,\x1f\x11 $O\x10\x12\x13\x11\x16\x19\x1a\x15\x1f;\
V7Ml\x1b J#*?*\x15\x14(:%\
'<.#\x0f2r/ W4!>j)\x09\
\x0b\x0b\x0a\xe5\x0f4(?H\x15\x188::\x9a\x09\
\x15\x1c$\x19#'V\x178\x00\x00\x00\x01\x00<\x01\
\xc0\x00\xa3\x02\xde\x00\x03\x004K\xb0\x1aPX@\x0c\
\x02\x01\x01\x01\x00Q\x00\x00\x00\x0c\x01D\x1b@\x11\x00\
\x00\x01\x01\x00M\x00\x00\x00\x01Q\x02\x01\x01\x00\x01E\
Y@\x09\x00\x00\x00\x03\x00\x03\x11\x03\x10+\x13\x033\
\x03J\x0eg\x0d\x01\xc0\x01\x1e\xfe\xe2\x00\x01\x00a\xff\
\x8b\x01\xbf\x03\x1e\x00\x15\x00\x06\xb3\x10\x06\x01(+\x13\
\x14\x1e\x02\x17\x07.\x0354>\x027\x17\x0e\x03\xd9\
'AR,/:mU33Um:/,R\
A'\x01UJ\x85iG\x0d>\x0fHr\x9ced\
\x9crH\x0f?\x0dGi\x84\x00\x00\x00\x01\x00\x16\xff\
\x8b\x01s\x03\x1e\x00\x15\x00\x06\xb3\x10\x06\x01(+\x13\
4.\x02'7\x1e\x03\x15\x14\x0e\x02\x07'>\x03\xfc\
(@S+.:nT33Tn:.+S\
@(\x01UI\x84iG\x0d?\x0fHr\x9cde\
\x9crH\x0f>\x0dGi\x85\x00\x00\x00\x01\x00;\x01\
^\x01\x89\x02\xd4\x00U\x00\x93@\x09I<+\x1e\x04\
\x03\x01\x01BK\xb0&PX@\x1f\x08\x07\x02\x01\x02\
\x03\x02\x01\x03h\x06\x01\x02\x05\x01\x03\x04\x02\x03[\x00\
\x04\x04\x00S\x00\x00\x00\x0c\x04D\x1bK\xb02PX\
@\x1f\x08\x07\x02\x01\x02\x03\x02\x01\x03h\x06\x01\x02\x05\
\x01\x03\x04\x02\x03[\x00\x04\x04\x00S\x00\x00\x00\x0e\x04\
D\x1b@$\x08\x07\x02\x01\x02\x03\x02\x01\x03h\x00\x00\
\x02\x04\x00O\x06\x01\x02\x05\x01\x03\x04\x02\x03[\x00\x00\
\x00\x04S\x00\x04\x00\x04GYY@\x0f\x00\x00\x00U\
\x00U.+,.#\x18'\x09\x16+\x13654\
&54632\x16\x15\x14\x06\x15\x1c\x01\x17>\x03\
32\x16\x15\x14\x0e\x02\x07\x1e\x03\x15\x14\x06#\x22.\
\x02'\x06\x14\x15\x14\x16\x15\x14\x06#\x22&546\
54'\x0e\x03#\x22&54>\x027.\x035\
4632\x1e\x02\xcd\x02\x09\x12\x0a\x0b\x11\x09\x02\x0f\
\x1d\x1d\x1e\x11\x0b\x0f$,&\x03\x03&,$\x0e\x0c\
\x11\x1e\x1d\x1d\x0f\x02\x09\x12\x0a\x0b\x11\x09\x02\x0f\x1d\x1d\
\x1f\x10\x0c\x0e$,&\x03\x03'+$\x0d\x0d\x10\x1f\
\x1d\x1d\x02D\x08\x07\x121\x17\x16\x11\x10\x17\x171\x12\
\x04\x08\x03\x01\x14\x16\x12\x11\x0a\x11\x13\x0f\x0e\x0c\x0b\x0f\
\x0f\x13\x10\x0b\x10\x12\x16\x13\x02\x03\x09\x03\x121\x17\x17\
\x11\x11\x17\x171\x13\x06\x08\x02\x13\x16\x12\x10\x0b\x10\x14\
\x0f\x0e\x0b\x0c\x0e\x0f\x13\x11\x0a\x11\x12\x16\x14\x00\x00\x00\
\x01\x00:\x00\x92\x01\xcb\x02$\x00\x0b\x00%@\x22\x00\
\x02\x01\x05\x02M\x03\x01\x01\x04\x01\x00\x05\x01\x00Y\x00\
\x02\x02\x05Q\x00\x05\x02\x05E\x11\x11\x11\x11\x11\x10\x06\
\x15+\x13#5353\x153\x15#\x15#\xd5\x9b\
\x9b\x5c\x9a\x9a\x5c\x01.\x5c\x9a\x9a\x5c\x9c\x00\x00\x00\x00\
\x01\x00<\xffe\x00\xc3\x00\xab\x00\x0d\x00?K\xb0*\
PX@\x11\x03\x01\x02\x00\x02k\x00\x01\x01\x00Q\x00\
\x00\x00\x0d\x00D\x1b@\x16\x03\x01\x02\x00\x02k\x00\x01\
\x00\x00\x01M\x00\x01\x01\x00Q\x00\x00\x01\x00EY@\
\x0a\x00\x00\x00\x0d\x00\x0d\x11\x15\x04\x11+\x177>\x01\
=\x01#53\x15\x14\x06\x0f\x01<)\x04\x04-\x83\
\x05\x02<\x9bo\x0a\x0f\x09\x0a\xab\x8a\x09\x10\x07\x9c\x00\
\x01\x00\x16\x00\xfa\x01&\x01J\x00\x03\x00\x1d@\x1a\x00\
\x00\x01\x01\x00M\x00\x00\x00\x01Q\x02\x01\x01\x00\x01E\
\x00\x00\x00\x03\x00\x03\x11\x03\x10+75!\x15\x16\x01\
\x10\xfaPP\x00\x00\x00\x00\x01\x00<\x00\x00\x00\xbc\x00\
\xab\x00\x03\x004K\xb0*PX@\x0c\x00\x00\x00\x01\
Q\x02\x01\x01\x01\x0d\x01D\x1b@\x11\x00\x00\x01\x01\x00\
M\x00\x00\x00\x01Q\x02\x01\x01\x00\x01EY@\x09\x00\
\x00\x00\x03\x00\x03\x11\x03\x10+353\x15<\x80\xab\
\xab\x00\x00\x00\x01\x00\x03\xff\xd9\x01\xbb\x02\xd4\x00\x03\x00\
BK\xb0&PX@\x0c\x02\x01\x01\x00\x01k\x00\x00\
\x00\x0c\x00D\x1bK\xb02PX@\x0c\x02\x01\x01\x00\
\x01k\x00\x00\x00\x0e\x00D\x1b@\x0a\x00\x00\x01\x00j\
\x02\x01\x01\x01aYY@\x09\x00\x00\x00\x03\x00\x03\x11\
\x03\x10+\x17\x013\x01\x03\x01Rf\xfe\xae'\x02\xfb\
\xfd\x05\x00\x00\x02\x00)\xff\xee\x028\x02\xde\x00\x13\x00\
%\x00pK\xb0&PX@\x17\x00\x03\x03\x01S\x00\
\x01\x01\x14C\x05\x01\x02\x02\x00S\x04\x01\x00\x00\x15\x00\
D\x1bK\xb0*PX@\x15\x00\x01\x00\x03\x02\x01\x03\
[\x05\x01\x02\x02\x00S\x04\x01\x00\x00\x15\x00D\x1b@\
\x1b\x00\x01\x00\x03\x02\x01\x03[\x05\x01\x02\x00\x00\x02O\
\x05\x01\x02\x02\x00S\x04\x01\x00\x02\x00GYY@\x12\
\x15\x14\x01\x00\x1f\x1d\x14%\x15%\x0b\x09\x00\x13\x01\x13\
\x06\x0f+\x05\x22.\x0254>\x0232\x1e\x02\x15\
\x14\x0e\x02'2>\x02'.\x03#\x22\x0e\x02\x15\x14\
\x16\x01.6`F)0Mb34]D()\
Ga6\x1c0#\x12\x01\x02\x12 .\x1d\x1b/#\
\x14G\x121`\x91``\x8bY*0^\x89YY\
\x8fc5r\x1a=cHHe?\x1c\x1e?aD\
\x87\x81\x00\x00\x01\x00$\x00\x00\x01-\x02\xca\x00\x0a\x00\
^K\xb0&PX@\x14\x00\x01\x00\x00\x03\x01\x00Y\
\x00\x02\x02\x0cC\x04\x01\x03\x03\x0d\x03D\x1bK\xb0*\
PX@\x14\x00\x01\x00\x00\x03\x01\x00Y\x00\x02\x02\x0e\
C\x04\x01\x03\x03\x0d\x03D\x1b@\x14\x00\x01\x00\x00\x03\
\x01\x00Y\x04\x01\x03\x03\x02Q\x00\x02\x02\x0e\x03DY\
Y@\x0b\x00\x00\x00\x0a\x00\x0a\x14\x11\x11\x05\x12+3\
\x11#52>\x0273\x11\xa6\x82(6\x22\x12\x06\
q\x01\xf4j\x0f\x1c(\x19\xfd6\x00\x00\x01\x00#\x00\
\x00\x02n\x02\xde\x00-\x00\x85\xb5\x01\x01\x04\x03\x01B\
K\xb0&PX@\x1e\x00\x01\x00\x03\x00\x01\x03h\x00\
\x00\x00\x02S\x00\x02\x02\x14C\x00\x03\x03\x04Q\x05\x01\
\x04\x04\x0d\x04D\x1bK\xb0*PX@\x1c\x00\x01\x00\
\x03\x00\x01\x03h\x00\x02\x00\x00\x01\x02\x00[\x00\x03\x03\
\x04Q\x05\x01\x04\x04\x0d\x04D\x1b@!\x00\x01\x00\x03\
\x00\x01\x03h\x00\x02\x00\x00\x01\x02\x00[\x00\x03\x04\x04\
\x03M\x00\x03\x03\x04Q\x05\x01\x04\x03\x04EYY@\
\x0c\x00\x00\x00-\x00-\x1b'\x17-\x06\x13+35\
>\x017>\x0354.\x02#\x22\x0e\x02\x15\x14\x16\
\x17#.\x0154>\x0232\x1e\x02\x15\x14\x0e\x04\
\x07!\x15#/Z-(\x5cN3\x16$0\x1a#\
:*\x18\x04\x03z\x04\x05-Mf94dN0\
&>OSP\x1f\x01jb\x1a7\x1d\x1a?IR\
-\x1e+\x1d\x0e\x16(8#\x0d\x1b\x0d\x11%\x13=\
_@\x22\x1e<X:.TI@5+\x0fx\x00\
\x01\x00\x1a\xff\xee\x02^\x02\xde\x00C\x00\xbb\xb5 \x01\
\x07\x00\x01BK\xb0&PX@.\x00\x02\x01\x00\x01\
\x02\x00h\x00\x05\x07\x06\x07\x05\x06h\x00\x00\x08\x01\x07\
\x05\x00\x07[\x00\x01\x01\x03S\x00\x03\x03\x14C\x00\x06\
\x06\x04S\x00\x04\x04\x15\x04D\x1bK\xb0*PX@\
,\x00\x02\x01\x00\x01\x02\x00h\x00\x05\x07\x06\x07\x05\x06\
h\x00\x03\x00\x01\x02\x03\x01[\x00\x00\x08\x01\x07\x05\x00\
\x07[\x00\x06\x06\x04S\x00\x04\x04\x15\x04D\x1b@1\
\x00\x02\x01\x00\x01\x02\x00h\x00\x05\x07\x06\x07\x05\x06h\
\x00\x03\x00\x01\x02\x03\x01[\x00\x00\x08\x01\x07\x05\x00\x07\
[\x00\x06\x04\x04\x06O\x00\x06\x06\x04S\x00\x04\x06\x04\
GYY@\x12\x00\x00\x00C\x00B<:32+\
)&\x15&!\x09\x13+\x13532654.\
\x02#\x22\x06\x15\x14\x16\x17#&54>\x0232\
\x1e\x02\x15\x14\x06\x07\x1e\x03\x15\x14\x0e\x02#\x22.\x02\
54673\x0e\x01\x15\x14\x1e\x0232>\x025\
4&#\xeb`DD\x18(4\x1cIO\x01\x01p\
\x03'Ge>5bK-96\x1d+\x1d\x0e+\
Kf:9mU3\x02\x02s\x01\x01\x18-B)\
\x1f7*\x1999\x01CV/5\x1e*\x19\x0cE\
C\x08\x08\x02\x10\x176V; \x1b6P55W\
\x0f\x07#,1\x162S<!\x1d<]A\x0c\x19\
\x0e\x02\x09\x0d#:*\x17\x0f\x1e/ *;\x00\x00\
\x02\x00\x1b\x00\x00\x02\x82\x02\xca\x00\x0a\x00\x0d\x00s@\
\x0a\x0b\x01\x02\x01\x03\x01\x00\x02\x02BK\xb0&PX\
@\x16\x05\x01\x02\x03\x01\x00\x04\x02\x00Z\x00\x01\x01\x0c\
C\x06\x01\x04\x04\x0d\x04D\x1bK\xb0*PX@\x16\
\x05\x01\x02\x03\x01\x00\x04\x02\x00Z\x00\x01\x01\x0eC\x06\
\x01\x04\x04\x0d\x04D\x1b@\x16\x06\x01\x04\x00\x04k\x05\
\x01\x02\x03\x01\x00\x04\x02\x00Z\x00\x01\x01\x0e\x01DY\
Y@\x0e\x00\x00\x0d\x0c\x00\x0a\x00\x0a\x11\x11\x12\x11\x07\
\x13+!5!5\x013\x113\x15#\x15\x0b\x013\
\x01\x96\xfe\x85\x01b\x9dhh\x81\xf0\xf0\xa4a\x01\xc5\
\xfeJp\xa4\x02D\xfe\xd0\x00\x00\x00\x00\x01\x00\x19\xff\
\xee\x02]\x02\xca\x00&\x00\x8a@\x0d#\x01\x02\x03\x00\
\x22\x12\x11\x03\x02\x03\x02BK\xb0&PX@\x1e\x00\
\x00\x00\x03\x02\x00\x03[\x06\x01\x05\x05\x04Q\x00\x04\x04\
\x0cC\x00\x02\x02\x01S\x00\x01\x01\x15\x01D\x1bK\xb0\
*PX@\x1e\x00\x00\x00\x03\x02\x00\x03[\x06\x01\x05\
\x05\x04Q\x00\x04\x04\x0eC\x00\x02\x02\x01S\x00\x01\x01\
\x15\x01D\x1b@\x1b\x00\x00\x00\x03\x02\x00\x03[\x00\x02\
\x00\x01\x02\x01W\x06\x01\x05\x05\x04Q\x00\x04\x04\x0e\x05\
DYY@\x0d\x00\x00\x00&\x00&\x16$'(#\
\x07\x14+\x13\x07>\x0132\x1e\x02\x15\x14\x0e\x02#\
\x22&'7\x1e\x0332654&#\x22\x0e\x02\
\x07'\x13!\x07\xcb\x0e(N35ZB&0O\
f6X\x9e3`\x14&-7&ETPC\x14\
,*&\x0fa\x1a\x01\xd3\x06\x02Q\xb7\x1c\x16\x1d9\
W:=\x5c> FP?\x19&\x19\x0d<ED\
?\x06\x0d\x15\x10:\x01fy\x00\x00\x00\x02\x00\x1f\xff\
\xee\x02v\x02\xde\x00#\x005\x00\xa5@\x0a\x00\x01\x05\
\x00'\x01\x06\x05\x02BK\xb0&PX@&\x00\x03\
\x04\x00\x04\x03\x00h\x00\x00\x07\x01\x05\x06\x00\x05[\x00\
\x04\x04\x02S\x00\x02\x02\x14C\x00\x06\x06\x01S\x00\x01\
\x01\x15\x01D\x1bK\xb0*PX@$\x00\x03\x04\x00\
\x04\x03\x00h\x00\x02\x00\x04\x03\x02\x04[\x00\x00\x07\x01\
\x05\x06\x00\x05[\x00\x06\x06\x01S\x00\x01\x01\x15\x01D\
\x1b@)\x00\x03\x04\x00\x04\x03\x00h\x00\x02\x00\x04\x03\
\x02\x04[\x00\x00\x07\x01\x05\x06\x00\x05[\x00\x06\x01\x01\
\x06O\x00\x06\x06\x01S\x00\x01\x06\x01GYY@\x0f\
%$-+$5%5\x22\x14((!\x08\x14+\
\x13632\x1e\x02\x15\x14\x0e\x02#\x22.\x0254\
>\x0232\x1e\x02\x17#.\x01#\x22\x0e\x02\x17\x22\
\x06\x07\x14\x1e\x0232>\x0254.\x02\xa4O\x88\
3[E(+Kd9JxT.$LwS\
7\x5cF-\x08z\x0dQ3,C.\x19\xb5D]\
\x0f\x18-?)\x1f8(\x18\x18(6\x01\x8bc%\
B[6@cC\x225_\x81KD\x8etJ\x17\
1M54+)BS0<<$A3\x1e\x13\
'=)\x1e4&\x16\x00\x01\x00&\x00\x00\x02h\x02\
\xca\x00\x0c\x00[\xb5\x09\x01\x00\x01\x01BK\xb0&P\
X@\x11\x00\x00\x00\x01Q\x00\x01\x01\x0cC\x03\x01\x02\
\x02\x0d\x02D\x1bK\xb0*PX@\x11\x00\x00\x00\x01\
Q\x00\x01\x01\x0eC\x03\x01\x02\x02\x0d\x02D\x1b@\x11\
\x03\x01\x02\x00\x02k\x00\x00\x00\x01Q\x00\x01\x01\x0e\x00\
DYY@\x0a\x00\x00\x00\x0c\x00\x0c\x11\x15\x04\x11+\
3>\x037!5!\x15\x06\x02\x07\xb8\x063M`\
3\xfeU\x02Bw\x87\x1aQ\xa2\x99\x8c9yoz\
\xfe\xd2\xb3\x00\x03\x00&\xff\xee\x02\x82\x02\xde\x00!\x00\
6\x00I\x00i@\x09=%\x1d\x0d\x04\x02\x03\x01B\
K\xb0&PX@\x15\x00\x03\x03\x01S\x00\x01\x01\x14\
C\x00\x02\x02\x00S\x00\x00\x00\x15\x00D\x1bK\xb0*\
PX@\x13\x00\x01\x00\x03\x02\x01\x03[\x00\x02\x02\x00\
S\x00\x00\x00\x15\x00D\x1b@\x18\x00\x01\x00\x03\x02\x01\
\x03[\x00\x02\x00\x00\x02O\x00\x02\x02\x00S\x00\x00\x02\
\x00GYY\xb7FD.,.$\x04\x11+%\x14\
\x0e\x02#\x22.\x025467.\x0154>\x02\
32\x1e\x02\x15\x14\x06\x07\x1e\x03%.\x01'\x0e\x01\
\x15\x14\x1e\x0232>\x0254.\x02'\x14\x16\x17\
\x1e\x01\x17>\x0154.\x02#\x22\x0e\x02\x02\x82:\
^u<5cL/P??B5Rf11\
aK/@2\x1d6*\x19\xfe\xee\x18+\x145@\
\x1b-:\x1e\x22A4 \x1b)1\xcb \x1a\x22H\
 /6\x1d-8\x1a\x172)\x1b\xd7@Y7\x19\
\x150M9H[\x12\x17E9;S5\x18\x161\
L67C\x17\x09\x1d*98\x07\x0b\x03\x0c?-\
 .\x1d\x0e\x0d\x1b+\x1e\x14\x22\x1b\x14\xeb!!\x0b\
\x0e\x12\x06\x0e0(\x1f+\x19\x0b\x0b\x17%\x00\x00\x00\
\x02\x00(\xff\xee\x02~\x02\xde\x00&\x008\x00\xa5@\
\x0a*\x01\x05\x06\x00\x01\x00\x05\x02BK\xb0&PX\
@&\x00\x03\x00\x04\x00\x03\x04h\x07\x01\x05\x00\x00\x03\
\x05\x00[\x00\x06\x06\x01S\x00\x01\x01\x14C\x00\x04\x04\
\x02S\x00\x02\x02\x15\x02D\x1bK\xb0*PX@$\
\x00\x03\x00\x04\x00\x03\x04h\x00\x01\x00\x06\x05\x01\x06[\
\x07\x01\x05\x00\x00\x03\x05\x00[\x00\x04\x04\x02S\x00\x02\
\x02\x15\x02D\x1b@)\x00\x03\x00\x04\x00\x03\x04h\x00\
\x01\x00\x06\x05\x01\x06[\x07\x01\x05\x00\x00\x03\x05\x00[\
\x00\x04\x02\x02\x04O\x00\x04\x04\x02S\x00\x02\x04\x02G\
YY@\x0f('0.'8(8$\x14((\
\x22\x08\x14+\x01\x0e\x01#\x22.\x0254>\x023\
2\x1e\x02\x15\x14\x0e\x02#\x22.\x02'3\x1e\x033\
2>\x02'2674.\x02#\x22\x0e\x02\x15\x14\
\x1e\x02\x01\xfa'lE3ZE(+Kc9J\
xT.$LwS6\x5cF-\x07x\x07\x1c'\
.\x1a,C.\x19\xb5C^\x10\x18-A)\x1f6\
)\x18\x18(6\x01@3/'D]7>`A\
\x225_\x81KD\x8etJ\x171M5\x1b$\x16\
\x09)AR0=<#B2\x1e\x13&:' \
7'\x16\x00\x02\x00<\x00\x00\x00\xbc\x01\xf6\x00\x03\x00\
\x07\x00NK\xb0*PX@\x15\x00\x02\x05\x01\x03\x00\
\x02\x03Y\x00\x00\x00\x01Q\x04\x01\x01\x01\x0d\x01D\x1b\
@\x1a\x00\x02\x05\x01\x03\x00\x02\x03Y\x00\x00\x01\x01\x00\
M\x00\x00\x00\x01Q\x04\x01\x01\x00\x01EY@\x11\x04\
\x04\x00\x00\x04\x07\x04\x07\x06\x05\x00\x03\x00\x03\x11\x06\x10\
+353\x15\x0353\x15<\x80\x80\x80\xab\xab\x01\
L\xaa\xaa\x00\x02\x00<\xffe\x00\xc3\x01\xf6\x00\x0d\x00\
\x11\x00YK\xb0*PX@\x1a\x05\x01\x02\x00\x02k\
\x00\x03\x06\x01\x04\x01\x03\x04Y\x00\x01\x01\x00Q\x00\x00\
\x00\x0d\x00D\x1b@\x1f\x05\x01\x02\x00\x02k\x00\x03\x06\
\x01\x04\x01\x03\x04Y\x00\x01\x00\x00\x01M\x00\x01\x01\x00\
Q\x00\x00\x01\x00EY@\x12\x0e\x0e\x00\x00\x0e\x11\x0e\
\x11\x10\x0f\x00\x0d\x00\x0d\x11\x15\x07\x11+\x177>\x01\
=\x01#53\x15\x14\x06\x0f\x01\x0353\x15<*\
\x04\x03-\x83\x05\x02<@\x7f\x9bo\x0b\x0e\x09\x0a\xab\
\x8a\x09\x10\x07\x9c\x01\xe7\xaa\xaa\x00\x00\x00\x01\x00;\x00\
T\x01\xcc\x02k\x00\x06\x00\x06\xb3\x06\x02\x01(+\x13\
5%\x15\x0d\x01\x15;\x01\x91\xfe\xd2\x01.\x019L\
\xe6m\x9e\xa1k\x00\x00\x00\x02\x00;\x00\xc1\x01\xcc\x01\
\xf6\x00\x03\x00\x07\x00.@+\x00\x00\x04\x01\x01\x02\x00\
\x01Y\x00\x02\x03\x03\x02M\x00\x02\x02\x03Q\x05\x01\x03\
\x02\x03E\x04\x04\x00\x00\x04\x07\x04\x07\x06\x05\x00\x03\x00\
\x03\x11\x06\x10+\x135!\x15\x055!\x15;\x01\x91\
\xfeo\x01\x91\x01\x9b[[\xda\x5c\x5c\x00\x01\x00;\x00\
T\x01\xcc\x02k\x00\x06\x00\x06\xb3\x04\x00\x01(+7\
5-\x015\x05\x15;\x01/\xfe\xd1\x01\x91Tk\xa1\
\x9em\xe6L\x00\x00\x00\x00\x02\x00\x18\x00\x00\x02\x00\x02\
\xde\x00%\x00)\x00\x9dK\xb0&PX@&\x00\x01\
\x00\x03\x00\x01\x03h\x06\x01\x03\x04\x00\x03\x04f\x00\x00\
\x00\x02S\x00\x02\x02\x14C\x00\x04\x04\x05Q\x07\x01\x05\
\x05\x0d\x05D\x1bK\xb0*PX@$\x00\x01\x00\x03\
\x00\x01\x03h\x06\x01\x03\x04\x00\x03\x04f\x00\x02\x00\x00\
\x01\x02\x00[\x00\x04\x04\x05Q\x07\x01\x05\x05\x0d\x05D\
\x1b@)\x00\x01\x00\x03\x00\x01\x03h\x06\x01\x03\x04\x00\
\x03\x04f\x00\x02\x00\x00\x01\x02\x00[\x00\x04\x05\x05\x04\
M\x00\x04\x04\x05Q\x07\x01\x05\x04\x05EYY@\x13\
&&\x00\x00&)&)('\x00%\x00%'\x14\
)\x08\x12+75467>\x0154&#\x22\
\x0e\x02\x15#&454>\x0232\x1e\x02\x15\x14\
\x0e\x02\x07\x0e\x01\x0f\x0153\x15\xcc8,'!8\
6!/\x1e\x0ft\x01&B[50WB'\x11\
\x1d(\x17\x1f*\x02\x81\x7f\xfd\x0f?L\x19\x174!\
+)\x16&5\x1e\x04\x0a\x057W< \x14,F\
2\x222'\x1f\x10\x1780\xfd\xaa\xaa\x00\x00\x00\x00\
\x02\x00\x1e\xff\x82\x02\xe3\x02\x86\x00H\x00W\x01\x04K\
\xb0\x18PX@\x12*\x01\x09\x04\x1a\x01\x02\x06H\x01\
\x08\x02\x00\x01\x00\x08\x04B\x1bK\xb0\x1bPX@\x12\
*\x01\x09\x05\x1a\x01\x02\x06H\x01\x08\x02\x00\x01\x00\x08\
\x04B\x1b@\x12*\x01\x09\x05\x1a\x01\x02\x0aH\x01\x08\
\x02\x00\x01\x00\x08\x04BYYK\xb0\x18PX@+\
\x00\x01\x00\x07\x04\x01\x07[\x05\x01\x04\x00\x09\x06\x04\x09\
[\x0a\x01\x06\x03\x01\x02\x08\x06\x02\x5c\x00\x08\x00\x00\x08\
O\x00\x08\x08\x00S\x00\x00\x08\x00G\x1bK\xb0\x1bP\
X@2\x00\x05\x04\x09\x04\x05\x09h\x00\x01\x00\x07\x04\
\x01\x07[\x00\x04\x00\x09\x06\x04\x09[\x0a\x01\x06\x03\x01\
\x02\x08\x06\x02\x5c\x00\x08\x00\x00\x08O\x00\x08\x08\x00S\
\x00\x00\x08\x00G\x1b@7\x00\x05\x04\x09\x04\x05\x09h\
\x00\x01\x00\x07\x04\x01\x07[\x00\x04\x00\x09\x06\x04\x09[\
\x00\x06\x0a\x02\x06O\x00\x0a\x03\x01\x02\x08\x0a\x02[\x00\
\x08\x00\x00\x08O\x00\x08\x08\x00S\x00\x00\x08\x00GY\
Y@\x0fUSMK&(&\x13($((\x22\
\x0b\x18+\x05\x0e\x01#\x22.\x0254>\x0232\
\x1e\x02\x15\x14\x0e\x02#\x22&'\x0e\x01#\x22.\x02\
54>\x0232\x16\x1773\x07\x0e\x01\x15\x14\x16\
32>\x0254.\x02#\x22\x06\x15\x14\x1e\x023\
267\x03.\x01#\x22\x0e\x02\x15\x14\x16326\
7\x02\x8b4x<U\x8fg:2b\x90^>u\
Z6 7I(#+\x07\x142#\x1d,\x1c\x0e\
\x1b0B'\x18(\x0e\x07; \x01\x01\x0f\x0b\x15)\
!\x15)F\x5c4\x92\x97+PqFBy,\xc0\
\x02\x1c\x15\x16 \x15\x0a\x16\x1d\x1c$\x06K\x1b\x18+\
\x5c\x8eb[\x93h7!FqO=]>\x1f\x19\
\x13\x15\x1b\x17'5\x1f.G1\x1a\x15\x0e\x19\xd0\x06\
\x0b\x04\x0e\x0a\x15*=)@X7\x19\xa5\x98Qt\
J#\x1b\x1a\x01A\x14\x1c\x15#,\x17#/\x1a\x15\
\x00\x00\x00\x00\x02\x00\x05\x00\x00\x02\xe4\x02\xca\x00\x07\x00\
\x0a\x00`\xb5\x0a\x01\x04\x02\x01BK\xb0&PX@\
\x14\x00\x04\x00\x00\x01\x04\x00Z\x00\x02\x02\x0cC\x03\x01\
\x01\x01\x0d\x01D\x1bK\xb0*PX@\x14\x00\x04\x00\
\x00\x01\x04\x00Z\x00\x02\x02\x0eC\x03\x01\x01\x01\x0d\x01\
D\x1b@\x14\x03\x01\x01\x00\x01k\x00\x04\x00\x00\x01\x04\
\x00Z\x00\x02\x02\x0e\x02DYY\xb6\x11\x11\x11\x11\x10\
\x05\x14+%!\x07#\x013\x01#%3\x03\x02\x1a\
\xfe\xb2.\x99\x01QN\x01@\x9d\xfe\xae\xfb|mm\
\x02\xca\xfd6\xd6\x01+\x00\x03\x00<\x00\x00\x02\xb8\x02\
\xca\x00\x14\x00!\x00*\x00\x94\xb5\x0a\x01\x03\x04\x01B\
K\xb0&PX@ \x08\x01\x04\x07\x01\x03\x02\x04\x03\
[\x00\x05\x05\x00S\x00\x00\x00\x0cC\x00\x02\x02\x01S\
\x06\x01\x01\x01\x0d\x01D\x1bK\xb0*PX@ \x08\
\x01\x04\x07\x01\x03\x02\x04\x03[\x00\x05\x05\x00S\x00\x00\
\x00\x0eC\x00\x02\x02\x01S\x06\x01\x01\x01\x0d\x01D\x1b\
@\x1d\x08\x01\x04\x07\x01\x03\x02\x04\x03[\x00\x02\x06\x01\
\x01\x02\x01W\x00\x05\x05\x00S\x00\x00\x00\x0e\x05DY\
Y@\x19#\x22\x15\x15\x00\x00)'\x22*#*\x15\
!\x15 \x18\x16\x00\x14\x00\x13!\x09\x10+3\x11!\
2\x1e\x02\x15\x14\x06\x07\x1e\x03\x15\x14\x0e\x02#\x03\x15\
32>\x0254.\x02#72654&+\
\x01\x15<\x01\x9e*F3\x1cC:\x229*\x177\
Ud-\xd2\xdb\x172*\x1b\x17$+\x13\x050-\
,+\xfb\x02\xca\x18.A)<T\x0b\x06\x1d-;\
%KT(\x08\x01A\xcd\x07\x17,$\x1b%\x16\x09\
f6&&3\xb5\x00\x00\x01\x00\x1f\xff\xee\x02\xf9\x02\
\xde\x00)\x00\x99K\xb0&PX@%\x00\x01\x02\x04\
\x02\x01\x04h\x00\x04\x03\x02\x04\x03f\x00\x02\x02\x00S\
\x06\x01\x00\x00\x14C\x00\x03\x03\x05S\x00\x05\x05\x15\x05\
D\x1bK\xb0*PX@#\x00\x01\x02\x04\x02\x01\x04\
h\x00\x04\x03\x02\x04\x03f\x06\x01\x00\x00\x02\x01\x00\x02\
[\x00\x03\x03\x05S\x00\x05\x05\x15\x05D\x1b@(\x00\
\x01\x02\x04\x02\x01\x04h\x00\x04\x03\x02\x04\x03f\x06\x01\
\x00\x00\x02\x01\x00\x02[\x00\x03\x05\x05\x03O\x00\x03\x03\
\x05S\x00\x05\x03\x05GYY@\x12\x01\x00!\x1f\x1b\
\x1a\x16\x14\x0c\x0a\x06\x05\x00)\x01)\x07\x0f+\x012\
\x1e\x02\x17#.\x03#\x22\x0e\x02\x15\x14\x1e\x0232\
>\x0273\x0e\x03#\x22.\x0254>\x02\x01\x93\
D|`>\x08\x88\x08);I(4U=! \
<U5&I=+\x08\x83\x07?azAT\x89\
b56b\x89\x02\xde+RvK.H0\x19$\
@Y68]E&\x1b2F,DsV0;\
g\x8cQL\x86d;\x00\x02\x00<\x00\x00\x02\xa3\x02\
\xca\x00\x0c\x00\x19\x00bK\xb0&PX@\x16\x00\x03\
\x03\x00S\x00\x00\x00\x0cC\x04\x01\x02\x02\x01S\x00\x01\
\x01\x0d\x01D\x1bK\xb0*PX@\x16\x00\x03\x03\x00\
S\x00\x00\x00\x0eC\x04\x01\x02\x02\x01S\x00\x01\x01\x0d\
\x01D\x1b@\x13\x04\x01\x02\x00\x01\x02\x01W\x00\x03\x03\
\x00S\x00\x00\x00\x0e\x03DYY@\x0c\x0e\x0d\x18\x16\
\x0d\x19\x0e\x19( \x05\x11+\x13!2\x1e\x02\x15\x14\
\x0e\x02#!%2>\x0254.\x02+\x01\x11<\
\x01\x04V\x84Z/1\x5c\x83R\xfe\xfb\x01\x01*O\
<$!:P/s\x02\xca=e\x81DG\x80b\
:y\x1b9V;<[=\x1e\xfe)\x00\x00\x00\x00\
\x01\x00<\x00\x00\x02n\x02\xca\x00\x0b\x00{K\xb0&\
PX@\x1e\x00\x02\x00\x03\x04\x02\x03Y\x00\x01\x01\x00\
Q\x00\x00\x00\x0cC\x00\x04\x04\x05Q\x06\x01\x05\x05\x0d\
\x05D\x1bK\xb0*PX@\x1e\x00\x02\x00\x03\x04\x02\
\x03Y\x00\x01\x01\x00Q\x00\x00\x00\x0eC\x00\x04\x04\x05\
Q\x06\x01\x05\x05\x0d\x05D\x1b@\x1b\x00\x02\x00\x03\x04\
\x02\x03Y\x00\x04\x06\x01\x05\x04\x05U\x00\x01\x01\x00Q\
\x00\x00\x00\x0e\x01DYY@\x0d\x00\x00\x00\x0b\x00\x0b\
\x11\x11\x11\x11\x11\x07\x14+3\x11!\x15!\x15!\x15\
!\x15!\x15<\x021\xfe\x5c\x01Y\xfe\xa7\x01\xa5\x02\
\xcaw\xabt\xbdw\x00\x00\x01\x00<\x00\x00\x02]\x02\
\xca\x00\x09\x00nK\xb0&PX@\x19\x00\x03\x05\x01\
\x04\x00\x03\x04Y\x00\x02\x02\x01Q\x00\x01\x01\x0cC\x00\
\x00\x00\x0d\x00D\x1bK\xb0*PX@\x19\x00\x03\x05\
\x01\x04\x00\x03\x04Y\x00\x02\x02\x01Q\x00\x01\x01\x0eC\
\x00\x00\x00\x0d\x00D\x1b@\x19\x00\x00\x04\x00k\x00\x03\
\x05\x01\x04\x00\x03\x04Y\x00\x02\x02\x01Q\x00\x01\x01\x0e\
\x02DYY@\x0c\x00\x00\x00\x09\x00\x09\x11\x11\x11\x11\
\x06\x13+\x13\x11#\x11!\x15!\x15!\x15\xc9\x8d\x02\
!\xfel\x01G\x011\xfe\xcf\x02\xcav\xaft\x00\x00\
\x01\x00\x1f\xff\xee\x02\xf5\x02\xde\x00,\x00\xe2\xb5\x01\x01\
\x04\x05\x01BK\xb0\x0dPX@'\x00\x02\x03\x06\x03\
\x02\x06h\x00\x06\x00\x05\x04\x06\x05Y\x00\x03\x03\x01S\
\x00\x01\x01\x14C\x00\x04\x04\x00S\x08\x07\x02\x00\x00\x15\
\x00D\x1bK\xb0&PX@+\x00\x02\x03\x06\x03\x02\
\x06h\x00\x06\x00\x05\x04\x06\x05Y\x00\x03\x03\x01S\x00\
\x01\x01\x14C\x08\x01\x07\x07\x0dC\x00\x04\x04\x00S\x00\
\x00\x00\x15\x00D\x1bK\xb0*PX@)\x00\x02\x03\
\x06\x03\x02\x06h\x00\x01\x00\x03\x02\x01\x03[\x00\x06\x00\
\x05\x04\x06\x05Y\x08\x01\x07\x07\x0dC\x00\x04\x04\x00S\
\x00\x00\x00\x15\x00D\x1b@1\x00\x02\x03\x06\x03\x02\x06\
h\x08\x01\x07\x04\x00\x04\x07\x00h\x00\x01\x00\x03\x02\x01\
\x03[\x00\x06\x00\x05\x04\x06\x05Y\x00\x04\x07\x00\x04O\
\x00\x04\x04\x00S\x00\x00\x04\x00GYYY@\x0f\x00\
\x00\x00,\x00,\x11\x14(\x22\x14(%\x09\x16+!\
5\x0e\x03#\x22.\x0254>\x0232\x1e\x02\x17\
#.\x01#\x22\x0e\x02\x15\x14\x1e\x0232>\x027\
#5!\x11\x02\x80\x0e0BR0R\x82[08\
b\x83JCu\x5c>\x0d\x83\x17rN.Q<#\
\x1d8S5+F4\x1f\x05\xd3\x01uw\x1a2&\
\x17=g\x89LT\x8ac6!DhHOG#\
@\x5c:6^G)\x19+<#m\xfe\x8e\x00\x00\
\x01\x00<\x00\x00\x02\x95\x02\xca\x00\x0b\x00fK\xb0&\
PX@\x16\x00\x03\x00\x00\x01\x03\x00Y\x04\x01\x02\x02\
\x0cC\x06\x05\x02\x01\x01\x0d\x01D\x1bK\xb0*PX\
@\x16\x00\x03\x00\x00\x01\x03\x00Y\x04\x01\x02\x02\x0eC\
\x06\x05\x02\x01\x01\x0d\x01D\x1b@\x16\x00\x03\x00\x00\x01\
\x03\x00Y\x06\x05\x02\x01\x01\x02Q\x04\x01\x02\x02\x0e\x01\
DYY@\x0d\x00\x00\x00\x0b\x00\x0b\x11\x11\x11\x11\x11\
\x07\x14+!\x11!\x11#\x113\x11!\x113\x11\x02\
\x0a\xfe\xbf\x8d\x8d\x01A\x8b\x01\x1a\xfe\xe6\x02\xca\xfe\xce\
\x012\xfd6\x00\x00\x00\x00\x01\x00@\x00\x00\x00\xcd\x02\
\xca\x00\x03\x00DK\xb0&PX@\x0c\x00\x00\x00\x0c\
C\x02\x01\x01\x01\x0d\x01D\x1bK\xb0*PX@\x0c\
\x00\x00\x00\x0eC\x02\x01\x01\x01\x0d\x01D\x1b@\x0c\x02\
\x01\x01\x01\x00Q\x00\x00\x00\x0e\x01DYY@\x09\x00\
\x00\x00\x03\x00\x03\x11\x03\x10+3\x113\x11@\x8d\x02\
\xca\xfd6\x00\x01\x00\x0c\xff\xee\x01\xbb\x02\xca\x00\x11\x00\
_@\x0a\x04\x01\x01\x02\x03\x01\x00\x01\x02BK\xb0&\
PX@\x11\x00\x02\x02\x0cC\x00\x01\x01\x00S\x03\x01\
\x00\x00\x15\x00D\x1bK\xb0*PX@\x11\x00\x02\x02\
\x0eC\x00\x01\x01\x00S\x03\x01\x00\x00\x15\x00D\x1b@\
\x0e\x00\x01\x03\x01\x00\x01\x00W\x00\x02\x02\x0e\x02DY\
Y@\x0c\x01\x00\x0c\x0b\x08\x06\x00\x11\x01\x11\x04\x0f+\
\x17\x22&'7\x1e\x013265\x113\x11\x14\x0e\
\x02\xb5BS\x14%\x176 ?Q\x8d+H_\x12\
\x1a\x11m\x0b\x0fEC\x01\xd6\xfe ?^? \x00\
\x01\x00<\x00\x00\x02\xf4\x02\xca\x00\x0b\x00W@\x09\x0a\
\x07\x02\x01\x04\x00\x01\x01BK\xb0&PX@\x0e\x02\
\x01\x01\x01\x0cC\x04\x03\x02\x00\x00\x0d\x00D\x1bK\xb0\
*PX@\x0e\x02\x01\x01\x01\x0eC\x04\x03\x02\x00\x00\
\x0d\x00D\x1b@\x0e\x04\x03\x02\x00\x00\x01Q\x02\x01\x01\
\x01\x0e\x00DYY@\x0b\x00\x00\x00\x0b\x00\x0b\x12\x11\
\x13\x05\x12+!\x03\x07\x15#\x113\x11\x013\x09\x01\
\x027\xde\x90\x8d\x8d\x01e\xc6\xfe\xc5\x01\x1b\x01U|\
\xd9\x02\xca\xfe\xb5\x01K\xfe\xe9\xfeM\x00\x01\x00<\x00\
\x00\x02~\x02\xca\x00\x05\x00QK\xb0&PX@\x11\
\x00\x00\x00\x0cC\x00\x01\x01\x02R\x03\x01\x02\x02\x0d\x02\
D\x1bK\xb0*PX@\x11\x00\x00\x00\x0eC\x00\x01\
\x01\x02R\x03\x01\x02\x02\x0d\x02D\x1b@\x0e\x00\x01\x03\
\x01\x02\x01\x02V\x00\x00\x00\x0e\x00DYY@\x0a\x00\
\x00\x00\x05\x00\x05\x11\x11\x04\x11+3\x113\x11!\x15\
<\x8d\x01\xb5\x02\xca\xfd\xb4~\x00\x00\x00\x01\x009\x00\
\x00\x03*\x02\xca\x00\x0c\x00Y\xb7\x09\x04\x01\x03\x00\x02\
\x01BK\xb0&PX@\x0f\x03\x01\x02\x02\x0cC\x05\
\x04\x01\x03\x00\x00\x0d\x00D\x1bK\xb0*PX@\x0f\
\x03\x01\x02\x02\x0eC\x05\x04\x01\x03\x00\x00\x0d\x00D\x1b\
@\x0f\x05\x04\x01\x03\x00\x00\x02Q\x03\x01\x02\x02\x0e\x00\
DYY@\x0c\x00\x00\x00\x0c\x00\x0c\x12\x11\x12\x12\x06\
\x13+!\x11\x03#\x03\x11#\x113\x1b\x013\x11\x02\
\x9c\xcbP\xca~\xd7\xa2\xab\xcd\x02=\xfd\xc3\x02=\xfd\
\xc3\x02\xca\xfe\x0f\x01\xf1\xfd6\x00\x00\x00\x01\x009\x00\
\x00\x02\xa5\x02\xca\x00\x09\x00T\xb6\x06\x01\x02\x00\x01\x01\
BK\xb0&PX@\x0e\x02\x01\x01\x01\x0cC\x04\x03\
\x02\x00\x00\x0d\x00D\x1bK\xb0*PX@\x0e\x02\x01\
\x01\x01\x0eC\x04\x03\x02\x00\x00\x0d\x00D\x1b@\x0e\x04\
\x03\x02\x00\x00\x01Q\x02\x01\x01\x01\x0e\x00DYY@\
\x0b\x00\x00\x00\x09\x00\x09\x12\x11\x12\x05\x12+!\x01\x11\
#\x113\x01\x113\x11\x02,\xfe\x89|\xb6\x017\x7f\
\x02\x1a\xfd\xe6\x02\xca\xfe8\x01\xc8\xfd6\x00\x00\x00\x00\
\x02\x00\x1f\xff\xee\x02\xf8\x02\xde\x00\x13\x00'\x00pK\
\xb0&PX@\x17\x00\x03\x03\x01S\x00\x01\x01\x14C\
\x05\x01\x02\x02\x00S\x04\x01\x00\x00\x15\x00D\x1bK\xb0\
*PX@\x15\x00\x01\x00\x03\x02\x01\x03[\x05\x01\x02\
\x02\x00S\x04\x01\x00\x00\x15\x00D\x1b@\x1b\x00\x01\x00\
\x03\x02\x01\x03[\x05\x01\x02\x00\x00\x02O\x05\x01\x02\x02\
\x00S\x04\x01\x00\x02\x00GYY@\x12\x15\x14\x01\x00\
\x1f\x1d\x14'\x15'\x0b\x09\x00\x13\x01\x13\x06\x0f+\x05\
\x22.\x0254>\x0232\x1e\x02\x15\x14\x0e\x02'\
2>\x0254.\x02#\x22\x0e\x02\x15\x14\x1e\x02\x01\
\x8eQ\x87a6;e\x87LO\x83_57a\x85\
N0R<\x22 ;T41Q;  :S\
\x129f\x8eUS\x87`45`\x88SQ\x8dg\
;~'CZ37]C%&B[46\x5c\
D&\x00\x00\x02\x00<\x00\x00\x02\xb8\x02\xca\x00\x0e\x00\
\x17\x00wK\xb0&PX@\x1a\x00\x03\x00\x01\x02\x03\
\x01[\x06\x01\x04\x04\x00S\x00\x00\x00\x0cC\x05\x01\x02\
\x02\x0d\x02D\x1bK\xb0*PX@\x1a\x00\x03\x00\x01\
\x02\x03\x01[\x06\x01\x04\x04\x00S\x00\x00\x00\x0eC\x05\
\x01\x02\x02\x0d\x02D\x1b@\x1a\x05\x01\x02\x01\x02k\x00\
\x03\x00\x01\x02\x03\x01[\x06\x01\x04\x04\x00S\x00\x00\x00\
\x0e\x04DYY@\x12\x0f\x0f\x00\x00\x0f\x17\x0f\x16\x12\
\x10\x00\x0e\x00\x0e(!\x07\x11+3\x11!2\x1e\x02\
\x15\x14\x0e\x02#!\x15\x03\x1532654&#\
<\x01\x9b;U7\x1a%?T.\xfe\xf9\x02\xf9.\
;75\x02\xca-GY,2S;!\xf0\x02R\
\xeb<19E\x00\x00\x00\x02\x00\x1f\xffr\x02\xf8\x02\
\xde\x00\x1d\x001\x00~@\x0c\x1b\x12\x02\x00\x02\x01B\
\x16\x15\x02\x00?K\xb0&PX@\x17\x00\x03\x03\x01\
S\x00\x01\x01\x14C\x05\x01\x02\x02\x00S\x04\x01\x00\x00\
\x15\x00D\x1bK\xb0*PX@\x15\x00\x01\x00\x03\x02\
\x01\x03[\x05\x01\x02\x02\x00S\x04\x01\x00\x00\x15\x00D\
\x1b@\x1b\x00\x01\x00\x03\x02\x01\x03[\x05\x01\x02\x00\x00\
\x02O\x05\x01\x02\x02\x00S\x04\x01\x00\x02\x00GYY\
@\x12\x1f\x1e\x01\x00)'\x1e1\x1f1\x0b\x09\x00\x1d\
\x01\x1d\x06\x0f+\x05\x22.\x0254>\x0232\x1e\
\x02\x15\x14\x06\x07\x1e\x01\x17\x07.\x03'\x0e\x01'2\
>\x0254.\x02#\x22\x0e\x02\x15\x14\x1e\x02\x01\x8e\
Q\x87a6;e\x87LO\x83_5KA\x1aG\
&3\x1762)\x0c\x1e>#0R<\x22 ;\
T41Q;  :S\x129f\x8eUS\x87\
`45`\x88Sa\x9e4 6\x12a\x05 *\
/\x14\x0b\x0b~'CZ37]C%&B[\
46\x5cD&\x00\x00\x00\x02\x00<\x00\x00\x02\xd0\x02\
\xca\x00\x1d\x00(\x00\x88@\x0b\x15\x01\x00\x04\x1a\x03\x02\
\x01\x00\x02BK\xb0&PX@\x1b\x00\x04\x00\x00\x01\
\x04\x00[\x07\x01\x05\x05\x02S\x00\x02\x02\x0cC\x06\x03\
\x02\x01\x01\x0d\x01D\x1bK\xb0*PX@\x1b\x00\x04\
\x00\x00\x01\x04\x00[\x07\x01\x05\x05\x02S\x00\x02\x02\x0e\
C\x06\x03\x02\x01\x01\x0d\x01D\x1b@\x1b\x06\x03\x02\x01\
\x00\x01k\x00\x04\x00\x00\x01\x04\x00[\x07\x01\x05\x05\x02\
S\x00\x02\x02\x0e\x05DYY@\x13\x1e\x1e\x00\x00\x1e\
(\x1e'!\x1f\x00\x1d\x00\x1d!\x11'\x08\x12+!\
.\x01'.\x03+\x01\x11#\x11!2\x1e\x02\x15\x14\
\x06\x07\x1e\x03\x17\x1e\x01\x17\x01\x15!2654.\
\x02#\x02>\x0b\x0c\x03\x02\x07\x17-(\xe6\x8d\x01q\
1aK/H?'/\x1c\x0d\x03\x02\x07\x13\xfd\xf9\
\x01\x00-6\x13 +\x18\x0f'*!B6\x22\xfe\
\xe5\x02\xca\x10-RA@\x5c\x10\x0e0<G$\x1d\
6\x16\x02W\xcd30\x1e)\x19\x0a\x00\x01\x00\x13\xff\
\xee\x02\x89\x02\xde\x00A\x00\x98K\xb0&PX@%\
\x06\x01\x05\x00\x02\x00\x05\x02h\x00\x02\x03\x00\x02\x03f\
\x00\x00\x00\x04S\x00\x04\x04\x14C\x00\x03\x03\x01S\x00\
\x01\x01\x15\x01D\x1bK\xb0*PX@#\x06\x01\x05\
\x00\x02\x00\x05\x02h\x00\x02\x03\x00\x02\x03f\x00\x04\x00\
\x00\x05\x04\x00[\x00\x03\x03\x01S\x00\x01\x01\x15\x01D\
\x1b@(\x06\x01\x05\x00\x02\x00\x05\x02h\x00\x02\x03\x00\
\x02\x03f\x00\x04\x00\x00\x05\x04\x00[\x00\x03\x01\x01\x03\
O\x00\x03\x03\x01S\x00\x01\x03\x01GYY@\x11\x00\
\x00\x00A\x00A=;&$ \x1f\x1b\x19$\x07\x10\
+\x01.\x03#\x22\x0e\x02\x15\x14\x1e\x02\x17\x1e\x01\x17\
\x1e\x01\x15\x14\x0e\x02#\x22.\x02'3\x1e\x0332\
>\x0254.\x02'.\x03'.\x0154>\x02\
32\x1e\x02\x17\x01\xf9\x03!0:\x1c\x1681!\
\x1b%'\x0bBv*>H3Tl89p[\
?\x08\x7f\x07+;G#\x15:4$\x0d\x19%\x18\
\x1bCHG\x1e/=0Og88gP1\x03\
\x01\xf5\x22.\x1b\x0c\x06\x14(!\x1b!\x13\x09\x02\x0b\
\x11\x0e\x14ONBY5\x16\x1d=`C(5 \
\x0d\x06\x15)\x22\x17\x1d\x14\x0c\x05\x06\x09\x0d\x13\x0e\x16\
NA=U3\x17\x1c9X<\x00\x00\x01\x00\x13\x00\
\x00\x02[\x02\xca\x00\x07\x00XK\xb0&PX@\x12\
\x02\x01\x00\x00\x01Q\x00\x01\x01\x0cC\x04\x01\x03\x03\x0d\
\x03D\x1bK\xb0*PX@\x12\x02\x01\x00\x00\x01Q\
\x00\x01\x01\x0eC\x04\x01\x03\x03\x0d\x03D\x1b@\x12\x04\
\x01\x03\x00\x03k\x02\x01\x00\x00\x01Q\x00\x01\x01\x0e\x00\
DYY@\x0b\x00\x00\x00\x07\x00\x07\x11\x11\x11\x05\x12\
+3\x11#5!\x15#\x11\xf1\xde\x02H\xde\x02L\
~~\xfd\xb4\x00\x00\x00\x00\x01\x001\xff\xee\x02\xa5\x02\
\xca\x00\x13\x00LK\xb0&PX@\x11\x02\x01\x00\x00\
\x0cC\x00\x03\x03\x01S\x00\x01\x01\x15\x01D\x1bK\xb0\
*PX@\x11\x02\x01\x00\x00\x0eC\x00\x03\x03\x01S\
\x00\x01\x01\x15\x01D\x1b@\x0e\x00\x03\x00\x01\x03\x01W\
\x02\x01\x00\x00\x0e\x00DYY\xb5%\x13#\x10\x04\x13\
+\x013\x11\x14\x06#\x22&5\x113\x11\x14\x1e\x02\
3265\x02\x1f\x86\xa1\x9e\x95\xa0\x8d\x12*C0\
cO\x02\xca\xfeI\x95\x90\x9c\x92\x01\xae\xfe[+E\
1\x1a`X\x00\x00\x00\x00\x01\x00\x07\x00\x00\x02\x88\x02\
\xca\x00\x06\x00O\xb5\x03\x01\x02\x00\x01BK\xb0&P\
X@\x0d\x01\x01\x00\x00\x0cC\x03\x01\x02\x02\x0d\x02D\
\x1bK\xb0*PX@\x0d\x01\x01\x00\x00\x0eC\x03\x01\
\x02\x02\x0d\x02D\x1b@\x0d\x03\x01\x02\x00\x02k\x01\x01\
\x00\x00\x0e\x00DYY@\x0a\x00\x00\x00\x06\x00\x06\x12\
\x11\x04\x11+!\x013\x1b\x013\x03\x01\x08\xfe\xff\x94\
\xb6\xb1\x86\xfe\x02\xca\xfd\xf3\x02\x0d\xfd6\x00\x00\x00\x00\
\x01\x00\x09\x00\x00\x04\x11\x02\xca\x00\x0c\x00Y\xb7\x09\x06\
\x01\x03\x00\x01\x01BK\xb0&PX@\x0f\x03\x02\x02\
\x01\x01\x0cC\x05\x04\x02\x00\x00\x0d\x00D\x1bK\xb0*\
PX@\x0f\x03\x02\x02\x01\x01\x0eC\x05\x04\x02\x00\x00\
\x0d\x00D\x1b@\x0f\x05\x04\x02\x00\x01\x00k\x03\x02\x02\
\x01\x01\x0e\x01DYY@\x0c\x00\x00\x00\x0c\x00\x0c\x12\
\x12\x11\x12\x06\x13+!\x0b\x01#\x033\x1b\x013\x1b\
\x013\x03\x02\xa4\x9a\xa4\xa0\xbd\x93\x8c\x99\x95\x99\x9b\x87\
\xce\x02\x11\xfd\xef\x02\xca\xfd\xe9\x02\x17\xfd\xe9\x02\x17\xfd\
6\x00\x00\x00\x01\x00\x08\x00\x00\x02\xb2\x02\xca\x00\x0b\x00\
W@\x09\x0a\x07\x04\x01\x04\x00\x01\x01BK\xb0&P\
X@\x0e\x02\x01\x01\x01\x0cC\x04\x03\x02\x00\x00\x0d\x00\
D\x1bK\xb0*PX@\x0e\x02\x01\x01\x01\x0eC\x04\
\x03\x02\x00\x00\x0d\x00D\x1b@\x0e\x04\x03\x02\x00\x00\x01\
Q\x02\x01\x01\x01\x0e\x00DYY@\x0b\x00\x00\x00\x0b\
\x00\x0b\x12\x12\x12\x05\x12+!\x0b\x01#\x01\x033\x17\
73\x03\x01\x02\x07\xb1\xb6\x98\x01\x01\xf5\xa7\xa2\xa3\x98\
\xec\x01\x06\x01\x10\xfe\xf0\x01s\x01W\xf8\xf8\xfe\xaa\xfe\
\x8c\x00\x00\x00\x01\x00\x05\x00\x00\x02\xb4\x02\xca\x00\x08\x00\
Q\xb7\x07\x04\x01\x03\x02\x00\x01BK\xb0&PX@\
\x0d\x01\x01\x00\x00\x0cC\x03\x01\x02\x02\x0d\x02D\x1bK\
\xb0*PX@\x0d\x01\x01\x00\x00\x0eC\x03\x01\x02\x02\
\x0d\x02D\x1b@\x0d\x03\x01\x02\x00\x02k\x01\x01\x00\x00\
\x0e\x00DYY@\x0a\x00\x00\x00\x08\x00\x08\x12\x12\x04\
\x11+!\x11\x013\x1b\x013\x01\x11\x01\x17\xfe\xee\xa4\
\xc2\xc3\x86\xfe\xf0\x010\x01\x9a\xfe\xd8\x01(\xfef\xfe\
\xd0\x00\x00\x00\x01\x00-\x00\x00\x02a\x02\xca\x00\x09\x00\
m@\x0a\x06\x01\x00\x01\x01\x01\x03\x02\x02BK\xb0&\
PX@\x16\x00\x00\x00\x01Q\x00\x01\x01\x0cC\x00\x02\
\x02\x03Q\x04\x01\x03\x03\x0d\x03D\x1bK\xb0*PX\
@\x16\x00\x00\x00\x01Q\x00\x01\x01\x0eC\x00\x02\x02\x03\
Q\x04\x01\x03\x03\x0d\x03D\x1b@\x13\x00\x02\x04\x01\x03\
\x02\x03U\x00\x00\x00\x01Q\x00\x01\x01\x0e\x00DYY\
@\x0b\x00\x00\x00\x09\x00\x09\x12\x11\x12\x05\x12+35\
\x01!5!\x15\x01!\x15-\x01n\xfe\xa7\x02\x1f\xfe\
\x91\x01jE\x02\x11t9\xfd\xe1r\x00\x01\x00t\xff\
\x83\x01]\x033\x00\x07\x00'@$\x00\x00\x00\x01\x02\
\x00\x01Y\x00\x02\x03\x03\x02M\x00\x02\x02\x03Q\x04\x01\
\x03\x02\x03E\x00\x00\x00\x07\x00\x07\x11\x11\x11\x05\x12+\
\x17\x113\x15#\x113\x15t\xe9\x83\x83}\x03\xb0Z\
\xfd\x04Z\x00\x01\x00\x03\xff\xd9\x01\xbb\x02\xd4\x00\x03\x00\
BK\xb0&PX@\x0c\x02\x01\x01\x00\x01k\x00\x00\
\x00\x0c\x00D\x1bK\xb02PX@\x0c\x02\x01\x01\x00\
\x01k\x00\x00\x00\x0e\x00D\x1b@\x0a\x00\x00\x01\x00j\
\x02\x01\x01\x01aYY@\x09\x00\x00\x00\x03\x00\x03\x11\
\x03\x10+\x05\x013\x01\x01U\xfe\xaee\x01S'\x02\
\xfb\xfd\x05\x00\x01\x00\x1f\xff\x83\x01\x08\x033\x00\x07\x00\
'@$\x00\x02\x00\x01\x00\x02\x01Y\x00\x00\x03\x03\x00\
M\x00\x00\x00\x03Q\x04\x01\x03\x00\x03E\x00\x00\x00\x07\
\x00\x07\x11\x11\x11\x05\x12+\x1753\x11#53\x11\
\x1f\x82\x82\xe9}Z\x02\xfcZ\xfcP\x00\x01\x00\x15\x01\
w\x01\xbd\x02\xca\x00\x06\x009\xb5\x01\x01\x00\x01\x01B\
K\xb0&PX@\x0d\x03\x02\x02\x00\x01\x00k\x00\x01\
\x01\x0c\x01D\x1b@\x0d\x03\x02\x02\x00\x01\x00k\x00\x01\
\x01\x0e\x01DY@\x0a\x00\x00\x00\x06\x00\x06\x11\x12\x04\
\x11+\x01'\x07#\x133\x13\x01Icbo\xa0b\
\xa6\x01w\xe7\xe7\x01S\xfe\xad\x00\x00\x00\x01\x00\x00\xff\
\x88\x02\x15\xff\xd3\x00\x03\x00\x1d@\x1a\x00\x00\x01\x01\x00\
M\x00\x00\x00\x01Q\x02\x01\x01\x00\x01E\x00\x00\x00\x03\
\x00\x03\x11\x03\x10+\x155!\x15\x02\x15xKK\x00\
\x01\x00:\x024\x01:\x02\xe4\x00\x03\x00\x16@\x13\x00\
\x00\x01\x00j\x02\x01\x01\x01a\x00\x00\x00\x03\x00\x03\x11\
\x03\x10+\x13'3\x17\xee\xb4\x8ds\x024\xb0\xb0\xff\
\xff\x00\x05\x00\x00\x02\xe4\x02\xca\x00\x22\x01\xf4\x05\x00\x03\
\x06\x00#\x00\x00\x00`\xb5\x0b\x01\x04\x02\x01BK\xb0\
&PX@\x14\x00\x04\x00\x00\x01\x04\x00Z\x00\x02\x02\
\x0cC\x03\x01\x01\x01\x0d\x01D\x1bK\xb0*PX@\
\x14\x00\x04\x00\x00\x01\x04\x00Z\x00\x02\x02\x0eC\x03\x01\
\x01\x01\x0d\x01D\x1b@\x14\x03\x01\x01\x00\x01k\x00\x04\
\x00\x00\x01\x04\x00Z\x00\x02\x02\x0e\x02DYY\xb6\x11\
\x11\x11\x11\x11\x05\x1f+\xff\xff\x00<\x00\x00\x02\xb8\x02\
\xca\x00\x22\x01\xf4<\x00\x03\x06\x00$\x00\x00\x00\x94\xb5\
\x0b\x01\x03\x04\x01BK\xb0&PX@ \x08\x01\x04\
\x07\x01\x03\x02\x04\x03[\x00\x05\x05\x00S\x00\x00\x00\x0c\
C\x00\x02\x02\x01S\x06\x01\x01\x01\x0d\x01D\x1bK\xb0\
*PX@ \x08\x01\x04\x07\x01\x03\x02\x04\x03[\x00\
\x05\x05\x00S\x00\x00\x00\x0eC\x00\x02\x02\x01S\x06\x01\
\x01\x01\x0d\x01D\x1b@\x1d\x08\x01\x04\x07\x01\x03\x02\x04\
\x03[\x00\x02\x06\x01\x01\x02\x01W\x00\x05\x05\x00S\x00\
\x00\x00\x0e\x05DYY@\x19$#\x16\x16\x01\x01*\
(#+$+\x16\x22\x16!\x19\x17\x01\x15\x01\x14\x22\
\x09\x1b+\xff\xff\x00\x1f\xff\xee\x02\xf9\x02\xde\x00\x22\x01\
\xf4\x1f\x00\x03\x06\x00%\x00\x00\x00\x99K\xb0&PX\
@%\x00\x01\x02\x04\x02\x01\x04h\x00\x04\x03\x02\x04\x03\
f\x00\x02\x02\x00S\x06\x01\x00\x00\x14C\x00\x03\x03\x05\
S\x00\x05\x05\x15\x05D\x1bK\xb0*PX@#\x00\
\x01\x02\x04\x02\x01\x04h\x00\x04\x03\x02\x04\x03f\x06\x01\
\x00\x00\x02\x01\x00\x02[\x00\x03\x03\x05S\x00\x05\x05\x15\
\x05D\x1b@(\x00\x01\x02\x04\x02\x01\x04h\x00\x04\x03\
\x02\x04\x03f\x06\x01\x00\x00\x02\x01\x00\x02[\x00\x03\x05\
\x05\x03O\x00\x03\x03\x05S\x00\x05\x03\x05GYY@\
\x12\x02\x01\x22 \x1c\x1b\x17\x15\x0d\x0b\x07\x06\x01*\x02\
*\x07\x1a+\x00\x00\x00\xff\xff\x00<\x00\x00\x02\xa3\x02\
\xca\x00\x22\x01\xf4<\x00\x03\x06\x00&\x00\x00\x00bK\
\xb0&PX@\x16\x00\x03\x03\x00S\x00\x00\x00\x0cC\
\x04\x01\x02\x02\x01S\x00\x01\x01\x0d\x01D\x1bK\xb0*\
PX@\x16\x00\x03\x03\x00S\x00\x00\x00\x0eC\x04\x01\
\x02\x02\x01S\x00\x01\x01\x0d\x01D\x1b@\x13\x04\x01\x02\
\x00\x01\x02\x01W\x00\x03\x03\x00S\x00\x00\x00\x0e\x03D\
YY@\x0c\x0f\x0e\x19\x17\x0e\x1a\x0f\x1a(!\x05\x1c\
+\x00\x00\xff\xff\x00<\x00\x00\x02n\x02\xca\x00\x22\x01\
\xf4<\x00\x03\x06\x00'\x00\x00\x00{K\xb0&PX\
@\x1e\x00\x02\x00\x03\x04\x02\x03Y\x00\x01\x01\x00Q\x00\
\x00\x00\x0cC\x00\x04\x04\x05Q\x06\x01\x05\x05\x0d\x05D\
\x1bK\xb0*PX@\x1e\x00\x02\x00\x03\x04\x02\x03Y\
\x00\x01\x01\x00Q\x00\x00\x00\x0eC\x00\x04\x04\x05Q\x06\
\x01\x05\x05\x0d\x05D\x1b@\x1b\x00\x02\x00\x03\x04\x02\x03\
Y\x00\x04\x06\x01\x05\x04\x05U\x00\x01\x01\x00Q\x00\x00\
\x00\x0e\x01DYY@\x0d\x01\x01\x01\x0c\x01\x0c\x11\x11\
\x11\x11\x12\x07\x1f+\x00\xff\xff\x00<\x00\x00\x02]\x02\
\xca\x00\x22\x01\xf4<\x00\x03\x06\x00(\x00\x00\x00nK\
\xb0&PX@\x19\x00\x03\x05\x01\x04\x00\x03\x04Y\x00\
\x02\x02\x01Q\x00\x01\x01\x0cC\x00\x00\x00\x0d\x00D\x1b\
K\xb0*PX@\x19\x00\x03\x05\x01\x04\x00\x03\x04Y\
\x00\x02\x02\x01Q\x00\x01\x01\x0eC\x00\x00\x00\x0d\x00D\
\x1b@\x19\x00\x00\x04\x00k\x00\x03\x05\x01\x04\x00\x03\x04\
Y\x00\x02\x02\x01Q\x00\x01\x01\x0e\x02DYY@\x0c\
\x01\x01\x01\x0a\x01\x0a\x11\x11\x11\x12\x06\x1e+\x00\x00\xff\
\xff\x00\x1f\xff\xee\x02\xf5\x02\xde\x00\x22\x01\xf4\x1f\x00\x03\
\x06\x00)\x00\x00\x00\xe2\xb5\x02\x01\x04\x05\x01BK\xb0\
\x0dPX@'\x00\x02\x03\x06\x03\x02\x06h\x00\x06\x00\
\x05\x04\x06\x05Y\x00\x03\x03\x01S\x00\x01\x01\x14C\x00\
\x04\x04\x00S\x08\x07\x02\x00\x00\x15\x00D\x1bK\xb0&\
PX@+\x00\x02\x03\x06\x03\x02\x06h\x00\x06\x00\x05\
\x04\x06\x05Y\x00\x03\x03\x01S\x00\x01\x01\x14C\x08\x01\
\x07\x07\x0dC\x00\x04\x04\x00S\x00\x00\x00\x15\x00D\x1b\
K\xb0*PX@)\x00\x02\x03\x06\x03\x02\x06h\x00\
\x01\x00\x03\x02\x01\x03[\x00\x06\x00\x05\x04\x06\x05Y\x08\
\x01\x07\x07\x0dC\x00\x04\x04\x00S\x00\x00\x00\x15\x00D\
\x1b@1\x00\x02\x03\x06\x03\x02\x06h\x08\x01\x07\x04\x00\
\x04\x07\x00h\x00\x01\x00\x03\x02\x01\x03[\x00\x06\x00\x05\
\x04\x06\x05Y\x00\x04\x07\x00\x04O\x00\x04\x04\x00S\x00\
\x00\x04\x00GYYY@\x0f\x01\x01\x01-\x01-\x11\
\x14(\x22\x14(&\x09!+\x00\x00\xff\xff\x00<\x00\
\x00\x02\x95\x02\xca\x00\x22\x01\xf4<\x00\x03\x06\x00*\x00\
\x00\x00fK\xb0&PX@\x16\x00\x03\x00\x00\x01\x03\
\x00Y\x04\x01\x02\x02\x0cC\x06\x05\x02\x01\x01\x0d\x01D\
\x1bK\xb0*PX@\x16\x00\x03\x00\x00\x01\x03\x00Y\
\x04\x01\x02\x02\x0eC\x06\x05\x02\x01\x01\x0d\x01D\x1b@\
\x16\x00\x03\x00\x00\x01\x03\x00Y\x06\x05\x02\x01\x01\x02Q\
\x04\x01\x02\x02\x0e\x01DYY@\x0d\x01\x01\x01\x0c\x01\
\x0c\x11\x11\x11\x11\x12\x07\x1f+\x00\x00\xff\xff\x00@\x00\
\x00\x00\xcd\x02\xca\x00\x22\x01\xf4@\x00\x03\x06\x00+\x00\
\x00\x00DK\xb0&PX@\x0c\x00\x00\x00\x0cC\x02\
\x01\x01\x01\x0d\x01D\x1bK\xb0*PX@\x0c\x00\x00\
\x00\x0eC\x02\x01\x01\x01\x0d\x01D\x1b@\x0c\x02\x01\x01\
\x01\x00Q\x00\x00\x00\x0e\x01DYY@\x09\x01\x01\x01\
\x04\x01\x04\x12\x03\x1b+\xff\xff\x00\x0c\xff\xee\x01\xbb\x02\
\xca\x00\x22\x01\xf4\x0c\x00\x03\x06\x00,\x00\x00\x00_@\
\x0a\x05\x01\x01\x02\x04\x01\x00\x01\x02BK\xb0&PX\
@\x11\x00\x02\x02\x0cC\x00\x01\x01\x00S\x03\x01\x00\x00\
\x15\x00D\x1bK\xb0*PX@\x11\x00\x02\x02\x0eC\
\x00\x01\x01\x00S\x03\x01\x00\x00\x15\x00D\x1b@\x0e\x00\
\x01\x03\x01\x00\x01\x00W\x00\x02\x02\x0e\x02DYY@\
\x0c\x02\x01\x0d\x0c\x09\x07\x01\x12\x02\x12\x04\x1a+\x00\xff\
\xff\x00<\x00\x00\x02\xf4\x02\xca\x00\x22\x01\xf4<\x00\x03\
\x06\x00-\x00\x00\x00W@\x09\x0b\x08\x03\x02\x04\x00\x01\
\x01BK\xb0&PX@\x0e\x02\x01\x01\x01\x0cC\x04\
\x03\x02\x00\x00\x0d\x00D\x1bK\xb0*PX@\x0e\x02\
\x01\x01\x01\x0eC\x04\x03\x02\x00\x00\x0d\x00D\x1b@\x0e\
\x04\x03\x02\x00\x00\x01Q\x02\x01\x01\x01\x0e\x00DYY\
@\x0b\x01\x01\x01\x0c\x01\x0c\x12\x11\x14\x05\x1d+\x00\xff\
\xff\x00<\x00\x00\x02~\x02\xca\x00\x22\x01\xf4<\x00\x03\
\x06\x00.\x00\x00\x00QK\xb0&PX@\x11\x00\x00\
\x00\x0cC\x00\x01\x01\x02R\x03\x01\x02\x02\x0d\x02D\x1b\
K\xb0*PX@\x11\x00\x00\x00\x0eC\x00\x01\x01\x02\
R\x03\x01\x02\x02\x0d\x02D\x1b@\x0e\x00\x01\x03\x01\x02\
\x01\x02V\x00\x00\x00\x0e\x00DYY@\x0a\x01\x01\x01\
\x06\x01\x06\x11\x12\x04\x1c+\x00\x00\x00\xff\xff\x009\x00\
\x00\x03*\x02\xca\x00\x22\x01\xf49\x00\x03\x06\x00/\x00\
\x00\x00Y\xb7\x0a\x05\x02\x03\x00\x02\x01BK\xb0&P\
X@\x0f\x03\x01\x02\x02\x0cC\x05\x04\x01\x03\x00\x00\x0d\
\x00D\x1bK\xb0*PX@\x0f\x03\x01\x02\x02\x0eC\
\x05\x04\x01\x03\x00\x00\x0d\x00D\x1b@\x0f\x05\x04\x01\x03\
\x00\x00\x02Q\x03\x01\x02\x02\x0e\x00DYY@\x0c\x01\
\x01\x01\x0d\x01\x0d\x12\x11\x12\x13\x06\x1e+\x00\x00\x00\xff\
\xff\x009\x00\x00\x02\xa5\x02\xca\x00\x22\x01\xf49\x00\x03\
\x06\x000\x00\x00\x00T\xb6\x07\x02\x02\x00\x01\x01BK\
\xb0&PX@\x0e\x02\x01\x01\x01\x0cC\x04\x03\x02\x00\
\x00\x0d\x00D\x1bK\xb0*PX@\x0e\x02\x01\x01\x01\
\x0eC\x04\x03\x02\x00\x00\x0d\x00D\x1b@\x0e\x04\x03\x02\
\x00\x00\x01Q\x02\x01\x01\x01\x0e\x00DYY@\x0b\x01\
\x01\x01\x0a\x01\x0a\x12\x11\x13\x05\x1d+\xff\xff\x00\x1f\xff\
\xee\x02\xf8\x02\xde\x00\x22\x01\xf4\x1f\x00\x03\x06\x001\x00\
\x00\x00pK\xb0&PX@\x17\x00\x03\x03\x01S\x00\
\x01\x01\x14C\x05\x01\x02\x02\x00S\x04\x01\x00\x00\x15\x00\
D\x1bK\xb0*PX@\x15\x00\x01\x00\x03\x02\x01\x03\
[\x05\x01\x02\x02\x00S\x04\x01\x00\x00\x15\x00D\x1b@\
\x1b\x00\x01\x00\x03\x02\x01\x03[\x05\x01\x02\x00\x00\x02O\
\x05\x01\x02\x02\x00S\x04\x01\x00\x02\x00GYY@\x12\
\x16\x15\x02\x01 \x1e\x15(\x16(\x0c\x0a\x01\x14\x02\x14\
\x06\x1a+\xff\xff\x00<\x00\x00\x02\xb8\x02\xca\x00\x22\x01\
\xf4<\x00\x03\x06\x002\x00\x00\x00wK\xb0&PX\
@\x1a\x00\x03\x00\x01\x02\x03\x01[\x06\x01\x04\x04\x00S\
\x00\x00\x00\x0cC\x05\x01\x02\x02\x0d\x02D\x1bK\xb0*\
PX@\x1a\x00\x03\x00\x01\x02\x03\x01[\x06\x01\x04\x04\
\x00S\x00\x00\x00\x0eC\x05\x01\x02\x02\x0d\x02D\x1b@\
\x1a\x05\x01\x02\x01\x02k\x00\x03\x00\x01\x02\x03\x01[\x06\
\x01\x04\x04\x00S\x00\x00\x00\x0e\x04DYY@\x12\x10\
\x10\x01\x01\x10\x18\x10\x17\x13\x11\x01\x0f\x01\x0f(\x22\x07\
\x1c+\x00\xff\xff\x00\x1f\xffr\x02\xf8\x02\xde\x00\x22\x01\
\xf4\x1f\x00\x03\x06\x003\x00\x00\x00~@\x0c\x1c\x13\x02\
\x00\x02\x01B\x17\x16\x02\x00?K\xb0&PX@\x17\
\x00\x03\x03\x01S\x00\x01\x01\x14C\x05\x01\x02\x02\x00S\
\x04\x01\x00\x00\x15\x00D\x1bK\xb0*PX@\x15\x00\
\x01\x00\x03\x02\x01\x03[\x05\x01\x02\x02\x00S\x04\x01\x00\
\x00\x15\x00D\x1b@\x1b\x00\x01\x00\x03\x02\x01\x03[\x05\
\x01\x02\x00\x00\x02O\x05\x01\x02\x02\x00S\x04\x01\x00\x02\
\x00GYY@\x12 \x1f\x02\x01*(\x1f2 2\
\x0c\x0a\x01\x1e\x02\x1e\x06\x1a+\x00\x00\xff\xff\x00<\x00\
\x00\x02\xd0\x02\xca\x00\x22\x01\xf4<\x00\x03\x06\x004\x00\
\x00\x00\x88@\x0b\x16\x01\x00\x04\x1b\x04\x02\x01\x00\x02B\
K\xb0&PX@\x1b\x00\x04\x00\x00\x01\x04\x00[\x07\
\x01\x05\x05\x02S\x00\x02\x02\x0cC\x06\x03\x02\x01\x01\x0d\
\x01D\x1bK\xb0*PX@\x1b\x00\x04\x00\x00\x01\x04\
\x00[\x07\x01\x05\x05\x02S\x00\x02\x02\x0eC\x06\x03\x02\
\x01\x01\x0d\x01D\x1b@\x1b\x06\x03\x02\x01\x00\x01k\x00\
\x04\x00\x00\x01\x04\x00[\x07\x01\x05\x05\x02S\x00\x02\x02\
\x0e\x05DYY@\x13\x1f\x1f\x01\x01\x1f)\x1f(\x22\
 \x01\x1e\x01\x1e!\x11(\x08\x1d+\xff\xff\x00\x13\xff\
\xee\x02\x89\x02\xde\x00\x22\x01\xf4\x13\x00\x03\x06\x005\x00\
\x00\x00\x98K\xb0&PX@%\x06\x01\x05\x00\x02\x00\
\x05\x02h\x00\x02\x03\x00\x02\x03f\x00\x00\x00\x04S\x00\
\x04\x04\x14C\x00\x03\x03\x01S\x00\x01\x01\x15\x01D\x1b\
K\xb0*PX@#\x06\x01\x05\x00\x02\x00\x05\x02h\
\x00\x02\x03\x00\x02\x03f\x00\x04\x00\x00\x05\x04\x00[\x00\
\x03\x03\x01S\x00\x01\x01\x15\x01D\x1b@(\x06\x01\x05\
\x00\x02\x00\x05\x02h\x00\x02\x03\x00\x02\x03f\x00\x04\x00\
\x00\x05\x04\x00[\x00\x03\x01\x01\x03O\x00\x03\x03\x01S\
\x00\x01\x03\x01GYY@\x11\x01\x01\x01B\x01B>\
<'%! \x1c\x1a%\x07\x1b+\xff\xff\x00\x13\x00\
\x00\x02[\x02\xca\x00\x22\x01\xf4\x13\x00\x03\x06\x006\x00\
\x00\x00XK\xb0&PX@\x12\x02\x01\x00\x00\x01Q\
\x00\x01\x01\x0cC\x04\x01\x03\x03\x0d\x03D\x1bK\xb0*\
PX@\x12\x02\x01\x00\x00\x01Q\x00\x01\x01\x0eC\x04\
\x01\x03\x03\x0d\x03D\x1b@\x12\x04\x01\x03\x00\x03k\x02\
\x01\x00\x00\x01Q\x00\x01\x01\x0e\x00DYY@\x0b\x01\
\x01\x01\x08\x01\x08\x11\x11\x12\x05\x1d+\xff\xff\x001\xff\
\xee\x02\xa5\x02\xca\x00\x22\x01\xf41\x00\x03\x06\x007\x00\
\x00\x00LK\xb0&PX@\x11\x02\x01\x00\x00\x0cC\
\x00\x03\x03\x01S\x00\x01\x01\x15\x01D\x1bK\xb0*P\
X@\x11\x02\x01\x00\x00\x0eC\x00\x03\x03\x01S\x00\x01\
\x01\x15\x01D\x1b@\x0e\x00\x03\x00\x01\x03\x01W\x02\x01\
\x00\x00\x0e\x00DYY\xb5%\x13#\x11\x04\x1e+\xff\
\xff\x00\x07\x00\x00\x02\x88\x02\xca\x00\x22\x01\xf4\x07\x00\x03\
\x06\x008\x00\x00\x00O\xb5\x04\x01\x02\x00\x01BK\xb0\
&PX@\x0d\x01\x01\x00\x00\x0cC\x03\x01\x02\x02\x0d\
\x02D\x1bK\xb0*PX@\x0d\x01\x01\x00\x00\x0eC\
\x03\x01\x02\x02\x0d\x02D\x1b@\x0d\x03\x01\x02\x00\x02k\
\x01\x01\x00\x00\x0e\x00DYY@\x0a\x01\x01\x01\x07\x01\
\x07\x12\x12\x04\x1c+\x00\xff\xff\x00\x09\x00\x00\x04\x11\x02\
\xca\x00\x22\x01\xf4\x09\x00\x03\x06\x009\x00\x00\x00Y\xb7\
\x0a\x07\x02\x03\x00\x01\x01BK\xb0&PX@\x0f\x03\
\x02\x02\x01\x01\x0cC\x05\x04\x02\x00\x00\x0d\x00D\x1bK\
\xb0*PX@\x0f\x03\x02\x02\x01\x01\x0eC\x05\x04\x02\
\x00\x00\x0d\x00D\x1b@\x0f\x05\x04\x02\x00\x01\x00k\x03\
\x02\x02\x01\x01\x0e\x01DYY@\x0c\x01\x01\x01\x0d\x01\
\x0d\x12\x12\x11\x13\x06\x1e+\x00\x00\x00\xff\xff\x00\x08\x00\
\x00\x02\xb2\x02\xca\x00\x22\x01\xf4\x08\x00\x03\x06\x00:\x00\
\x00\x00W@\x09\x0b\x08\x05\x02\x04\x00\x01\x01BK\xb0\
&PX@\x0e\x02\x01\x01\x01\x0cC\x04\x03\x02\x00\x00\
\x0d\x00D\x1bK\xb0*PX@\x0e\x02\x01\x01\x01\x0e\
C\x04\x03\x02\x00\x00\x0d\x00D\x1b@\x0e\x04\x03\x02\x00\
\x00\x01Q\x02\x01\x01\x01\x0e\x00DYY@\x0b\x01\x01\
\x01\x0c\x01\x0c\x12\x12\x13\x05\x1d+\x00\xff\xff\x00\x05\x00\
\x00\x02\xb4\x02\xca\x00\x22\x01\xf4\x05\x00\x03\x06\x00;\x00\
\x00\x00Q\xb7\x08\x05\x02\x03\x02\x00\x01BK\xb0&P\
X@\x0d\x01\x01\x00\x00\x0cC\x03\x01\x02\x02\x0d\x02D\
\x1bK\xb0*PX@\x0d\x01\x01\x00\x00\x0eC\x03\x01\
\x02\x02\x0d\x02D\x1b@\x0d\x03\x01\x02\x00\x02k\x01\x01\
\x00\x00\x0e\x00DYY@\x0a\x01\x01\x01\x09\x01\x09\x12\
\x13\x04\x1c+\x00\x00\x00\xff\xff\x00-\x00\x00\x02a\x02\
\xca\x00\x22\x01\xf4-\x00\x03\x06\x00<\x00\x00\x00m@\
\x0a\x07\x01\x00\x01\x02\x01\x03\x02\x02BK\xb0&PX\
@\x16\x00\x00\x00\x01Q\x00\x01\x01\x0cC\x00\x02\x02\x03\
Q\x04\x01\x03\x03\x0d\x03D\x1bK\xb0*PX@\x16\
\x00\x00\x00\x01Q\x00\x01\x01\x0eC\x00\x02\x02\x03Q\x04\
\x01\x03\x03\x0d\x03D\x1b@\x13\x00\x02\x04\x01\x03\x02\x03\
U\x00\x00\x00\x01Q\x00\x01\x01\x0e\x00DYY@\x0b\
\x01\x01\x01\x0a\x01\x0a\x12\x11\x13\x05\x1d+\x00\x00\x00\x00\
\x01\x00V\xff\x83\x01p\x033\x00(\x00<@9\x1f\
\x01\x01\x02\x01B\x00\x03\x00\x04\x02\x03\x04[\x00\x02\x00\
\x01\x05\x02\x01[\x00\x05\x00\x00\x05O\x00\x05\x05\x00S\
\x06\x01\x00\x05\x00G\x01\x00'%\x19\x17\x16\x14\x0d\x0b\
\x0a\x08\x00(\x01(\x07\x0f+\x05\x22.\x02=\x014\
&+\x015326=\x014>\x02;\x01\x15#\
\x22\x06\x1d\x01\x14\x06\x07\x1e\x01\x1d\x01\x14\x16;\x01\x15\
\x01\x1c\x1a/\x22\x14\x13\x17\x1d\x1d\x17\x13\x14\x22.\x1b\
TB\x19\x12!##!\x14\x17B}\x0d!7*\
\xe2$\x19T\x18#\xe2)8\x22\x0e]\x1b\x1c\xe9$\
1\x06\x061$\xea\x1d\x1b[\x00\x00\x00\x01\x00a\xff\
Z\x00\xbb\x038\x00\x03\x00\x1d@\x1a\x00\x00\x01\x01\x00\
M\x00\x00\x00\x01Q\x02\x01\x01\x00\x01E\x00\x00\x00\x03\
\x00\x03\x11\x03\x10+\x17\x113\x11aZ\xa6\x03\xde\xfc\
\x22\x00\x00\x00\x01\x00\x1e\xff\x83\x018\x033\x00(\x00\
7@4\x09\x01\x04\x03\x01B\x00\x02\x00\x01\x03\x02\x01\
[\x00\x03\x00\x04\x00\x03\x04[\x00\x00\x05\x05\x00O\x00\
\x00\x00\x05S\x06\x01\x05\x00\x05G\x00\x00\x00(\x00'\
!'!,!\x07\x14+\x175326=\x014\
67.\x01=\x014&+\x01532\x1e\x02\x1d\
\x01\x14\x16;\x01\x15#\x22\x06\x1d\x01\x14\x0e\x02#\x1e\
C\x19\x11!##!\x13\x17CU\x1b.\x22\x14\x13\
\x17\x1c\x1c\x17\x13\x14\x22.\x1b}[\x1c\x1c\xda&>\
\x07\x065'\xe2\x1c\x1b]\x0e\x228)\xe2#\x18T\
\x19$\xd9,:#\x0f\x00\x01\x00;\x00\xfd\x029\x01\
\x9b\x00!\x00%@\x22\x00\x00\x03\x02\x00O\x05\x01\x01\
\x00\x03\x02\x01\x03[\x00\x00\x00\x02S\x04\x01\x02\x00\x02\
G$\x14$$\x14\x22\x06\x15+\x01\x1e\x0132>\
\x0273\x14\x0e\x02#\x22&'.\x01#\x22\x0e\x02\
\x07#4>\x0232\x16\x01?\x1d<%\x0d\x1c\x18\
\x11\x03'\x19&/\x15!=#\x1d<$\x0e\x1d\x17\
\x11\x02(\x19'.\x15\x22<\x01t\x0c\x12\x07\x10\x1a\
\x142<!\x0b\x14\x0f\x0d\x12\x07\x10\x1b\x142=!\
\x0b\x15\x00\xff\xff\x00<\xff\xf7\x00\xdb\x02\xca\x00\x22\x01\
\xf4<\x00\x01\x0f\x00\x03\x01\x17\x02\xca\xc0\x01\x00jK\
\xb0&PX@\x17\x00\x02\x02\x03Q\x05\x01\x03\x03\x0c\
C\x04\x01\x01\x01\x00Q\x00\x00\x00\x0d\x00D\x1bK\xb0\
*PX@\x17\x00\x02\x02\x03Q\x05\x01\x03\x03\x0eC\
\x04\x01\x01\x01\x00Q\x00\x00\x00\x0d\x00D\x1b@\x14\x04\
\x01\x01\x00\x00\x01\x00U\x00\x02\x02\x03Q\x05\x01\x03\x03\
\x0e\x02DYY@\x11\x05\x05\x01\x01\x05\x08\x05\x08\x07\
\x06\x01\x04\x01\x04\x12\x06\x1b+\x00\x00\x00\x02\x00\x1f\x00\
\x00\x01\xcc\x02\xca\x00 \x00'\x00\x85@\x10%\x15\x0e\
\x0b\x04\x01\x00$\x1f\x16\x01\x04\x03\x02\x02BK\xb0&\
PX@\x1b\x00\x01\x00\x02\x00\x01\x02h\x00\x02\x03\x00\
\x02\x03f\x00\x00\x00\x0cC\x04\x01\x03\x03\x0d\x03D\x1b\
K\xb0*PX@\x1b\x00\x01\x00\x02\x00\x01\x02h\x00\
\x02\x03\x00\x02\x03f\x00\x00\x00\x0eC\x04\x01\x03\x03\x0d\
\x03D\x1b@\x1b\x00\x01\x00\x02\x00\x01\x02h\x00\x02\x03\
\x00\x02\x03f\x04\x01\x03\x03\x00Q\x00\x00\x00\x0e\x03D\
YY@\x0b\x00\x00\x00 \x00 \x17\x14\x1c\x05\x12+\
35.\x0354>\x02753\x15\x1e\x01\x17#\
.\x01'\x11>\x0173\x0e\x03\x07\x15\x03\x14\x16\x17\
\x11\x0e\x01\xd9*E1\x1a\x1b0E*<He\x0a\
P\x0a8%'7\x08M\x03\x1f0>#\xa27/\
/7\x89\x05';L,)I9%\x05\x8d\x8d\x08\
_Q-7\x07\xfe\xe9\x07:)$?1 \x05\x8a\
\x01h8O\x08\x01\x16\x08J\x00\x00\x00\x02\x00\x1f\xff\
\xee\x02\xb0\x02\xde\x00H\x00V\x01;@\x14=<\x02\
\x06\x08+\x01\x0c\x01L\x06\x02\x00\x0c\x1f\x01\x02\x0b\x04\
BK\xb0\x0ePX@6\x09\x01\x06\x0d\x0a\x02\x05\x01\
\x06\x05Y\x04\x01\x01\x00\x0c\x00\x01\x0c[\x00\x08\x08\x07\
S\x00\x07\x07\x14C\x00\x00\x00\x02S\x03\x01\x02\x02\x15\
C\x0e\x01\x0b\x0b\x02S\x03\x01\x02\x02\x15\x02D\x1bK\
\xb0&PX@=\x00\x01\x04\x0c\x04\x01\x0ch\x09\x01\
\x06\x0d\x0a\x02\x05\x04\x06\x05Y\x00\x04\x00\x0c\x00\x04\x0c\
[\x00\x08\x08\x07S\x00\x07\x07\x14C\x00\x00\x00\x02S\
\x03\x01\x02\x02\x15C\x0e\x01\x0b\x0b\x02S\x03\x01\x02\x02\
\x15\x02D\x1bK\xb0*PX@;\x00\x01\x04\x0c\x04\
\x01\x0ch\x00\x07\x00\x08\x06\x07\x08[\x09\x01\x06\x0d\x0a\
\x02\x05\x04\x06\x05Y\x00\x04\x00\x0c\x00\x04\x0c[\x00\x00\
\x00\x02S\x03\x01\x02\x02\x15C\x0e\x01\x0b\x0b\x02S\x03\
\x01\x02\x02\x15\x02D\x1b@<\x00\x01\x04\x0c\x04\x01\x0c\
h\x00\x07\x00\x08\x06\x07\x08[\x09\x01\x06\x0d\x0a\x02\x05\
\x04\x06\x05Y\x00\x04\x00\x0c\x00\x04\x0c[\x00\x00\x0b\x02\
\x00O\x0e\x01\x0b\x02\x02\x0bO\x0e\x01\x0b\x0b\x02S\x03\
\x01\x02\x0b\x02GYYY@\x1bJI\x00\x00PN\
IVJV\x00H\x00HGF%'\x11\x15$$\
'\x17*\x0f\x18+\x01\x1e\x01\x15\x14\x06\x07\x1e\x033\
2>\x0254&'3\x1e\x01\x15\x14\x0e\x02#\x22\
&'\x0e\x01#\x22&54632\x16\x17.\x01\
'#53.\x0154>\x0232\x16\x17\x07.\
\x01#\x22\x06\x15\x14\x16\x173\x15\x01267.\x01\
#\x22\x0e\x02\x15\x14\x16\x01\x83\x08\x0c\x05\x05\x09\x1e#\
'\x13\x18\x1f\x12\x07\x01\x01M\x02\x02\x12)A/6\
M \x1cQ6NRR<\x22>\x19\x03\x13\x0c\x9a\
w\x0e\x12$>T0Z\x80\x16i\x0b:30>\
\x13\x0d\xbe\xfe\x92\x1d7\x10\x15/\x1e\x09\x17\x15\x0e)\
\x01F\x15.\x1b\x13$\x11\x0a\x15\x10\x0b\x18$*\x11\
\x05\x0b\x05\x0e\x18\x0d)K:#. \x22,N=\
FD\x13\x0f\x1b2\x18H\x1a:!5R7\x1dX\
X(/380\x1f7\x1cH\xfe\xff\x22\x1a\x14\x19\
\x04\x0c\x14\x0f\x1c\x1a\x00\x00\x02\x00;\x00Y\x022\x02\
H\x00!\x005\x00B@?\x0c\x0a\x06\x04\x04\x02\x00\
\x1f\x13\x0d\x03\x04\x03\x02\x1e\x1c\x16\x14\x04\x01\x03\x03B\
\x0b\x05\x02\x00@\x1d\x15\x02\x01?\x00\x00\x00\x02\x03\x00\
\x02[\x00\x03\x01\x01\x03O\x00\x03\x03\x01S\x00\x01\x03\
\x01G(,/'\x04\x13+\x13467'7\x17\
632\x177\x17\x07\x1e\x01\x15\x14\x06\x07\x17\x07'\
\x0e\x01#\x22&'\x07'7.\x01%4.\x02#\
\x22\x0e\x02\x15\x14\x1e\x0232>\x02b\x11\x0eFI\
B1A>3AHD\x0f\x12\x12\x0fDGC\x19\
9\x1e\x1f;\x17CIF\x0e\x11\x01g\x17'5\x1e\
\x1e4'\x16\x16'4\x1e\x1e5'\x17\x01R\x1d9\
\x18AGF\x22\x22FGA\x17:\x1d\x1f8\x17@\
KH\x0f\x12\x12\x0fHKA\x179\x1d 4&\x14\
\x14&4  5%\x14\x14%5\x00\x01\x00\x14\x00\
\x00\x02H\x02\xca\x00\x16\x00\x94\xb5\x0d\x01\x04\x05\x01B\
K\xb0&PX@!\x07\x01\x04\x08\x01\x03\x02\x04\x03\
Z\x09\x01\x02\x0b\x0a\x02\x01\x00\x02\x01Y\x06\x01\x05\x05\
\x0cC\x00\x00\x00\x0d\x00D\x1bK\xb0*PX@!\
\x07\x01\x04\x08\x01\x03\x02\x04\x03Z\x09\x01\x02\x0b\x0a\x02\
\x01\x00\x02\x01Y\x06\x01\x05\x05\x0eC\x00\x00\x00\x0d\x00\
D\x1b@!\x00\x00\x01\x00k\x07\x01\x04\x08\x01\x03\x02\
\x04\x03Z\x09\x01\x02\x0b\x0a\x02\x01\x00\x02\x01Y\x06\x01\
\x05\x05\x0e\x05DYY@\x13\x00\x00\x00\x16\x00\x16\x15\
\x14\x11\x11\x12\x11\x11\x11\x11\x11\x11\x0c\x18+%\x15#\
5#535#53\x033\x1773\x033\x15\
#\x153\x15\x01m\x81\xb2\xb2\xb2\xa8\xce\x8c\x91\x90\x87\
\xd1\xa9\xb3\xb3sssOxO\x01A\xf6\xf6\xfe\xbf\
OxO\x00\x02\x00a\xffZ\x00\xbb\x038\x00\x03\x00\
\x07\x00.@+\x00\x02\x05\x01\x03\x00\x02\x03Y\x00\x00\
\x01\x01\x00M\x00\x00\x00\x01Q\x04\x01\x01\x00\x01E\x04\
\x04\x00\x00\x04\x07\x04\x07\x06\x05\x00\x03\x00\x03\x11\x06\x10\
+\x17\x113\x11\x03\x113\x11aZZZ\xa6\x01\xa1\
\xfe_\x02P\x01\x8e\xfer\x00\x00\x00\x00\x02\x00)\xff\
\x22\x02^\x02\xe3\x00N\x00`\x00\xd1@\x0aA\x01\x06\
\x05\x1a\x01\x02\x07\x02BK\xb0\x18PX@3\x08\x01\
\x05\x00\x06\x00\x05\x06h\x00\x06\x07\x00\x06\x07f\x00\x07\
\x02\x00\x07\x02f\x00\x02\x03\x00\x02\x03f\x00\x00\x00\x04\
S\x00\x04\x04\x14C\x00\x03\x03\x01T\x00\x01\x01\x13\x01\
D\x1bK\xb0&PX@0\x08\x01\x05\x00\x06\x00\x05\
\x06h\x00\x06\x07\x00\x06\x07f\x00\x07\x02\x00\x07\x02f\
\x00\x02\x03\x00\x02\x03f\x00\x03\x00\x01\x03\x01X\x00\x00\
\x00\x04S\x00\x04\x04\x14\x00D\x1b@6\x08\x01\x05\x00\
\x06\x00\x05\x06h\x00\x06\x07\x00\x06\x07f\x00\x07\x02\x00\
\x07\x02f\x00\x02\x03\x00\x02\x03f\x00\x04\x00\x00\x05\x04\
\x00[\x00\x03\x01\x01\x03O\x00\x03\x03\x01T\x00\x01\x03\
\x01HYY@\x15\x00\x00_]UR\x00N\x00N\
JH-+'&\x22 $\x09\x10+\x01.\x03#\
\x22\x0e\x02\x15\x14\x1e\x02\x17\x1e\x03\x17\x1e\x01\x15\x14\x06\
\x07\x16\x15\x14\x0e\x02#\x22.\x02'3\x1e\x0332\
>\x0254.\x02'.\x01'.\x035467\
.\x0154>\x0232\x1e\x02\x17\x034.\x02#\
\x22\x0e\x02\x15\x14\x1e\x02326\x01\xcb\x03\x1e+4\
\x1a\x131,\x1e\x10\x19!\x12\x1a877\x186?\
$\x1fU-K`34dR8\x08r\x07&6\
@ \x133/!\x0c\x15\x1c\x106t4\x1b0\x22\
\x14*%,7+H]23\x5cH-\x02U'\
8?\x19\x1c/#\x13&8B\x1d8C\x02\x10\x1f\
*\x19\x0a\x05\x12$\x1e\x14\x1b\x12\x0b\x04\x05\x08\x08\x0a\
\x07\x12JD1G\x15$j<P0\x14\x1a7V\
<#0\x1c\x0c\x05\x13%\x1f\x14\x1a\x11\x0a\x03\x0b\x10\
\x11\x0a\x1b&5#1J\x12\x11H57M.\x15\
\x194O7\xfe\xf0\x22&\x13\x04\x07\x14\x22\x1b\x1f&\
\x14\x06.\x00\x02\x00;\x02O\x01\xb4\x02\xd7\x00\x03\x00\
\x07\x00CK\xb0&PX@\x0f\x05\x03\x04\x03\x01\x01\
\x00Q\x02\x01\x00\x00\x0c\x01D\x1b@\x15\x02\x01\x00\x01\
\x01\x00M\x02\x01\x00\x00\x01Q\x05\x03\x04\x03\x01\x00\x01\
EY@\x11\x04\x04\x00\x00\x04\x07\x04\x07\x06\x05\x00\x03\
\x00\x03\x11\x06\x10+\x1353\x15353\x15;\x82\
t\x83\x02O\x88\x88\x88\x88\x00\x00\x00\x00\x03\x00\x1f\xff\
\xee\x02\xff\x02\xde\x00\x13\x00'\x00G\x00\xe0K\xb0&\
PX@7\x00\x09\x04\x06\x04\x09\x06h\x00\x06\x05\x04\
\x06\x05f\x00\x08\x0c\x01\x04\x09\x08\x04[\x00\x05\x00\x07\
\x02\x05\x07[\x00\x03\x03\x01S\x00\x01\x01\x14C\x0b\x01\
\x02\x02\x00S\x0a\x01\x00\x00\x15\x00D\x1bK\xb0*P\
X@5\x00\x09\x04\x06\x04\x09\x06h\x00\x06\x05\x04\x06\
\x05f\x00\x01\x00\x03\x08\x01\x03[\x00\x08\x0c\x01\x04\x09\
\x08\x04[\x00\x05\x00\x07\x02\x05\x07[\x0b\x01\x02\x02\x00\
S\x0a\x01\x00\x00\x15\x00D\x1b@;\x00\x09\x04\x06\x04\
\x09\x06h\x00\x06\x05\x04\x06\x05f\x00\x01\x00\x03\x08\x01\
\x03[\x00\x08\x0c\x01\x04\x09\x08\x04[\x00\x05\x00\x07\x02\
\x05\x07[\x0b\x01\x02\x00\x00\x02O\x0b\x01\x02\x02\x00S\
\x0a\x01\x00\x02\x00GYY@\x22)(\x15\x14\x01\x00\
EDB@8621/-(G)G\x1f\x1d\
\x14'\x15'\x0b\x09\x00\x13\x01\x13\x0d\x0f+\x05\x22.\
\x0254>\x0232\x1e\x02\x15\x14\x0e\x02'2>\
\x0254.\x02#\x22\x0e\x02\x15\x14\x1e\x02\x13\x22\x06\
\x15\x14\x1632673\x0e\x03#\x22.\x0254\
>\x0232\x16\x17#.\x01\x01\x92S\x89a6;\
f\x88MO\x85`68b\x85QAoQ.*\
MnDHrO**NpI)10*\x1a\
0\x0bD\x05\x1d)3\x1b%<*\x17\x17+<$\
:V\x0bG\x0a,\x129f\x8eUS\x87`45\
`\x88SQ\x8dg;?1UuE@pS/\
1So>EvV0\x01\xa24,-8\x22\x1a\
\x1b.!\x12\x1a,<#!;+\x19B=\x1d\x22\
\x00\x00\x00\x00\x02\x00(\x01\x04\x01]\x02)\x00-\x00\
<\x00J@G\x14\x01\x07\x02<.-\x03\x06\x07\x06\
\x00\x02\x00\x06\x03B\x00\x04\x03\x02\x03\x04\x02h\x00\x05\
\x00\x03\x04\x05\x03[\x00\x02\x00\x07\x06\x02\x07[\x08\x01\
\x06\x00\x00\x06O\x08\x01\x06\x06\x00S\x01\x01\x00\x06\x00\
G&%'$\x12$6$\x22\x09\x18+\x01\x0e\x01\
#\x22&'\x0e\x01#\x22&54>\x023:\x01\
\x1754&#\x22\x06\x07#>\x0332\x1e\x02\x1d\
\x01\x14\x163267'.\x01#\x22\x0e\x02\x15\x14\
\x163267\x01]\x0c#\x0e\x18'\x03\x108\x1d\
()\x1c+5\x19\x07\x0d\x06\x17\x14\x13\x1a\x03K\x01\
\x10\x1e)\x1b$2 \x0f\x0d\x0e\x08\x0b\x06\x84\x05\x0c\
\x08\x0b\x19\x15\x0f\x16\x0e\x13#\x07\x01\x10\x07\x05\x19\x1a\
\x18\x1a-'\x1f)\x18\x09\x01\x07\x19\x10\x0f\x18\x1e%\
\x15\x07\x0b\x1b.$I\x0e\x13\x03\x02L\x01\x02\x06\x0d\
\x16\x0f\x11\x0e\x15\x11\x00\xff\xff\x00\x16\x00S\x01\xf7\x02\
\x0c\x00\x22\x01\xf4\x16S\x00&\x01\xb7\x00\x00\x01\x07\x01\
\xb7\x01\x07\x00\x00\x00\x08\xb5\x0d\x0a\x06\x03\x02)+\x00\
\x01\x00;\x00\x00\x02 \x01\xe6\x00\x05\x00=K\xb0*\
PX@\x0f\x00\x01\x00\x00\x02\x01\x00Y\x03\x01\x02\x02\
\x0d\x02D\x1b@\x16\x03\x01\x02\x00\x02k\x00\x01\x00\x00\
\x01M\x00\x01\x01\x00Q\x00\x00\x01\x00EY@\x0a\x00\
\x00\x00\x05\x00\x05\x11\x11\x04\x11+!\x11!5!\x11\
\x01\xa4\xfe\x97\x01\xe5\x01e\x81\xfe\x1a\x00\x04\x00\x1e\xff\
\xee\x02\xff\x02\xde\x00\x13\x00'\x00@\x00I\x00\xdc\xb5\
:\x01\x04\x08\x01BK\xb0&PX@2\x0c\x07\x02\
\x05\x04\x02\x04\x05\x02h\x00\x06\x0d\x01\x09\x08\x06\x09[\
\x00\x08\x00\x04\x05\x08\x04[\x00\x03\x03\x01S\x00\x01\x01\
\x14C\x0b\x01\x02\x02\x00S\x0a\x01\x00\x00\x15\x00D\x1b\
K\xb0*PX@0\x0c\x07\x02\x05\x04\x02\x04\x05\x02\
h\x00\x01\x00\x03\x06\x01\x03[\x00\x06\x0d\x01\x09\x08\x06\
\x09[\x00\x08\x00\x04\x05\x08\x04[\x0b\x01\x02\x02\x00S\
\x0a\x01\x00\x00\x15\x00D\x1b@6\x0c\x07\x02\x05\x04\x02\
\x04\x05\x02h\x00\x01\x00\x03\x06\x01\x03[\x00\x06\x0d\x01\
\x09\x08\x06\x09[\x00\x08\x00\x04\x05\x08\x04[\x0b\x01\x02\
\x00\x00\x02O\x0b\x01\x02\x02\x00S\x0a\x01\x00\x02\x00G\
YY@&AA((\x15\x14\x01\x00AIAH\
DB(@(@310/.,\x1f\x1d\x14'\
\x15'\x0b\x09\x00\x13\x01\x13\x0e\x0f+\x05\x22.\x025\
4>\x0232\x1e\x02\x15\x14\x0e\x02'2>\x025\
4.\x02#\x22\x0e\x02\x15\x14\x1e\x027.\x03+\x01\
\x15#\x1132\x1e\x02\x15\x14\x06\x07\x1e\x01\x17\x1e\x01\
\x17\x03\x1532654&#\x01\x92S\x89b6\
;f\x88MP\x85`68b\x85QAoQ.\
*MnEHqO**Np\x9f\x09\x04\x07\x13\
\x18]I\xa9\x17-#\x16 \x1c!\x17\x02\x01\x04\x09\
\xe9l\x13\x15\x1a\x14\x129f\x8eUS\x87`45\
`\x88SQ\x8dg;>1UvE@pS/\
1So>FvV0\x9f\x0e+)\x1d\x7f\x01F\
\x07\x15%\x1e\x1d)\x08\x0e:!\x0f\x17\x0a\x01\x0dU\
\x16\x13\x17\x15\x00\x00\x00\x00\x01\x00;\x02q\x01j\x02\
\xb7\x00\x03\x004K\xb0\x1bPX@\x0c\x02\x01\x01\x01\
\x00Q\x00\x00\x00\x0c\x01D\x1b@\x11\x00\x00\x01\x01\x00\
M\x00\x00\x00\x01Q\x02\x01\x01\x00\x01EY@\x09\x00\
\x00\x00\x03\x00\x03\x11\x03\x10+\x135!\x15;\x01/\
\x02qFF\x00\x00\x00\x00\x02\x00<\x01\xc8\x01)\x02\
\xd4\x00\x13\x00\x1f\x00lK\xb0&PX@\x14\x05\x01\
\x02\x04\x01\x00\x02\x00W\x00\x03\x03\x01S\x00\x01\x01\x0c\
\x03D\x1bK\xb02PX@\x14\x05\x01\x02\x04\x01\x00\
\x02\x00W\x00\x03\x03\x01S\x00\x01\x01\x0e\x03D\x1b@\
\x1b\x00\x01\x00\x03\x02\x01\x03[\x05\x01\x02\x00\x00\x02O\
\x05\x01\x02\x02\x00S\x04\x01\x00\x02\x00GYY@\x12\
\x15\x14\x01\x00\x1b\x19\x14\x1f\x15\x1f\x0b\x09\x00\x13\x01\x13\
\x06\x0f+\x13\x22.\x0254>\x0232\x1e\x02\x15\
\x14\x0e\x02'2654&#\x22\x06\x15\x14\x16\xb2\
\x1f-\x1c\x0e\x0e\x1c-\x1f!-\x1c\x0d\x0d\x1c-!\
$ \x1f%#  \x01\xc8\x15%1\x1b\x1c1$\
\x15\x15$1\x1c\x1b1%\x1530#\x2200\x22\
#0\x00\xff\xff\x00:\x00\x18\x01\xcb\x02$\x00\x22\x01\
\xf4:\x18\x02&\x00\x0d\x00\x00\x01\x07\x01\xdc\xff\xff\xfe\
\xe9\x00\x8aK\xb0\x0cPX@#\x03\x01\x01\x04\x01\x00\
\x05\x01\x00Y\x00\x02\x00\x05\x06\x02\x05Y\x00\x06\x07\x07\
\x06M\x00\x06\x06\x07Q\x08\x01\x07\x06\x07E\x1bK\xb0\
\x15PX@\x1e\x03\x01\x01\x04\x01\x00\x05\x01\x00Y\x00\
\x02\x00\x05\x06\x02\x05Y\x00\x06\x06\x07Q\x08\x01\x07\x07\
\x0d\x07D\x1b@#\x03\x01\x01\x04\x01\x00\x05\x01\x00Y\
\x00\x02\x00\x05\x06\x02\x05Y\x00\x06\x07\x07\x06M\x00\x06\
\x06\x07Q\x08\x01\x07\x06\x07EYY@\x0f\x0d\x0d\x0d\
\x10\x0d\x10\x12\x11\x11\x11\x11\x11\x11\x09!+\x00\x00\xff\
\xff\x00\x1e\x01o\x01H\x02\xde\x00#\x01\xf4\x00\x1e\x01\
o\x03\x07\x01\xc3\x00\x00\x01x\x00]\xb5\x02\x01\x04\x03\
\x01BK\xb0&PX@\x1b\x00\x01\x00\x03\x00\x01\x03\
h\x00\x03\x05\x01\x04\x03\x04U\x00\x00\x00\x02S\x00\x02\
\x02\x14\x00D\x1b@!\x00\x01\x00\x03\x00\x01\x03h\x00\
\x02\x00\x00\x01\x02\x00[\x00\x03\x04\x04\x03M\x00\x03\x03\
\x04Q\x05\x01\x04\x03\x04EY@\x0c\x01\x01\x01%\x01\
%\x19&\x14+\x06\x1e+\x00\x00\x00\xff\xff\x00\x19\x01\
f\x01A\x02\xde\x00#\x01\xf4\x00\x19\x01f\x03\x07\x01\
\xc4\x00\x00\x01x\x00\x80\xb5\x1a\x01\x07\x00\x01BK\xb0\
&PX@+\x00\x02\x01\x00\x01\x02\x00h\x00\x05\x07\
\x06\x07\x05\x06h\x00\x00\x08\x01\x07\x05\x00\x07[\x00\x06\
\x00\x04\x06\x04W\x00\x01\x01\x03S\x00\x03\x03\x14\x01D\
\x1b@1\x00\x02\x01\x00\x01\x02\x00h\x00\x05\x07\x06\x07\
\x05\x06h\x00\x03\x00\x01\x02\x03\x01[\x00\x00\x08\x01\x07\
\x05\x00\x07[\x00\x06\x04\x04\x06O\x00\x06\x06\x04S\x00\
\x04\x06\x04GY@\x0f\x01\x01\x014\x013\x22\x17.\
$\x12$\x22\x09!+\x00\x01\x00:\x024\x01:\x02\
\xe4\x00\x03\x00\x16@\x13\x00\x00\x01\x00j\x02\x01\x01\x01\
a\x00\x00\x00\x03\x00\x03\x11\x03\x10+\x1373\x07:\
t\x8c\xb2\x024\xb0\xb0\xff\xff\x002\xff+\x02$\x01\
\xf1\x00\x22\x01\xf42\x00\x02&\x01@\x00\x00\x01\x06\x00\
\x02\x00\x00\x00\x88@\x0b\x0c\x01\x01\x00\x17\x11\x02\x03\x01\
\x02BK\xb0\x13PX@\x1e\x06\x01\x05\x00\x05I\x02\
\x01\x00\x00\x03S\x04\x01\x03\x03\x0dC\x00\x01\x01\x03S\
\x04\x01\x03\x03\x0d\x03D\x1bK\xb0*PX@\x1c\x06\
\x01\x05\x00\x05I\x02\x01\x00\x00\x03Q\x00\x03\x03\x0dC\
\x00\x01\x01\x04S\x00\x04\x04\x15\x04D\x1b@\x1d\x02\x01\
\x00\x00\x03\x04\x00\x03Y\x00\x01\x00\x04\x05\x01\x04[\x02\
\x01\x00\x00\x05Q\x06\x01\x05\x00\x05EYY@\x0d\x01\
\x01\x01\x18\x01\x18#\x11\x15#\x12\x07\x1f+\x00\x00\x00\
\x01\x00\x1f\xff]\x02\x1a\x02\xca\x00(\x00\x9c@\x0e'\
\x01\x06\x02\x15\x01\x03\x07\x16\x01\x04\x03\x03BK\xb0&\
PX@!\x00\x06\x00\x00\x07\x06\x00[\x00\x03\x00\x04\
\x03\x04W\x05\x01\x02\x02\x01S\x00\x01\x01\x0cC\x08\x01\
\x07\x07\x0d\x07D\x1bK\xb0*PX@!\x00\x06\x00\
\x00\x07\x06\x00[\x00\x03\x00\x04\x03\x04W\x05\x01\x02\x02\
\x01S\x00\x01\x01\x0eC\x08\x01\x07\x07\x0d\x07D\x1b@\
$\x08\x01\x07\x00\x03\x00\x07\x03h\x00\x06\x00\x00\x07\x06\
\x00[\x00\x03\x00\x04\x03\x04W\x05\x01\x02\x02\x01S\x00\
\x01\x01\x0e\x02DYY@\x0f\x00\x00\x00(\x00(&\
##3\x11(\x11\x09\x16+7\x11.\x0354>\
\x023!\x15#\x11\x14\x163:\x017\x15\x06#\x22\
&5\x11#\x22\x0e\x02\x15\x14\x16327\x11\xd0\x22\
@1\x1e\x1a5O6\x01'_\x15\x18\x07\x0d\x05\x14\
\x1a24\x7f\x1e+\x1d\x0e23%\x1b\x01\x01P\x02\
\x17-C-%F7!L\xfdR\x16\x18\x02B\x05\
;8\x02\xae\x14!+\x18/=\x14\xfeS\x00\x00\x00\
\x01\x00<\x01\x07\x00\xbc\x01\xb2\x00\x03\x00\x1d@\x1a\x00\
\x00\x01\x01\x00M\x00\x00\x00\x01Q\x02\x01\x01\x00\x01E\
\x00\x00\x00\x03\x00\x03\x11\x03\x10+\x1353\x15<\x80\
\x01\x07\xab\xab\x00\x00\x00\x00\x01\x00:\xff\x0e\x00\xb3\xff\
\xd7\x00\x0d\x00\x1c@\x19\x00\x01\x00\x00\x02\x01\x00Y\x03\
\x01\x02\x02\x13\x02D\x00\x00\x00\x0d\x00\x0d\x11\x15\x04\x11\
+\x177>\x01=\x01#53\x15\x14\x06\x0f\x01B\
\x1b\x03\x04*y\x04\x02-\xf24\x07\x0b\x08\x07tZ\
\x08\x0b\x06V\x00\x00\x00\xff\xff\x00\x1f\x01o\x00\xb2\x02\
\xd4\x00#\x01\xf4\x00\x1f\x01o\x03\x07\x01\xc2\x00\x00\x01\
x\x00cK\xb0&PX@\x14\x00\x01\x00\x00\x03\x01\
\x00Y\x04\x01\x03\x03\x02Q\x00\x02\x02\x0c\x03D\x1bK\
\xb02PX@\x14\x00\x01\x00\x00\x03\x01\x00Y\x04\x01\
\x03\x03\x02Q\x00\x02\x02\x0e\x03D\x1b@\x19\x00\x02\x01\
\x03\x02M\x00\x01\x00\x00\x03\x01\x00Y\x00\x02\x02\x03Q\
\x04\x01\x03\x02\x03EYY@\x0b\x01\x01\x01\x0b\x01\x0b\
\x14\x11\x12\x05\x1d+\x00\x00\x02\x00(\x01\x04\x01_\x02\
)\x00\x13\x00\x1f\x00!@\x1e\x00\x01\x00\x02\x03\x01\x02\
[\x00\x03\x00\x00\x03O\x00\x03\x03\x00S\x00\x00\x03\x00\
G$&($\x04\x13+\x01\x14\x0e\x02#\x22.\x02\
54>\x0232\x1e\x02\x074&#\x22\x06\x15\x14\
\x16326\x01_\x18+:! 8)\x18\x18*\
9 \x229*\x17T) !&%$#$\x01\
\x93 5&\x14\x17(5\x1f 6'\x15\x16'7\
\x1c#'&#$-+\x00\x00\x00\xff\xff\x00\x16\x00\
S\x01\xf7\x02\x0c\x00\x22\x01\xf4\x16S\x00&\x01\xb8\x00\
\x00\x01\x07\x01\xb8\x01\x07\x00\x00\x00\x08\xb5\x0c\x09\x05\x02\
\x02)+\xff\xff\x00\x1f\xff\xec\x02\xa8\x02\xde\x00\x22\x01\
\xf4\x1f\x00\x00'\x01\xc2\x00\x0d\x01x\x00'\x01\xb9\x00\
\xdd\x00\x00\x01\x07\x01\xc5\x01U\x00\x00\x01\xcb@\x0a\x1b\
\x01\x08\x07\x13\x01\x06\x08\x02BK\xb0\x15PX@,\
\x00\x01\x00\x00\x03\x01\x00Y\x0b\x01\x08\x09\x01\x06\x05\x08\
\x06Y\x0c\x01\x03\x03\x02Q\x04\x01\x02\x02\x0cC\x00\x07\
\x07\x05R\x0e\x0a\x0d\x03\x05\x05\x0d\x05D\x1bK\xb0\x18\
PX@0\x00\x01\x00\x00\x03\x01\x00Y\x0b\x01\x08\x09\
\x01\x06\x0a\x08\x06Y\x0c\x01\x03\x03\x02Q\x04\x01\x02\x02\
\x0cC\x00\x07\x07\x0aR\x0e\x01\x0a\x0a\x0dC\x0d\x01\x05\
\x05\x0d\x05D\x1bK\xb0\x1aPX@4\x00\x01\x00\x00\
\x03\x01\x00Y\x0b\x01\x08\x09\x01\x06\x0a\x08\x06Y\x00\x04\
\x04\x0cC\x0c\x01\x03\x03\x02Q\x00\x02\x02\x0cC\x00\x07\
\x07\x0aR\x0e\x01\x0a\x0a\x0dC\x0d\x01\x05\x05\x0d\x05D\
\x1bK\xb0&PX@4\x00\x04\x02\x04j\x0d\x01\x05\
\x0a\x05k\x00\x01\x00\x00\x03\x01\x00Y\x0b\x01\x08\x09\x01\
\x06\x0a\x08\x06Y\x0c\x01\x03\x03\x02Q\x00\x02\x02\x0cC\
\x00\x07\x07\x0aR\x0e\x01\x0a\x0a\x0d\x0aD\x1bK\xb0*\
PX@4\x00\x04\x02\x04j\x0d\x01\x05\x0a\x05k\x00\
\x01\x00\x00\x03\x01\x00Y\x0b\x01\x08\x09\x01\x06\x0a\x08\x06\
Y\x0c\x01\x03\x03\x02Q\x00\x02\x02\x0eC\x00\x07\x07\x0a\
R\x0e\x01\x0a\x0a\x0d\x0aD\x1bK\xb02PX@2\
\x00\x04\x02\x04j\x0d\x01\x05\x0a\x05k\x00\x01\x00\x00\x03\
\x01\x00Y\x0b\x01\x08\x09\x01\x06\x0a\x08\x06Y\x00\x07\x0e\
\x01\x0a\x05\x07\x0aZ\x0c\x01\x03\x03\x02Q\x00\x02\x02\x0e\
\x03D\x1b@7\x00\x04\x02\x04j\x0d\x01\x05\x0a\x05k\
\x00\x01\x00\x00\x03\x01\x00Y\x00\x02\x0c\x01\x03\x07\x02\x03\
Y\x00\x07\x08\x0a\x07M\x0b\x01\x08\x09\x01\x06\x0a\x08\x06\
Y\x00\x07\x07\x0aR\x0e\x01\x0a\x07\x0aFYYYY\
YY@#\x10\x10\x0c\x0c\x01\x01\x1d\x1c\x10\x1a\x10\x1a\
\x19\x18\x17\x16\x15\x14\x12\x11\x0c\x0f\x0c\x0f\x0e\x0d\x01\x0b\
\x01\x0b\x14\x11\x12\x0f\x1d+\x00\x00\x00\xff\xff\x00\x1f\xff\
\xec\x02\xa8\x02\xde\x00\x22\x01\xf4\x1f\x00\x00'\x01\xc2\x00\
\x0d\x01x\x00'\x01\xb9\x00\xdd\x00\x00\x01\x07\x01\xc3\x01\
`\x00\x00\x01\xfcK\xb0\x15PX\xb5\x11\x01\x05\x09\x01\
B\x1b\xb5\x11\x01\x0a\x09\x01BYK\xb0\x15PX@\
2\x00\x07\x06\x09\x06\x07\x09h\x00\x01\x00\x00\x03\x01\x00\
Y\x00\x08\x00\x06\x07\x08\x06\x5c\x0b\x01\x03\x03\x02Q\x04\
\x01\x02\x02\x0cC\x00\x09\x09\x05Q\x0d\x0a\x0c\x03\x05\x05\
\x0d\x05D\x1bK\xb0\x18PX@6\x00\x07\x06\x09\x06\
\x07\x09h\x00\x01\x00\x00\x03\x01\x00Y\x00\x08\x00\x06\x07\
\x08\x06\x5c\x0b\x01\x03\x03\x02Q\x04\x01\x02\x02\x0cC\x00\
\x09\x09\x0aQ\x0d\x01\x0a\x0a\x0dC\x0c\x01\x05\x05\x0d\x05\
D\x1bK\xb0\x1aPX@:\x00\x07\x06\x09\x06\x07\x09\
h\x00\x01\x00\x00\x03\x01\x00Y\x00\x08\x00\x06\x07\x08\x06\
\x5c\x00\x04\x04\x0cC\x0b\x01\x03\x03\x02Q\x00\x02\x02\x0c\
C\x00\x09\x09\x0aQ\x0d\x01\x0a\x0a\x0dC\x0c\x01\x05\x05\
\x0d\x05D\x1bK\xb0&PX@:\x00\x04\x02\x04j\
\x00\x07\x06\x09\x06\x07\x09h\x0c\x01\x05\x0a\x05k\x00\x01\
\x00\x00\x03\x01\x00Y\x00\x08\x00\x06\x07\x08\x06\x5c\x0b\x01\
\x03\x03\x02Q\x00\x02\x02\x0cC\x00\x09\x09\x0aQ\x0d\x01\
\x0a\x0a\x0d\x0aD\x1bK\xb0*PX@:\x00\x04\x02\
\x04j\x00\x07\x06\x09\x06\x07\x09h\x0c\x01\x05\x0a\x05k\
\x00\x01\x00\x00\x03\x01\x00Y\x00\x08\x00\x06\x07\x08\x06\x5c\
\x0b\x01\x03\x03\x02Q\x00\x02\x02\x0eC\x00\x09\x09\x0aQ\
\x0d\x01\x0a\x0a\x0d\x0aD\x1bK\xb02PX@8\x00\
\x04\x02\x04j\x00\x07\x06\x09\x06\x07\x09h\x0c\x01\x05\x0a\
\x05k\x00\x01\x00\x00\x03\x01\x00Y\x00\x08\x00\x06\x07\x08\
\x06\x5c\x00\x09\x0d\x01\x0a\x05\x09\x0aY\x0b\x01\x03\x03\x02\
Q\x00\x02\x02\x0e\x03D\x1b@=\x00\x04\x02\x04j\x00\
\x07\x06\x09\x06\x07\x09h\x0c\x01\x05\x0a\x05k\x00\x01\x00\
\x00\x03\x01\x00Y\x00\x02\x0b\x01\x03\x08\x02\x03Y\x00\x08\
\x00\x06\x07\x08\x06\x5c\x00\x09\x0a\x0a\x09M\x00\x09\x09\x0a\
Q\x0d\x01\x0a\x09\x0aEYYYYYY@!\x10\
\x10\x0c\x0c\x01\x01\x104\x10432)'! \x1c\
\x1a\x0c\x0f\x0c\x0f\x0e\x0d\x01\x0b\x01\x0b\x14\x11\x12\x0e\x1d\
+\x00\x00\xff\xff\x00\x1d\xff\xec\x02\xe6\x02\xde\x00\x22\x01\
\xf4\x1d\x00\x00'\x01\xc4\x00\x04\x01x\x00'\x01\xb9\x01\
\x1c\x00\x00\x01\x07\x01\xc5\x01\x93\x00\x00\x02\x11@\x0e\x1a\
\x01\x07\x00D\x01\x0c\x0b<\x01\x0a\x0c\x03BK\xb0\x10\
PX@C\x00\x02\x01\x00\x01\x02\x00h\x00\x05\x07\x06\
\x06\x05`\x00\x00\x10\x01\x07\x05\x00\x07[\x00\x06\x00\x04\
\x0b\x06\x04\x5c\x0f\x01\x0c\x0d\x01\x0a\x09\x0c\x0aY\x00\x01\
\x01\x03S\x08\x01\x03\x03\x14C\x00\x0b\x0b\x09R\x12\x0e\
\x11\x03\x09\x09\x0d\x09D\x1bK\xb0\x15PX@D\x00\
\x02\x01\x00\x01\x02\x00h\x00\x05\x07\x06\x07\x05\x06h\x00\
\x00\x10\x01\x07\x05\x00\x07[\x00\x06\x00\x04\x0b\x06\x04\x5c\
\x0f\x01\x0c\x0d\x01\x0a\x09\x0c\x0aY\x00\x01\x01\x03S\x08\
\x01\x03\x03\x14C\x00\x0b\x0b\x09R\x12\x0e\x11\x03\x09\x09\
\x0d\x09D\x1bK\xb0\x1aPX@H\x00\x02\x01\x00\x01\
\x02\x00h\x00\x05\x07\x06\x07\x05\x06h\x00\x00\x10\x01\x07\
\x05\x00\x07[\x00\x06\x00\x04\x0b\x06\x04\x5c\x0f\x01\x0c\x0d\
\x01\x0a\x0e\x0c\x0aY\x00\x01\x01\x03S\x08\x01\x03\x03\x14\
C\x00\x0b\x0b\x0eR\x12\x01\x0e\x0e\x0dC\x11\x01\x09\x09\
\x0d\x09D\x1bK\xb0&PX@H\x00\x02\x01\x00\x01\
\x02\x00h\x00\x05\x07\x06\x07\x05\x06h\x11\x01\x09\x0e\x09\
k\x00\x00\x10\x01\x07\x05\x00\x07[\x00\x06\x00\x04\x0b\x06\
\x04\x5c\x0f\x01\x0c\x0d\x01\x0a\x0e\x0c\x0aY\x00\x01\x01\x03\
S\x08\x01\x03\x03\x14C\x00\x0b\x0b\x0eR\x12\x01\x0e\x0e\
\x0d\x0eD\x1bK\xb0*PX@F\x00\x02\x01\x00\x01\
\x02\x00h\x00\x05\x07\x06\x07\x05\x06h\x11\x01\x09\x0e\x09\
k\x08\x01\x03\x00\x01\x02\x03\x01[\x00\x00\x10\x01\x07\x05\
\x00\x07[\x00\x06\x00\x04\x0b\x06\x04\x5c\x0f\x01\x0c\x0d\x01\
\x0a\x0e\x0c\x0aY\x00\x0b\x0b\x0eR\x12\x01\x0e\x0e\x0d\x0e\
D\x1b@K\x00\x02\x01\x00\x01\x02\x00h\x00\x05\x07\x06\
\x07\x05\x06h\x11\x01\x09\x0e\x09k\x08\x01\x03\x00\x01\x02\
\x03\x01[\x00\x00\x10\x01\x07\x05\x00\x07[\x00\x06\x00\x04\
\x0b\x06\x04\x5c\x00\x0b\x0c\x0e\x0bM\x0f\x01\x0c\x0d\x01\x0a\
\x0e\x0c\x0aY\x00\x0b\x0b\x0eR\x12\x01\x0e\x0b\x0eFY\
YYYY@'9955\x01\x01FE9C\
9CBA@?>=;:585876\
\x014\x013\x22\x17.$\x12$\x22\x13!+\x00\xff\
\xff\x00\x1f\xff\xec\x02\x07\x02\xca\x00\x22\x01\xf4\x1f\x00\x01\
\x0f\x00!\x02\x1f\x02\xca\xc0\x01\x00\x99K\xb0&PX\
@&\x06\x01\x03\x04\x01\x04\x03\x01h\x00\x01\x00\x04\x01\
\x00f\x00\x04\x04\x05Q\x07\x01\x05\x05\x0cC\x00\x00\x00\
\x02T\x00\x02\x02\x15\x02D\x1bK\xb0*PX@&\
\x06\x01\x03\x04\x01\x04\x03\x01h\x00\x01\x00\x04\x01\x00f\
\x00\x04\x04\x05Q\x07\x01\x05\x05\x0eC\x00\x00\x00\x02T\
\x00\x02\x02\x15\x02D\x1b@#\x06\x01\x03\x04\x01\x04\x03\
\x01h\x00\x01\x00\x04\x01\x00f\x00\x00\x00\x02\x00\x02X\
\x00\x04\x04\x05Q\x07\x01\x05\x05\x0e\x04DYY@\x13\
''\x01\x01'*'*)(\x01&\x01&'\x14\
*\x08\x1d+\x00\x00\x00\xff\xff\x00\x05\x00\x00\x02\xe4\x03\
\xbd\x00\x22\x01\xf4\x05\x00\x02&\x00#\x00\x00\x01\x07\x00\
B\x00\x85\x00\xd9\x00\x92\xb5\x0b\x01\x04\x02\x01BK\xb0\
&PX@\x22\x07\x01\x06\x05\x02\x05\x06\x02h\x00\x04\
\x00\x00\x01\x04\x00Z\x00\x05\x05\x12C\x00\x02\x02\x0cC\
\x03\x01\x01\x01\x0d\x01D\x1bK\xb0*PX@\x22\x07\
\x01\x06\x05\x02\x05\x06\x02h\x00\x04\x00\x00\x01\x04\x00Z\
\x00\x05\x05\x12C\x00\x02\x02\x0eC\x03\x01\x01\x01\x0d\x01\
D\x1b@\x22\x07\x01\x06\x05\x02\x05\x06\x02h\x03\x01\x01\
\x00\x01k\x00\x04\x00\x00\x01\x04\x00Z\x00\x05\x05\x12C\
\x00\x02\x02\x0e\x02DYY@\x0e\x0c\x0c\x0c\x0f\x0c\x0f\
\x13\x11\x11\x11\x11\x11\x08 +\x00\x00\xff\xff\x00\x05\x00\
\x00\x02\xe4\x03\xbd\x00\x22\x01\xf4\x05\x00\x02&\x00#\x00\
\x00\x01\x07\x00t\x00\xf1\x00\xd9\x00\x92\xb5\x0b\x01\x04\x02\
\x01BK\xb0&PX@\x22\x07\x01\x06\x05\x02\x05\x06\
\x02h\x00\x04\x00\x00\x01\x04\x00Z\x00\x05\x05\x12C\x00\
\x02\x02\x0cC\x03\x01\x01\x01\x0d\x01D\x1bK\xb0*P\
X@\x22\x07\x01\x06\x05\x02\x05\x06\x02h\x00\x04\x00\x00\
\x01\x04\x00Z\x00\x05\x05\x12C\x00\x02\x02\x0eC\x03\x01\
\x01\x01\x0d\x01D\x1b@\x22\x07\x01\x06\x05\x02\x05\x06\x02\
h\x03\x01\x01\x00\x01k\x00\x04\x00\x00\x01\x04\x00Z\x00\
\x05\x05\x12C\x00\x02\x02\x0e\x02DYY@\x0e\x0c\x0c\
\x0c\x0f\x0c\x0f\x13\x11\x11\x11\x11\x11\x08 +\x00\x00\xff\
\xff\x00\x05\x00\x00\x02\xe4\x03\xbd\x00\x22\x01\xf4\x05\x00\x02\
&\x00#\x00\x00\x01\x07\x016\x00\x92\x00\xd9\x00\x93@\
\x0a\x12\x01\x05\x06\x0b\x01\x04\x02\x02BK\xb0&PX\
@\x22\x07\x01\x05\x06\x02\x06\x05\x02h\x00\x04\x00\x00\x01\
\x04\x00Z\x00\x06\x06\x12C\x00\x02\x02\x0cC\x03\x01\x01\
\x01\x0d\x01D\x1bK\xb0*PX@\x22\x07\x01\x05\x06\
\x02\x06\x05\x02h\x00\x04\x00\x00\x01\x04\x00Z\x00\x06\x06\
\x12C\x00\x02\x02\x0eC\x03\x01\x01\x01\x0d\x01D\x1b@\
\x22\x07\x01\x05\x06\x02\x06\x05\x02h\x03\x01\x01\x00\x01k\
\x00\x04\x00\x00\x01\x04\x00Z\x00\x06\x06\x12C\x00\x02\x02\
\x0e\x02DYY@\x0a\x11\x11\x12\x11\x11\x11\x11\x11\x08\
\x22+\x00\xff\xff\x00\x05\x00\x00\x02\xe4\x03\xab\x00\x22\x01\
\xf4\x05\x00\x02&\x00#\x00\x00\x01\x07\x01<\x00\x96\x00\
\xd9\x00\xd8\xb5\x0b\x01\x04\x02\x01BK\xb0\x1bPX@\
)\x00\x06\x0b\x0a\x02\x08\x02\x06\x08[\x00\x04\x00\x00\x01\
\x04\x00Z\x00\x09\x09\x05S\x07\x01\x05\x05\x12C\x00\x02\
\x02\x0cC\x03\x01\x01\x01\x0d\x01D\x1bK\xb0&PX\
@'\x07\x01\x05\x00\x09\x08\x05\x09[\x00\x06\x0b\x0a\x02\
\x08\x02\x06\x08[\x00\x04\x00\x00\x01\x04\x00Z\x00\x02\x02\
\x0cC\x03\x01\x01\x01\x0d\x01D\x1bK\xb0*PX@\
'\x07\x01\x05\x00\x09\x08\x05\x09[\x00\x06\x0b\x0a\x02\x08\
\x02\x06\x08[\x00\x04\x00\x00\x01\x04\x00Z\x00\x02\x02\x0e\
C\x03\x01\x01\x01\x0d\x01D\x1b@'\x03\x01\x01\x00\x01\
k\x07\x01\x05\x00\x09\x08\x05\x09[\x00\x06\x0b\x0a\x02\x08\
\x02\x06\x08[\x00\x04\x00\x00\x01\x04\x00Z\x00\x02\x02\x0e\
\x02DYYY@\x13\x0c\x0c\x0c)\x0c)%#$\
\x12#&\x11\x11\x11\x11\x11\x0c#+\xff\xff\x00\x05\x00\
\x00\x02\xe4\x03\xb0\x00\x22\x01\xf4\x05\x00\x02&\x00#\x00\
\x00\x01\x07\x00i\x00~\x00\xd9\x00\x96\xb5\x0b\x01\x04\x02\
\x01BK\xb0&PX@\x22\x00\x04\x00\x00\x01\x04\x00\
Z\x0a\x08\x09\x03\x06\x06\x05Q\x07\x01\x05\x05\x12C\x00\
\x02\x02\x0cC\x03\x01\x01\x01\x0d\x01D\x1bK\xb0*P\
X@ \x07\x01\x05\x0a\x08\x09\x03\x06\x02\x05\x06Y\x00\
\x04\x00\x00\x01\x04\x00Z\x00\x02\x02\x0eC\x03\x01\x01\x01\
\x0d\x01D\x1b@ \x03\x01\x01\x00\x01k\x07\x01\x05\x0a\
\x08\x09\x03\x06\x02\x05\x06Y\x00\x04\x00\x00\x01\x04\x00Z\
\x00\x02\x02\x0e\x02DYY@\x16\x10\x10\x0c\x0c\x10\x13\
\x10\x13\x12\x11\x0c\x0f\x0c\x0f\x13\x11\x11\x11\x11\x11\x0b \
+\x00\x00\xff\xff\x00\x05\x00\x00\x02\xe4\x03\xbd\x00\x22\x01\
\xf4\x05\x00\x02&\x00#\x00\x00\x01\x07\x01:\x00\xdd\x00\
\xd9\x00\x9b\xb5\x0b\x01\x04\x02\x01BK\xb0&PX@\
&\x00\x08\x00\x05\x02\x08\x05[\x00\x04\x00\x00\x01\x04\x00\
Z\x00\x07\x07\x06S\x00\x06\x06\x12C\x00\x02\x02\x0cC\
\x03\x01\x01\x01\x0d\x01D\x1bK\xb0*PX@&\x00\
\x08\x00\x05\x02\x08\x05[\x00\x04\x00\x00\x01\x04\x00Z\x00\
\x07\x07\x06S\x00\x06\x06\x12C\x00\x02\x02\x0eC\x03\x01\
\x01\x01\x0d\x01D\x1b@&\x03\x01\x01\x00\x01k\x00\x08\
\x00\x05\x02\x08\x05[\x00\x04\x00\x00\x01\x04\x00Z\x00\x07\
\x07\x06S\x00\x06\x06\x12C\x00\x02\x02\x0e\x02DYY\
@\x0b$$&$\x11\x11\x11\x11\x11\x09#+\x00\x00\
\x02\x00\x05\x00\x00\x03\xd1\x02\xca\x00\x0f\x00\x13\x00\x9fK\
\xb0&PX@(\x00\x03\x00\x04\x08\x03\x04Y\x00\x08\
\x0a\x01\x07\x00\x08\x07Y\x09\x01\x02\x02\x01Q\x00\x01\x01\
\x0cC\x00\x05\x05\x00Q\x06\x01\x00\x00\x0d\x00D\x1bK\
\xb0*PX@(\x00\x03\x00\x04\x08\x03\x04Y\x00\x08\
\x0a\x01\x07\x00\x08\x07Y\x09\x01\x02\x02\x01Q\x00\x01\x01\
\x0eC\x00\x05\x05\x00Q\x06\x01\x00\x00\x0d\x00D\x1b@\
%\x00\x03\x00\x04\x08\x03\x04Y\x00\x08\x0a\x01\x07\x00\x08\
\x07Y\x00\x05\x06\x01\x00\x05\x00U\x09\x01\x02\x02\x01Q\
\x00\x01\x01\x0e\x02DYY@\x13\x00\x00\x13\x12\x11\x10\
\x00\x0f\x00\x0f\x11\x11\x11\x11\x11\x11\x11\x0b\x16+7\x07\
#\x01!\x15!\x15!\x15!\x15!\x15!5'3\
\x11#\xd02\x99\x01Q\x02z\xfe\xad\x01\x07\xfe\xf9\x01\
T\xfe\x1f\xf3\xf3Enn\x02\xcaw\xabt\xbdwn\
h\x01}\xff\xff\x00\x1f\xff\x0e\x02\xf9\x02\xde\x00\x22\x01\
\xf4\x1f\x00\x02&\x00%\x00\x00\x01\x07\x00x\x01\x14\x00\
\x00\x00\xc6K\xb0&PX@3\x00\x01\x02\x04\x02\x01\
\x04h\x00\x04\x03\x02\x04\x03f\x00\x07\x00\x06\x08\x07\x06\
Y\x00\x02\x02\x00S\x09\x01\x00\x00\x14C\x00\x03\x03\x05\
S\x00\x05\x05\x15C\x0a\x01\x08\x08\x13\x08D\x1bK\xb0\
*PX@1\x00\x01\x02\x04\x02\x01\x04h\x00\x04\x03\
\x02\x04\x03f\x09\x01\x00\x00\x02\x01\x00\x02[\x00\x07\x00\
\x06\x08\x07\x06Y\x00\x03\x03\x05S\x00\x05\x05\x15C\x0a\
\x01\x08\x08\x13\x08D\x1b@/\x00\x01\x02\x04\x02\x01\x04\
h\x00\x04\x03\x02\x04\x03f\x09\x01\x00\x00\x02\x01\x00\x02\
[\x00\x03\x00\x05\x07\x03\x05[\x00\x07\x00\x06\x08\x07\x06\
Y\x0a\x01\x08\x08\x13\x08DYY@\x1c++\x02\x01\
+8+83210\x22 \x1c\x1b\x17\x15\x0d\x0b\
\x07\x06\x01*\x02*\x0b\x1a+\x00\x00\xff\xff\x00<\x00\
\x00\x02n\x03\xbd\x00\x22\x01\xf4<\x00\x02&\x00'\x00\
\x00\x01\x07\x00B\x00\x5c\x00\xd9\x00\xadK\xb0&PX\
@,\x09\x01\x07\x06\x00\x06\x07\x00h\x00\x02\x00\x03\x04\
\x02\x03Y\x00\x06\x06\x12C\x00\x01\x01\x00Q\x00\x00\x00\
\x0cC\x00\x04\x04\x05Q\x08\x01\x05\x05\x0d\x05D\x1bK\
\xb0*PX@,\x09\x01\x07\x06\x00\x06\x07\x00h\x00\
\x02\x00\x03\x04\x02\x03Y\x00\x06\x06\x12C\x00\x01\x01\x00\
Q\x00\x00\x00\x0eC\x00\x04\x04\x05Q\x08\x01\x05\x05\x0d\
\x05D\x1b@)\x09\x01\x07\x06\x00\x06\x07\x00h\x00\x02\
\x00\x03\x04\x02\x03Y\x00\x04\x08\x01\x05\x04\x05U\x00\x06\
\x06\x12C\x00\x01\x01\x00Q\x00\x00\x00\x0e\x01DYY\
@\x15\x0d\x0d\x01\x01\x0d\x10\x0d\x10\x0f\x0e\x01\x0c\x01\x0c\
\x11\x11\x11\x11\x12\x0a\x1f+\x00\x00\x00\xff\xff\x00<\x00\
\x00\x02n\x03\xbd\x00\x22\x01\xf4<\x00\x02&\x00'\x00\
\x00\x01\x07\x00t\x00\xc7\x00\xd9\x00\xadK\xb0&PX\
@,\x09\x01\x07\x06\x00\x06\x07\x00h\x00\x02\x00\x03\x04\
\x02\x03Y\x00\x06\x06\x12C\x00\x01\x01\x00Q\x00\x00\x00\
\x0cC\x00\x04\x04\x05Q\x08\x01\x05\x05\x0d\x05D\x1bK\
\xb0*PX@,\x09\x01\x07\x06\x00\x06\x07\x00h\x00\
\x02\x00\x03\x04\x02\x03Y\x00\x06\x06\x12C\x00\x01\x01\x00\
Q\x00\x00\x00\x0eC\x00\x04\x04\x05Q\x08\x01\x05\x05\x0d\
\x05D\x1b@)\x09\x01\x07\x06\x00\x06\x07\x00h\x00\x02\
\x00\x03\x04\x02\x03Y\x00\x04\x08\x01\x05\x04\x05U\x00\x06\
\x06\x12C\x00\x01\x01\x00Q\x00\x00\x00\x0e\x01DYY\
@\x15\x0d\x0d\x01\x01\x0d\x10\x0d\x10\x0f\x0e\x01\x0c\x01\x0c\
\x11\x11\x11\x11\x12\x0a\x1f+\x00\x00\x00\xff\xff\x00<\x00\
\x00\x02n\x03\xbd\x00\x22\x01\xf4<\x00\x02&\x00'\x00\
\x00\x01\x07\x016\x00o\x00\xd9\x00\xb2\xb5\x13\x01\x06\x07\
\x01BK\xb0&PX@,\x08\x01\x06\x07\x00\x07\x06\
\x00h\x00\x02\x00\x03\x04\x02\x03Y\x00\x07\x07\x12C\x00\
\x01\x01\x00Q\x00\x00\x00\x0cC\x00\x04\x04\x05Q\x09\x01\
\x05\x05\x0d\x05D\x1bK\xb0*PX@,\x08\x01\x06\
\x07\x00\x07\x06\x00h\x00\x02\x00\x03\x04\x02\x03Y\x00\x07\
\x07\x12C\x00\x01\x01\x00Q\x00\x00\x00\x0eC\x00\x04\x04\
\x05Q\x09\x01\x05\x05\x0d\x05D\x1b@)\x08\x01\x06\x07\
\x00\x07\x06\x00h\x00\x02\x00\x03\x04\x02\x03Y\x00\x04\x09\
\x01\x05\x04\x05U\x00\x07\x07\x12C\x00\x01\x01\x00Q\x00\
\x00\x00\x0e\x01DYY@\x13\x01\x01\x12\x11\x10\x0f\x0e\
\x0d\x01\x0c\x01\x0c\x11\x11\x11\x11\x12\x0a\x1f+\x00\x00\xff\
\xff\x00<\x00\x00\x02n\x03\xb0\x00\x22\x01\xf4<\x00\x02\
&\x00'\x00\x00\x01\x07\x00i\x00]\x00\xd9\x00\xb1K\
\xb0&PX@,\x00\x02\x00\x03\x04\x02\x03Y\x0c\x09\
\x0b\x03\x07\x07\x06Q\x08\x01\x06\x06\x12C\x00\x01\x01\x00\
Q\x00\x00\x00\x0cC\x00\x04\x04\x05Q\x0a\x01\x05\x05\x0d\
\x05D\x1bK\xb0*PX@*\x08\x01\x06\x0c\x09\x0b\
\x03\x07\x00\x06\x07Y\x00\x02\x00\x03\x04\x02\x03Y\x00\x01\
\x01\x00Q\x00\x00\x00\x0eC\x00\x04\x04\x05Q\x0a\x01\x05\
\x05\x0d\x05D\x1b@'\x08\x01\x06\x0c\x09\x0b\x03\x07\x00\
\x06\x07Y\x00\x02\x00\x03\x04\x02\x03Y\x00\x04\x0a\x01\x05\
\x04\x05U\x00\x01\x01\x00Q\x00\x00\x00\x0e\x01DYY\
@\x1d\x11\x11\x0d\x0d\x01\x01\x11\x14\x11\x14\x13\x12\x0d\x10\
\x0d\x10\x0f\x0e\x01\x0c\x01\x0c\x11\x11\x11\x11\x12\x0d\x1f+\
\x00\x00\x00\xff\xff\xff\xd1\x00\x00\x00\xd1\x03\xbd\x00\x22\x01\
\xf4\x00\x00\x02&\x00+\x00\x00\x01\x07\x00B\xff\x97\x00\
\xd9\x00vK\xb0&PX@\x1a\x05\x01\x03\x02\x00\x02\
\x03\x00h\x00\x02\x02\x12C\x00\x00\x00\x0cC\x04\x01\x01\
\x01\x0d\x01D\x1bK\xb0*PX@\x1a\x05\x01\x03\x02\
\x00\x02\x03\x00h\x00\x02\x02\x12C\x00\x00\x00\x0eC\x04\
\x01\x01\x01\x0d\x01D\x1b@\x1a\x05\x01\x03\x02\x00\x02\x03\
\x00h\x00\x02\x02\x12C\x04\x01\x01\x01\x00Q\x00\x00\x00\
\x0e\x01DYY@\x11\x05\x05\x01\x01\x05\x08\x05\x08\x07\
\x06\x01\x04\x01\x04\x12\x06\x1b+\x00\x00\xff\xff\x00<\x00\
\x00\x01<\x03\xbd\x00\x22\x01\xf4<\x00\x02&\x00+\x00\
\x00\x01\x07\x00t\x00\x02\x00\xd9\x00vK\xb0&PX\
@\x1a\x05\x01\x03\x02\x00\x02\x03\x00h\x00\x02\x02\x12C\
\x00\x00\x00\x0cC\x04\x01\x01\x01\x0d\x01D\x1bK\xb0*\
PX@\x1a\x05\x01\x03\x02\x00\x02\x03\x00h\x00\x02\x02\
\x12C\x00\x00\x00\x0eC\x04\x01\x01\x01\x0d\x01D\x1b@\
\x1a\x05\x01\x03\x02\x00\x02\x03\x00h\x00\x02\x02\x12C\x04\
\x01\x01\x01\x00Q\x00\x00\x00\x0e\x01DYY@\x11\x05\
\x05\x01\x01\x05\x08\x05\x08\x07\x06\x01\x04\x01\x04\x12\x06\x1b\
+\x00\x00\xff\xff\xff\xdc\x00\x00\x012\x03\xbd\x00\x22\x01\
\xf4\x00\x00\x02&\x00+\x00\x00\x01\x07\x016\xff\xa1\x00\
\xd9\x00{\xb5\x0b\x01\x02\x03\x01BK\xb0&PX@\
\x1a\x04\x01\x02\x03\x00\x03\x02\x00h\x00\x03\x03\x12C\x00\
\x00\x00\x0cC\x05\x01\x01\x01\x0d\x01D\x1bK\xb0*P\
X@\x1a\x04\x01\x02\x03\x00\x03\x02\x00h\x00\x03\x03\x12\
C\x00\x00\x00\x0eC\x05\x01\x01\x01\x0d\x01D\x1b@\x1a\
\x04\x01\x02\x03\x00\x03\x02\x00h\x00\x03\x03\x12C\x05\x01\
\x01\x01\x00Q\x00\x00\x00\x0e\x01DYY@\x0f\x01\x01\
\x0a\x09\x08\x07\x06\x05\x01\x04\x01\x04\x12\x06\x1b+\x00\xff\
\xff\xff\xcb\x00\x00\x01D\x03\xb0\x00\x22\x01\xf4\x00\x00\x02\
&\x00+\x00\x00\x01\x07\x00i\xff\x90\x00\xd9\x00zK\
\xb0&PX@\x1a\x08\x05\x07\x03\x03\x03\x02Q\x04\x01\
\x02\x02\x12C\x00\x00\x00\x0cC\x06\x01\x01\x01\x0d\x01D\
\x1bK\xb0*PX@\x18\x04\x01\x02\x08\x05\x07\x03\x03\
\x00\x02\x03Y\x00\x00\x00\x0eC\x06\x01\x01\x01\x0d\x01D\
\x1b@\x18\x04\x01\x02\x08\x05\x07\x03\x03\x00\x02\x03Y\x06\
\x01\x01\x01\x00Q\x00\x00\x00\x0e\x01DYY@\x19\x09\
\x09\x05\x05\x01\x01\x09\x0c\x09\x0c\x0b\x0a\x05\x08\x05\x08\x07\
\x06\x01\x04\x01\x04\x12\x09\x1b+\x00\x00\x00\x02\x00\x07\x00\
\x00\x02\xa1\x02\xca\x00\x10\x00!\x00\x86K\xb0&PX\
@ \x06\x01\x00\x07\x01\x03\x04\x00\x03Y\x00\x05\x05\x01\
S\x00\x01\x01\x0cC\x08\x01\x04\x04\x02S\x00\x02\x02\x0d\
\x02D\x1bK\xb0*PX@ \x06\x01\x00\x07\x01\x03\
\x04\x00\x03Y\x00\x05\x05\x01S\x00\x01\x01\x0eC\x08\x01\
\x04\x04\x02S\x00\x02\x02\x0d\x02D\x1b@\x1d\x06\x01\x00\
\x07\x01\x03\x04\x00\x03Y\x08\x01\x04\x00\x02\x04\x02W\x00\
\x05\x05\x01S\x00\x01\x01\x0e\x05DYY@\x12\x12\x11\
 \x1f\x1e\x1d\x1c\x1a\x11!\x12!\x11(!\x10\x09\x13\
+\x133\x11!2\x1e\x02\x15\x14\x0e\x02#!\x11#\
\x052>\x0254.\x02+\x01\x153\x15#\x15\x07\
3\x01\x04V\x84Z/1\x5c\x83R\xfe\xfb3\x014\
+N<$!:P.t\x99\x99\x01\xa7\x01#=\
e\x81DG\x80b:\x016\xbd\x1b9V;=[\
=\x1e\xaaq\xbd\x00\x00\xff\xff\x009\x00\x00\x02\xa5\x03\
\xab\x00\x22\x01\xf49\x00\x02&\x000\x00\x00\x01\x07\x01\
<\x00\x90\x00\xd9\x00\xc9\xb6\x07\x02\x02\x00\x01\x01BK\
\xb0\x1bPX@#\x00\x05\x0b\x09\x02\x07\x01\x05\x07[\
\x00\x08\x08\x04S\x06\x01\x04\x04\x12C\x02\x01\x01\x01\x0c\
C\x0a\x03\x02\x00\x00\x0d\x00D\x1bK\xb0&PX@\
!\x06\x01\x04\x00\x08\x07\x04\x08[\x00\x05\x0b\x09\x02\x07\
\x01\x05\x07[\x02\x01\x01\x01\x0cC\x0a\x03\x02\x00\x00\x0d\
\x00D\x1bK\xb0*PX@!\x06\x01\x04\x00\x08\x07\
\x04\x08[\x00\x05\x0b\x09\x02\x07\x01\x05\x07[\x02\x01\x01\
\x01\x0eC\x0a\x03\x02\x00\x00\x0d\x00D\x1b@!\x06\x01\
\x04\x00\x08\x07\x04\x08[\x00\x05\x0b\x09\x02\x07\x01\x05\x07\
[\x0a\x03\x02\x00\x00\x01Q\x02\x01\x01\x01\x0e\x00DY\
YY@\x1b\x0b\x0b\x01\x01\x0b(\x0b($\x22\x1f\x1d\
\x19\x18\x16\x14\x11\x0f\x01\x0a\x01\x0a\x12\x11\x13\x0c\x1d+\
\x00\x00\x00\xff\xff\x00\x1f\xff\xee\x02\xf8\x03\xbd\x00\x22\x01\
\xf4\x1f\x00\x02&\x001\x00\x00\x01\x07\x00B\x00\x9c\x00\
\xd9\x00\x99K\xb0&PX@%\x08\x01\x05\x04\x01\x04\
\x05\x01h\x00\x04\x04\x12C\x00\x03\x03\x01S\x00\x01\x01\
\x14C\x07\x01\x02\x02\x00S\x06\x01\x00\x00\x15\x00D\x1b\
K\xb0*PX@#\x08\x01\x05\x04\x01\x04\x05\x01h\
\x00\x01\x00\x03\x02\x01\x03\x5c\x00\x04\x04\x12C\x07\x01\x02\
\x02\x00S\x06\x01\x00\x00\x15\x00D\x1b@ \x08\x01\x05\
\x04\x01\x04\x05\x01h\x00\x01\x00\x03\x02\x01\x03\x5c\x07\x01\
\x02\x06\x01\x00\x02\x00W\x00\x04\x04\x12\x04DYY@\
\x1a))\x16\x15\x02\x01),),+* \x1e\x15\
(\x16(\x0c\x0a\x01\x14\x02\x14\x09\x1a+\x00\x00\x00\xff\
\xff\x00\x1f\xff\xee\x02\xf8\x03\xbd\x00\x22\x01\xf4\x1f\x00\x02\
&\x001\x00\x00\x01\x07\x00t\x01\x08\x00\xd9\x00\x99K\
\xb0&PX@%\x08\x01\x05\x04\x01\x04\x05\x01h\x00\
\x04\x04\x12C\x00\x03\x03\x01S\x00\x01\x01\x14C\x07\x01\
\x02\x02\x00S\x06\x01\x00\x00\x15\x00D\x1bK\xb0*P\
X@#\x08\x01\x05\x04\x01\x04\x05\x01h\x00\x01\x00\x03\
\x02\x01\x03\x5c\x00\x04\x04\x12C\x07\x01\x02\x02\x00S\x06\
\x01\x00\x00\x15\x00D\x1b@ \x08\x01\x05\x04\x01\x04\x05\
\x01h\x00\x01\x00\x03\x02\x01\x03\x5c\x07\x01\x02\x06\x01\x00\
\x02\x00W\x00\x04\x04\x12\x04DYY@\x1a))\x16\
\x15\x02\x01),),+* \x1e\x15(\x16(\x0c\
\x0a\x01\x14\x02\x14\x09\x1a+\x00\x00\x00\xff\xff\x00\x1f\xff\
\xee\x02\xf8\x03\xbd\x00\x22\x01\xf4\x1f\x00\x02&\x001\x00\
\x00\x01\x07\x016\x00\xa7\x00\xd9\x00\x9e\xb5/\x01\x04\x05\
\x01BK\xb0&PX@%\x06\x01\x04\x05\x01\x05\x04\
\x01h\x00\x05\x05\x12C\x00\x03\x03\x01S\x00\x01\x01\x14\
C\x08\x01\x02\x02\x00S\x07\x01\x00\x00\x15\x00D\x1bK\
\xb0*PX@#\x06\x01\x04\x05\x01\x05\x04\x01h\x00\
\x01\x00\x03\x02\x01\x03\x5c\x00\x05\x05\x12C\x08\x01\x02\x02\
\x00S\x07\x01\x00\x00\x15\x00D\x1b@ \x06\x01\x04\x05\
\x01\x05\x04\x01h\x00\x01\x00\x03\x02\x01\x03\x5c\x08\x01\x02\
\x07\x01\x00\x02\x00W\x00\x05\x05\x12\x05DYY@\x18\
\x16\x15\x02\x01.-,+*) \x1e\x15(\x16(\
\x0c\x0a\x01\x14\x02\x14\x09\x1a+\x00\x00\xff\xff\x00\x1f\xff\
\xee\x02\xf8\x03\xab\x00\x22\x01\xf4\x1f\x00\x02&\x001\x00\
\x00\x01\x07\x01<\x00\xad\x00\xd9\x00\xeeK\xb0\x1bPX\
@,\x00\x05\x0c\x09\x02\x07\x01\x05\x07[\x00\x08\x08\x04\
S\x06\x01\x04\x04\x12C\x00\x03\x03\x01S\x00\x01\x01\x14\
C\x0b\x01\x02\x02\x00S\x0a\x01\x00\x00\x15\x00D\x1bK\
\xb0&PX@*\x06\x01\x04\x00\x08\x07\x04\x08[\x00\
\x05\x0c\x09\x02\x07\x01\x05\x07[\x00\x03\x03\x01S\x00\x01\
\x01\x14C\x0b\x01\x02\x02\x00S\x0a\x01\x00\x00\x15\x00D\
\x1bK\xb0*PX@(\x06\x01\x04\x00\x08\x07\x04\x08\
[\x00\x05\x0c\x09\x02\x07\x01\x05\x07[\x00\x01\x00\x03\x02\
\x01\x03[\x0b\x01\x02\x02\x00S\x0a\x01\x00\x00\x15\x00D\
\x1b@.\x06\x01\x04\x00\x08\x07\x04\x08[\x00\x05\x0c\x09\
\x02\x07\x01\x05\x07[\x00\x01\x00\x03\x02\x01\x03[\x0b\x01\
\x02\x00\x00\x02O\x0b\x01\x02\x02\x00S\x0a\x01\x00\x02\x00\
GYYY@\x22))\x16\x15\x02\x01)F)F\
B@=;7642/- \x1e\x15(\x16(\
\x0c\x0a\x01\x14\x02\x14\x0d\x1a+\x00\x00\xff\xff\x00\x1f\xff\
\xee\x02\xf8\x03\xb0\x00\x22\x01\xf4\x1f\x00\x02&\x001\x00\
\x00\x01\x07\x00i\x00\x95\x00\xd9\x00\xa6K\xb0&PX\
@%\x0b\x07\x0a\x03\x05\x05\x04Q\x06\x01\x04\x04\x12C\
\x00\x03\x03\x01S\x00\x01\x01\x14C\x09\x01\x02\x02\x00S\
\x08\x01\x00\x00\x15\x00D\x1bK\xb0*PX@!\x06\
\x01\x04\x0b\x07\x0a\x03\x05\x01\x04\x05Y\x00\x01\x00\x03\x02\
\x01\x03[\x09\x01\x02\x02\x00S\x08\x01\x00\x00\x15\x00D\
\x1b@'\x06\x01\x04\x0b\x07\x0a\x03\x05\x01\x04\x05Y\x00\
\x01\x00\x03\x02\x01\x03[\x09\x01\x02\x00\x00\x02O\x09\x01\
\x02\x02\x00S\x08\x01\x00\x02\x00GYY@\x22--\
))\x16\x15\x02\x01-0-0/.),),\
+* \x1e\x15(\x16(\x0c\x0a\x01\x14\x02\x14\x0c\x1a\
+\x00\x00\x00\x01\x00U\x00\xad\x01\xb1\x02\x0a\x00\x0b\x00\
\x06\xb3\x09\x05\x01(+?\x01'7\x177\x17\x07\x17\
\x07'\x07UmmAmmAnm@ln\xee\
ol@mnAmnAnn\x00\x03\x00\x1f\xff\
\xd4\x02\xf8\x02\xf5\x00\x1b\x00%\x001\x00\x8f@\x1d\x14\
\x13\x11\x03\x02\x01/.\x1f\x1e\x04\x03\x02\x06\x05\x03\x03\
\x00\x03\x03B\x12\x01\x01@\x04\x01\x00?K\xb0&P\
X@\x17\x00\x02\x02\x01S\x00\x01\x01\x14C\x05\x01\x03\
\x03\x00S\x04\x01\x00\x00\x15\x00D\x1bK\xb0*PX\
@\x15\x00\x01\x00\x02\x03\x01\x02[\x05\x01\x03\x03\x00S\
\x04\x01\x00\x00\x15\x00D\x1b@\x1b\x00\x01\x00\x02\x03\x01\
\x02[\x05\x01\x03\x00\x00\x03O\x05\x01\x03\x03\x00S\x04\
\x01\x00\x03\x00GYY@\x12'&\x01\x00&1'\
1\x22 \x0f\x0d\x00\x1b\x01\x1b\x06\x0f+\x05\x22&'\
\x07'7.\x0154>\x0232\x16\x177\x17\x07\
\x1e\x01\x15\x14\x0e\x02\x01\x14\x17\x01&#\x22\x0e\x02\x13\
2>\x0254&'\x01\x1e\x01\x01\x8e8`*9\
;96<;e\x87L6^(4=449\
7a\x85\xfe\xd25\x01\x1c1C1Q; \xe00\
R<\x22\x1d\x1a\xfe\xe4\x18:\x12\x1a\x19M.L3\
\x94[S\x87`4\x19\x17G-G0\x8bXQ\x8d\
g;\x01zgD\x01\x85\x1d&B[\xfe\xd0'C\
Z34W!\xfe{\x0e\x10\x00\x00\xff\xff\x001\xff\
\xee\x02\xa5\x03\xbd\x00\x22\x01\xf41\x00\x02&\x007\x00\
\x00\x01\x07\x00B\x00{\x00\xd9\x00~K\xb0&PX\
@\x1f\x06\x01\x05\x04\x00\x04\x05\x00h\x00\x04\x04\x12C\
\x02\x01\x00\x00\x0cC\x00\x03\x03\x01T\x00\x01\x01\x15\x01\
D\x1bK\xb0*PX@\x1f\x06\x01\x05\x04\x00\x04\x05\
\x00h\x00\x04\x04\x12C\x02\x01\x00\x00\x0eC\x00\x03\x03\
\x01T\x00\x01\x01\x15\x01D\x1b@\x1c\x06\x01\x05\x04\x00\
\x04\x05\x00h\x00\x03\x00\x01\x03\x01X\x00\x04\x04\x12C\
\x02\x01\x00\x00\x0e\x00DYY@\x0d\x15\x15\x15\x18\x15\
\x18\x14%\x13#\x11\x07\x1f+\x00\x00\xff\xff\x001\xff\
\xee\x02\xa5\x03\xbd\x00\x22\x01\xf41\x00\x02&\x007\x00\
\x00\x01\x07\x00t\x00\xe7\x00\xd9\x00~K\xb0&PX\
@\x1f\x06\x01\x05\x04\x00\x04\x05\x00h\x00\x04\x04\x12C\
\x02\x01\x00\x00\x0cC\x00\x03\x03\x01T\x00\x01\x01\x15\x01\
D\x1bK\xb0*PX@\x1f\x06\x01\x05\x04\x00\x04\x05\
\x00h\x00\x04\x04\x12C\x02\x01\x00\x00\x0eC\x00\x03\x03\
\x01T\x00\x01\x01\x15\x01D\x1b@\x1c\x06\x01\x05\x04\x00\
\x04\x05\x00h\x00\x03\x00\x01\x03\x01X\x00\x04\x04\x12C\
\x02\x01\x00\x00\x0e\x00DYY@\x0d\x15\x15\x15\x18\x15\
\x18\x14%\x13#\x11\x07\x1f+\x00\x00\xff\xff\x001\xff\
\xee\x02\xa5\x03\xbd\x00\x22\x01\xf41\x00\x02&\x007\x00\
\x00\x01\x07\x016\x00\x85\x00\xd9\x00\x81\xb5\x1b\x01\x04\x05\
\x01BK\xb0&PX@\x1f\x06\x01\x04\x05\x00\x05\x04\
\x00h\x00\x05\x05\x12C\x02\x01\x00\x00\x0cC\x00\x03\x03\
\x01T\x00\x01\x01\x15\x01D\x1bK\xb0*PX@\x1f\
\x06\x01\x04\x05\x00\x05\x04\x00h\x00\x05\x05\x12C\x02\x01\
\x00\x00\x0eC\x00\x03\x03\x01T\x00\x01\x01\x15\x01D\x1b\
@\x1c\x06\x01\x04\x05\x00\x05\x04\x00h\x00\x03\x00\x01\x03\
\x01X\x00\x05\x05\x12C\x02\x01\x00\x00\x0e\x00DYY\
@\x09\x11\x11\x13%\x13#\x11\x07!+\x00\x00\x00\xff\
\xff\x001\xff\xee\x02\xa5\x03\xb0\x00\x22\x01\xf41\x00\x02\
&\x007\x00\x00\x01\x07\x00i\x00t\x00\xd9\x00\x82K\
\xb0&PX@\x1f\x09\x07\x08\x03\x05\x05\x04Q\x06\x01\
\x04\x04\x12C\x02\x01\x00\x00\x0cC\x00\x03\x03\x01S\x00\
\x01\x01\x15\x01D\x1bK\xb0*PX@\x1d\x06\x01\x04\
\x09\x07\x08\x03\x05\x00\x04\x05Y\x02\x01\x00\x00\x0eC\x00\
\x03\x03\x01S\x00\x01\x01\x15\x01D\x1b@\x1a\x06\x01\x04\
\x09\x07\x08\x03\x05\x00\x04\x05Y\x00\x03\x00\x01\x03\x01W\
\x02\x01\x00\x00\x0e\x00DYY@\x15\x19\x19\x15\x15\x19\
\x1c\x19\x1c\x1b\x1a\x15\x18\x15\x18\x14%\x13#\x11\x0a\x1f\
+\x00\x00\xff\xff\x00\x05\x00\x00\x02\xb4\x03\xbd\x00\x22\x01\
\xf4\x05\x00\x02&\x00;\x00\x00\x01\x07\x00t\x00\xe2\x00\
\xd9\x00\x83\xb7\x08\x05\x02\x03\x02\x00\x01BK\xb0&P\
X@\x1b\x06\x01\x04\x03\x00\x03\x04\x00h\x00\x03\x03\x12\
C\x01\x01\x00\x00\x0cC\x05\x01\x02\x02\x0d\x02D\x1bK\
\xb0*PX@\x1b\x06\x01\x04\x03\x00\x03\x04\x00h\x00\
\x03\x03\x12C\x01\x01\x00\x00\x0eC\x05\x01\x02\x02\x0d\x02\
D\x1b@\x1b\x06\x01\x04\x03\x00\x03\x04\x00h\x01\x01\x00\
\x00\x0eC\x05\x01\x02\x02\x03Q\x00\x03\x03\x12\x02DY\
Y@\x12\x0a\x0a\x01\x01\x0a\x0d\x0a\x0d\x0c\x0b\x01\x09\x01\
\x09\x12\x13\x07\x1c+\x00\x00\x02\x00<\x00\x00\x02\xb8\x02\
\xca\x00\x10\x00\x19\x00xK\xb0&PX@\x1c\x00\x00\
\x06\x01\x05\x04\x00\x05[\x00\x04\x00\x01\x02\x04\x01[\x00\
\x03\x03\x0cC\x00\x02\x02\x0d\x02D\x1bK\xb0*PX\
@\x1c\x00\x00\x06\x01\x05\x04\x00\x05[\x00\x04\x00\x01\x02\
\x04\x01[\x00\x03\x03\x0eC\x00\x02\x02\x0d\x02D\x1b@\
\x1c\x00\x00\x06\x01\x05\x04\x00\x05[\x00\x04\x00\x01\x02\x04\
\x01[\x00\x02\x02\x03Q\x00\x03\x03\x0e\x02DYY@\
\x0d\x11\x11\x11\x19\x11\x18\x22\x11\x11( \x07\x14+\x13\
!2\x1e\x02\x15\x14\x0e\x02#!\x15#\x113\x1d\x01\
32654&#\xc9\x01\x119T6\x1b&?\
T.\xfe\xfa\x8f\x8d\xf31>:8\x02Y.I\x5c\
-3T=\x22s\x02\xca\xe9\xf8@4<H\x00\x00\
\x01\x002\xff\xc6\x02n\x02\xe9\x008\x00\x95@\x0e+\
\x01\x01\x02\x00\x01\x00\x018\x01\x06\x04\x03BK\xb0&\
PX@\x1f\x00\x02\x00\x01\x00\x02\x01[\x00\x00\x00\x06\
\x00\x06W\x00\x03\x03\x05S\x00\x05\x05\x14C\x00\x04\x04\
\x0d\x04D\x1bK\xb0*PX@\x1d\x00\x05\x00\x03\x02\
\x05\x03[\x00\x02\x00\x01\x00\x02\x01[\x00\x00\x00\x06\x00\
\x06W\x00\x04\x04\x0d\x04D\x1b@(\x00\x04\x00\x06\x00\
\x04\x06h\x00\x05\x00\x03\x02\x05\x03[\x00\x02\x00\x01\x00\
\x02\x01[\x00\x00\x04\x06\x00O\x00\x00\x00\x06S\x00\x06\
\x00\x06GYY@\x0a64%\x13&!(\x22\x07\
\x15+%\x1e\x0132>\x0254.\x02+\x015\
32>\x0254&#\x22\x06\x15\x11#\x114>\
\x0232\x1e\x02\x15\x14\x06\x07\x1e\x03\x15\x14\x0e\x02#\
\x22&'\x01 \x14* \x1a+\x1f\x11\x14%4!\
\x5cG\x16\x1e\x12\x08?1D<|-J^10\
R:!!%$;*\x16\x22=U3+C\x1f\
I\x0e\x0c\x17'3\x1d!;,\x19j\x0f\x18\x1f\x11\
.8<L\xfe\x04\x02\x0e:S5\x18\x1b3G-\
*J\x14\x0a->K'3XA&\x13\x12\x00\xff\
\xff\x00\x05\x00\x00\x02\xe4\x03\xbd\x00\x22\x01\xf4\x05\x00\x02\
&\x00#\x00\x00\x01\x07\x00B\x00\x85\x00\xd9\x00\x92\xb5\
\x0b\x01\x04\x02\x01BK\xb0&PX@\x22\x07\x01\x06\
\x05\x02\x05\x06\x02h\x00\x04\x00\x00\x01\x04\x00Z\x00\x05\
\x05\x12C\x00\x02\x02\x0cC\x03\x01\x01\x01\x0d\x01D\x1b\
K\xb0*PX@\x22\x07\x01\x06\x05\x02\x05\x06\x02h\
\x00\x04\x00\x00\x01\x04\x00Z\x00\x05\x05\x12C\x00\x02\x02\
\x0eC\x03\x01\x01\x01\x0d\x01D\x1b@\x22\x07\x01\x06\x05\
\x02\x05\x06\x02h\x03\x01\x01\x00\x01k\x00\x04\x00\x00\x01\
\x04\x00Z\x00\x05\x05\x12C\x00\x02\x02\x0e\x02DYY\
@\x0e\x0c\x0c\x0c\x0f\x0c\x0f\x13\x11\x11\x11\x11\x11\x08 \
+\x00\x00\xff\xff\x00\x05\x00\x00\x02\xe4\x03\xbd\x00\x22\x01\
\xf4\x05\x00\x02&\x00#\x00\x00\x01\x07\x00t\x00\xf1\x00\
\xd9\x00\x92\xb5\x0b\x01\x04\x02\x01BK\xb0&PX@\
\x22\x07\x01\x06\x05\x02\x05\x06\x02h\x00\x04\x00\x00\x01\x04\
\x00Z\x00\x05\x05\x12C\x00\x02\x02\x0cC\x03\x01\x01\x01\
\x0d\x01D\x1bK\xb0*PX@\x22\x07\x01\x06\x05\x02\
\x05\x06\x02h\x00\x04\x00\x00\x01\x04\x00Z\x00\x05\x05\x12\
C\x00\x02\x02\x0eC\x03\x01\x01\x01\x0d\x01D\x1b@\x22\
\x07\x01\x06\x05\x02\x05\x06\x02h\x03\x01\x01\x00\x01k\x00\
\x04\x00\x00\x01\x04\x00Z\x00\x05\x05\x12C\x00\x02\x02\x0e\
\x02DYY@\x0e\x0c\x0c\x0c\x0f\x0c\x0f\x13\x11\x11\x11\
\x11\x11\x08 +\x00\x00\xff\xff\x00\x05\x00\x00\x02\xe4\x03\
\xbd\x00\x22\x01\xf4\x05\x00\x02&\x00#\x00\x00\x01\x07\x01\
6\x00\x92\x00\xd9\x00\x93@\x0a\x12\x01\x05\x06\x0b\x01\x04\
\x02\x02BK\xb0&PX@\x22\x07\x01\x05\x06\x02\x06\
\x05\x02h\x00\x04\x00\x00\x01\x04\x00Z\x00\x06\x06\x12C\
\x00\x02\x02\x0cC\x03\x01\x01\x01\x0d\x01D\x1bK\xb0*\
PX@\x22\x07\x01\x05\x06\x02\x06\x05\x02h\x00\x04\x00\
\x00\x01\x04\x00Z\x00\x06\x06\x12C\x00\x02\x02\x0eC\x03\
\x01\x01\x01\x0d\x01D\x1b@\x22\x07\x01\x05\x06\x02\x06\x05\
\x02h\x03\x01\x01\x00\x01k\x00\x04\x00\x00\x01\x04\x00Z\
\x00\x06\x06\x12C\x00\x02\x02\x0e\x02DYY@\x0a\x11\
\x11\x12\x11\x11\x11\x11\x11\x08\x22+\x00\xff\xff\x00\x05\x00\
\x00\x02\xe4\x03\xab\x00\x22\x01\xf4\x05\x00\x02&\x00#\x00\
\x00\x01\x07\x01<\x00\x96\x00\xd9\x00\xd8\xb5\x0b\x01\x04\x02\
\x01BK\xb0\x1bPX@)\x00\x06\x0b\x0a\x02\x08\x02\
\x06\x08[\x00\x04\x00\x00\x01\x04\x00Z\x00\x09\x09\x05S\
\x07\x01\x05\x05\x12C\x00\x02\x02\x0cC\x03\x01\x01\x01\x0d\
\x01D\x1bK\xb0&PX@'\x07\x01\x05\x00\x09\x08\
\x05\x09[\x00\x06\x0b\x0a\x02\x08\x02\x06\x08[\x00\x04\x00\
\x00\x01\x04\x00Z\x00\x02\x02\x0cC\x03\x01\x01\x01\x0d\x01\
D\x1bK\xb0*PX@'\x07\x01\x05\x00\x09\x08\x05\
\x09[\x00\x06\x0b\x0a\x02\x08\x02\x06\x08[\x00\x04\x00\x00\
\x01\x04\x00Z\x00\x02\x02\x0eC\x03\x01\x01\x01\x0d\x01D\
\x1b@'\x03\x01\x01\x00\x01k\x07\x01\x05\x00\x09\x08\x05\
\x09[\x00\x06\x0b\x0a\x02\x08\x02\x06\x08[\x00\x04\x00\x00\
\x01\x04\x00Z\x00\x02\x02\x0e\x02DYYY@\x13\x0c\
\x0c\x0c)\x0c)%#$\x12#&\x11\x11\x11\x11\x11\
\x0c#+\xff\xff\x00\x05\x00\x00\x02\xe4\x03\xb0\x00\x22\x01\
\xf4\x05\x00\x02&\x00#\x00\x00\x01\x07\x00i\x00~\x00\
\xd9\x00\x96\xb5\x0b\x01\x04\x02\x01BK\xb0&PX@\
\x22\x00\x04\x00\x00\x01\x04\x00Z\x0a\x08\x09\x03\x06\x06\x05\
Q\x07\x01\x05\x05\x12C\x00\x02\x02\x0cC\x03\x01\x01\x01\
\x0d\x01D\x1bK\xb0*PX@ \x07\x01\x05\x0a\x08\
\x09\x03\x06\x02\x05\x06Y\x00\x04\x00\x00\x01\x04\x00Z\x00\
\x02\x02\x0eC\x03\x01\x01\x01\x0d\x01D\x1b@ \x03\x01\
\x01\x00\x01k\x07\x01\x05\x0a\x08\x09\x03\x06\x02\x05\x06Y\
\x00\x04\x00\x00\x01\x04\x00Z\x00\x02\x02\x0e\x02DYY\
@\x16\x10\x10\x0c\x0c\x10\x13\x10\x13\x12\x11\x0c\x0f\x0c\x0f\
\x13\x11\x11\x11\x11\x11\x0b +\x00\x00\xff\xff\x00\x05\x00\
\x00\x02\xe4\x03\xbd\x00\x22\x01\xf4\x05\x00\x02&\x00#\x00\
\x00\x01\x07\x01:\x00\xdd\x00\xd9\x00\x9b\xb5\x0b\x01\x04\x02\
\x01BK\xb0&PX@&\x00\x08\x00\x05\x02\x08\x05\
[\x00\x04\x00\x00\x01\x04\x00Z\x00\x07\x07\x06S\x00\x06\
\x06\x12C\x00\x02\x02\x0cC\x03\x01\x01\x01\x0d\x01D\x1b\
K\xb0*PX@&\x00\x08\x00\x05\x02\x08\x05[\x00\
\x04\x00\x00\x01\x04\x00Z\x00\x07\x07\x06S\x00\x06\x06\x12\
C\x00\x02\x02\x0eC\x03\x01\x01\x01\x0d\x01D\x1b@&\
\x03\x01\x01\x00\x01k\x00\x08\x00\x05\x02\x08\x05[\x00\x04\
\x00\x00\x01\x04\x00Z\x00\x07\x07\x06S\x00\x06\x06\x12C\
\x00\x02\x02\x0e\x02DYY@\x0b$$&$\x11\x11\
\x11\x11\x11\x09#+\x00\xff\xff\x00\x05\x00\x00\x03\xd1\x02\
\xca\x00\x22\x01\xf4\x05\x00\x03\x06\x00\x86\x00\x00\x00\x9fK\
\xb0&PX@(\x00\x03\x00\x04\x08\x03\x04Y\x00\x08\
\x0a\x01\x07\x00\x08\x07Y\x09\x01\x02\x02\x01Q\x00\x01\x01\
\x0cC\x00\x05\x05\x00Q\x06\x01\x00\x00\x0d\x00D\x1bK\
\xb0*PX@(\x00\x03\x00\x04\x08\x03\x04Y\x00\x08\
\x0a\x01\x07\x00\x08\x07Y\x09\x01\x02\x02\x01Q\x00\x01\x01\
\x0eC\x00\x05\x05\x00Q\x06\x01\x00\x00\x0d\x00D\x1b@\
%\x00\x03\x00\x04\x08\x03\x04Y\x00\x08\x0a\x01\x07\x00\x08\
\x07Y\x00\x05\x06\x01\x00\x05\x00U\x09\x01\x02\x02\x01Q\
\x00\x01\x01\x0e\x02DYY@\x13\x01\x01\x14\x13\x12\x11\
\x01\x10\x01\x10\x11\x11\x11\x11\x11\x11\x12\x0b!+\x00\xff\
\xff\x00\x1f\xff\x0e\x02\xf9\x02\xde\x00\x22\x01\xf4\x1f\x00\x02\
&\x00%\x00\x00\x01\x07\x00x\x01\x14\x00\x00\x00\xc6K\
\xb0&PX@3\x00\x01\x02\x04\x02\x01\x04h\x00\x04\
\x03\x02\x04\x03f\x00\x07\x00\x06\x08\x07\x06Y\x00\x02\x02\
\x00S\x09\x01\x00\x00\x14C\x00\x03\x03\x05S\x00\x05\x05\
\x15C\x0a\x01\x08\x08\x13\x08D\x1bK\xb0*PX@\
1\x00\x01\x02\x04\x02\x01\x04h\x00\x04\x03\x02\x04\x03f\
\x09\x01\x00\x00\x02\x01\x00\x02[\x00\x07\x00\x06\x08\x07\x06\
Y\x00\x03\x03\x05S\x00\x05\x05\x15C\x0a\x01\x08\x08\x13\
\x08D\x1b@/\x00\x01\x02\x04\x02\x01\x04h\x00\x04\x03\
\x02\x04\x03f\x09\x01\x00\x00\x02\x01\x00\x02[\x00\x03\x00\
\x05\x07\x03\x05[\x00\x07\x00\x06\x08\x07\x06Y\x0a\x01\x08\
\x08\x13\x08DYY@\x1c++\x02\x01+8+8\
3210\x22 \x1c\x1b\x17\x15\x0d\x0b\x07\x06\x01*\
\x02*\x0b\x1a+\x00\x00\xff\xff\x00<\x00\x00\x02n\x03\
\xbd\x00\x22\x01\xf4<\x00\x02&\x00'\x00\x00\x01\x07\x00\
B\x00\x5c\x00\xd9\x00\xadK\xb0&PX@,\x09\x01\
\x07\x06\x00\x06\x07\x00h\x00\x02\x00\x03\x04\x02\x03Y\x00\
\x06\x06\x12C\x00\x01\x01\x00Q\x00\x00\x00\x0cC\x00\x04\
\x04\x05Q\x08\x01\x05\x05\x0d\x05D\x1bK\xb0*PX\
@,\x09\x01\x07\x06\x00\x06\x07\x00h\x00\x02\x00\x03\x04\
\x02\x03Y\x00\x06\x06\x12C\x00\x01\x01\x00Q\x00\x00\x00\
\x0eC\x00\x04\x04\x05Q\x08\x01\x05\x05\x0d\x05D\x1b@\
)\x09\x01\x07\x06\x00\x06\x07\x00h\x00\x02\x00\x03\x04\x02\
\x03Y\x00\x04\x08\x01\x05\x04\x05U\x00\x06\x06\x12C\x00\
\x01\x01\x00Q\x00\x00\x00\x0e\x01DYY@\x15\x0d\x0d\
\x01\x01\x0d\x10\x0d\x10\x0f\x0e\x01\x0c\x01\x0c\x11\x11\x11\x11\
\x12\x0a\x1f+\x00\x00\x00\xff\xff\x00<\x00\x00\x02n\x03\
\xbd\x00\x22\x01\xf4<\x00\x02&\x00'\x00\x00\x01\x07\x00\
t\x00\xc7\x00\xd9\x00\xadK\xb0&PX@,\x09\x01\
\x07\x06\x00\x06\x07\x00h\x00\x02\x00\x03\x04\x02\x03Y\x00\
\x06\x06\x12C\x00\x01\x01\x00Q\x00\x00\x00\x0cC\x00\x04\
\x04\x05Q\x08\x01\x05\x05\x0d\x05D\x1bK\xb0*PX\
@,\x09\x01\x07\x06\x00\x06\x07\x00h\x00\x02\x00\x03\x04\
\x02\x03Y\x00\x06\x06\x12C\x00\x01\x01\x00Q\x00\x00\x00\
\x0eC\x00\x04\x04\x05Q\x08\x01\x05\x05\x0d\x05D\x1b@\
)\x09\x01\x07\x06\x00\x06\x07\x00h\x00\x02\x00\x03\x04\x02\
\x03Y\x00\x04\x08\x01\x05\x04\x05U\x00\x06\x06\x12C\x00\
\x01\x01\x00Q\x00\x00\x00\x0e\x01DYY@\x15\x0d\x0d\
\x01\x01\x0d\x10\x0d\x10\x0f\x0e\x01\x0c\x01\x0c\x11\x11\x11\x11\
\x12\x0a\x1f+\x00\x00\x00\xff\xff\x00<\x00\x00\x02n\x03\
\xbd\x00\x22\x01\xf4<\x00\x02&\x00'\x00\x00\x01\x07\x01\
6\x00o\x00\xd9\x00\xb2\xb5\x13\x01\x06\x07\x01BK\xb0\
&PX@,\x08\x01\x06\x07\x00\x07\x06\x00h\x00\x02\
\x00\x03\x04\x02\x03Y\x00\x07\x07\x12C\x00\x01\x01\x00Q\
\x00\x00\x00\x0cC\x00\x04\x04\x05Q\x09\x01\x05\x05\x0d\x05\
D\x1bK\xb0*PX@,\x08\x01\x06\x07\x00\x07\x06\
\x00h\x00\x02\x00\x03\x04\x02\x03Y\x00\x07\x07\x12C\x00\
\x01\x01\x00Q\x00\x00\x00\x0eC\x00\x04\x04\x05Q\x09\x01\
\x05\x05\x0d\x05D\x1b@)\x08\x01\x06\x07\x00\x07\x06\x00\
h\x00\x02\x00\x03\x04\x02\x03Y\x00\x04\x09\x01\x05\x04\x05\
U\x00\x07\x07\x12C\x00\x01\x01\x00Q\x00\x00\x00\x0e\x01\
DYY@\x13\x01\x01\x12\x11\x10\x0f\x0e\x0d\x01\x0c\x01\
\x0c\x11\x11\x11\x11\x12\x0a\x1f+\x00\x00\xff\xff\x00<\x00\
\x00\x02n\x03\xb0\x00\x22\x01\xf4<\x00\x02&\x00'\x00\
\x00\x01\x07\x00i\x00]\x00\xd9\x00\xb1K\xb0&PX\
@,\x00\x02\x00\x03\x04\x02\x03Y\x0c\x09\x0b\x03\x07\x07\
\x06Q\x08\x01\x06\x06\x12C\x00\x01\x01\x00Q\x00\x00\x00\
\x0cC\x00\x04\x04\x05Q\x0a\x01\x05\x05\x0d\x05D\x1bK\
\xb0*PX@*\x08\x01\x06\x0c\x09\x0b\x03\x07\x00\x06\
\x07Y\x00\x02\x00\x03\x04\x02\x03Y\x00\x01\x01\x00Q\x00\
\x00\x00\x0eC\x00\x04\x04\x05Q\x0a\x01\x05\x05\x0d\x05D\
\x1b@'\x08\x01\x06\x0c\x09\x0b\x03\x07\x00\x06\x07Y\x00\
\x02\x00\x03\x04\x02\x03Y\x00\x04\x0a\x01\x05\x04\x05U\x00\
\x01\x01\x00Q\x00\x00\x00\x0e\x01DYY@\x1d\x11\x11\
\x0d\x0d\x01\x01\x11\x14\x11\x14\x13\x12\x0d\x10\x0d\x10\x0f\x0e\
\x01\x0c\x01\x0c\x11\x11\x11\x11\x12\x0d\x1f+\x00\x00\x00\xff\
\xff\xff\xd1\x00\x00\x00\xd1\x03\xbd\x00\x22\x01\xf4\x00\x00\x02\
&\x00+\x00\x00\x01\x07\x00B\xff\x97\x00\xd9\x00vK\
\xb0&PX@\x1a\x05\x01\x03\x02\x00\x02\x03\x00h\x00\
\x02\x02\x12C\x00\x00\x00\x0cC\x04\x01\x01\x01\x0d\x01D\
\x1bK\xb0*PX@\x1a\x05\x01\x03\x02\x00\x02\x03\x00\
h\x00\x02\x02\x12C\x00\x00\x00\x0eC\x04\x01\x01\x01\x0d\
\x01D\x1b@\x1a\x05\x01\x03\x02\x00\x02\x03\x00h\x00\x02\
\x02\x12C\x04\x01\x01\x01\x00Q\x00\x00\x00\x0e\x01DY\
Y@\x11\x05\x05\x01\x01\x05\x08\x05\x08\x07\x06\x01\x04\x01\
\x04\x12\x06\x1b+\x00\x00\xff\xff\x00<\x00\x00\x01<\x03\
\xbd\x00\x22\x01\xf4<\x00\x02&\x00+\x00\x00\x01\x07\x00\
t\x00\x02\x00\xd9\x00vK\xb0&PX@\x1a\x05\x01\
\x03\x02\x00\x02\x03\x00h\x00\x02\x02\x12C\x00\x00\x00\x0c\
C\x04\x01\x01\x01\x0d\x01D\x1bK\xb0*PX@\x1a\
\x05\x01\x03\x02\x00\x02\x03\x00h\x00\x02\x02\x12C\x00\x00\
\x00\x0eC\x04\x01\x01\x01\x0d\x01D\x1b@\x1a\x05\x01\x03\
\x02\x00\x02\x03\x00h\x00\x02\x02\x12C\x04\x01\x01\x01\x00\
Q\x00\x00\x00\x0e\x01DYY@\x11\x05\x05\x01\x01\x05\
\x08\x05\x08\x07\x06\x01\x04\x01\x04\x12\x06\x1b+\x00\x00\xff\
\xff\xff\xdc\x00\x00\x012\x03\xbd\x00\x22\x01\xf4\x00\x00\x02\
&\x00+\x00\x00\x01\x07\x016\xff\xa1\x00\xd9\x00{\xb5\
\x0b\x01\x02\x03\x01BK\xb0&PX@\x1a\x04\x01\x02\
\x03\x00\x03\x02\x00h\x00\x03\x03\x12C\x00\x00\x00\x0cC\
\x05\x01\x01\x01\x0d\x01D\x1bK\xb0*PX@\x1a\x04\
\x01\x02\x03\x00\x03\x02\x00h\x00\x03\x03\x12C\x00\x00\x00\
\x0eC\x05\x01\x01\x01\x0d\x01D\x1b@\x1a\x04\x01\x02\x03\
\x00\x03\x02\x00h\x00\x03\x03\x12C\x05\x01\x01\x01\x00Q\
\x00\x00\x00\x0e\x01DYY@\x0f\x01\x01\x0a\x09\x08\x07\
\x06\x05\x01\x04\x01\x04\x12\x06\x1b+\x00\xff\xff\xff\xcb\x00\
\x00\x01D\x03\xb0\x00\x22\x01\xf4\x00\x00\x02&\x00+\x00\
\x00\x01\x07\x00i\xff\x90\x00\xd9\x00zK\xb0&PX\
@\x1a\x08\x05\x07\x03\x03\x03\x02Q\x04\x01\x02\x02\x12C\
\x00\x00\x00\x0cC\x06\x01\x01\x01\x0d\x01D\x1bK\xb0*\
PX@\x18\x04\x01\x02\x08\x05\x07\x03\x03\x00\x02\x03Y\
\x00\x00\x00\x0eC\x06\x01\x01\x01\x0d\x01D\x1b@\x18\x04\
\x01\x02\x08\x05\x07\x03\x03\x00\x02\x03Y\x06\x01\x01\x01\x00\
Q\x00\x00\x00\x0e\x01DYY@\x19\x09\x09\x05\x05\x01\
\x01\x09\x0c\x09\x0c\x0b\x0a\x05\x08\x05\x08\x07\x06\x01\x04\x01\
\x04\x12\x09\x1b+\x00\x00\xff\xff\x00\x07\x00\x00\x02\xa1\x02\
\xca\x00\x22\x01\xf4\x07\x00\x03\x06\x00\x90\x00\x00\x00\x86K\
\xb0&PX@ \x06\x01\x00\x07\x01\x03\x04\x00\x03Y\
\x00\x05\x05\x01S\x00\x01\x01\x0cC\x08\x01\x04\x04\x02S\
\x00\x02\x02\x0d\x02D\x1bK\xb0*PX@ \x06\x01\
\x00\x07\x01\x03\x04\x00\x03Y\x00\x05\x05\x01S\x00\x01\x01\
\x0eC\x08\x01\x04\x04\x02S\x00\x02\x02\x0d\x02D\x1b@\
\x1d\x06\x01\x00\x07\x01\x03\x04\x00\x03Y\x08\x01\x04\x00\x02\
\x04\x02W\x00\x05\x05\x01S\x00\x01\x01\x0e\x05DYY\
@\x12\x13\x12! \x1f\x1e\x1d\x1b\x12\x22\x13\x22\x11(\
!\x11\x09\x1e+\x00\x00\xff\xff\x009\x00\x00\x02\xa5\x03\
\xab\x00\x22\x01\xf49\x00\x02&\x000\x00\x00\x01\x07\x01\
<\x00\x90\x00\xd9\x00\xc9\xb6\x07\x02\x02\x00\x01\x01BK\
\xb0\x1bPX@#\x00\x05\x0b\x09\x02\x07\x01\x05\x07[\
\x00\x08\x08\x04S\x06\x01\x04\x04\x12C\x02\x01\x01\x01\x0c\
C\x0a\x03\x02\x00\x00\x0d\x00D\x1bK\xb0&PX@\
!\x06\x01\x04\x00\x08\x07\x04\x08[\x00\x05\x0b\x09\x02\x07\
\x01\x05\x07[\x02\x01\x01\x01\x0cC\x0a\x03\x02\x00\x00\x0d\
\x00D\x1bK\xb0*PX@!\x06\x01\x04\x00\x08\x07\
\x04\x08[\x00\x05\x0b\x09\x02\x07\x01\x05\x07[\x02\x01\x01\
\x01\x0eC\x0a\x03\x02\x00\x00\x0d\x00D\x1b@!\x06\x01\
\x04\x00\x08\x07\x04\x08[\x00\x05\x0b\x09\x02\x07\x01\x05\x07\
[\x0a\x03\x02\x00\x00\x01Q\x02\x01\x01\x01\x0e\x00DY\
YY@\x1b\x0b\x0b\x01\x01\x0b(\x0b($\x22\x1f\x1d\
\x19\x18\x16\x14\x11\x0f\x01\x0a\x01\x0a\x12\x11\x13\x0c\x1d+\
\x00\x00\x00\xff\xff\x00\x1f\xff\xee\x02\xf8\x03\xbd\x00\x22\x01\
\xf4\x1f\x00\x02&\x001\x00\x00\x01\x07\x00B\x00\x9c\x00\
\xd9\x00\x99K\xb0&PX@%\x08\x01\x05\x04\x01\x04\
\x05\x01h\x00\x04\x04\x12C\x00\x03\x03\x01S\x00\x01\x01\
\x14C\x07\x01\x02\x02\x00S\x06\x01\x00\x00\x15\x00D\x1b\
K\xb0*PX@#\x08\x01\x05\x04\x01\x04\x05\x01h\
\x00\x01\x00\x03\x02\x01\x03\x5c\x00\x04\x04\x12C\x07\x01\x02\
\x02\x00S\x06\x01\x00\x00\x15\x00D\x1b@ \x08\x01\x05\
\x04\x01\x04\x05\x01h\x00\x01\x00\x03\x02\x01\x03\x5c\x07\x01\
\x02\x06\x01\x00\x02\x00W\x00\x04\x04\x12\x04DYY@\
\x1a))\x16\x15\x02\x01),),+* \x1e\x15\
(\x16(\x0c\x0a\x01\x14\x02\x14\x09\x1a+\x00\x00\x00\xff\
\xff\x00\x1f\xff\xee\x02\xf8\x03\xbd\x00\x22\x01\xf4\x1f\x00\x02\
&\x001\x00\x00\x01\x07\x00t\x01\x08\x00\xd9\x00\x99K\
\xb0&PX@%\x08\x01\x05\x04\x01\x04\x05\x01h\x00\
\x04\x04\x12C\x00\x03\x03\x01S\x00\x01\x01\x14C\x07\x01\
\x02\x02\x00S\x06\x01\x00\x00\x15\x00D\x1bK\xb0*P\
X@#\x08\x01\x05\x04\x01\x04\x05\x01h\x00\x01\x00\x03\
\x02\x01\x03\x5c\x00\x04\x04\x12C\x07\x01\x02\x02\x00S\x06\
\x01\x00\x00\x15\x00D\x1b@ \x08\x01\x05\x04\x01\x04\x05\
\x01h\x00\x01\x00\x03\x02\x01\x03\x5c\x07\x01\x02\x06\x01\x00\
\x02\x00W\x00\x04\x04\x12\x04DYY@\x1a))\x16\
\x15\x02\x01),),+* \x1e\x15(\x16(\x0c\
\x0a\x01\x14\x02\x14\x09\x1a+\x00\x00\x00\xff\xff\x00\x1f\xff\
\xee\x02\xf8\x03\xbd\x00\x22\x01\xf4\x1f\x00\x02&\x001\x00\
\x00\x01\x07\x016\x00\xa7\x00\xd9\x00\x9e\xb5/\x01\x04\x05\
\x01BK\xb0&PX@%\x06\x01\x04\x05\x01\x05\x04\
\x01h\x00\x05\x05\x12C\x00\x03\x03\x01S\x00\x01\x01\x14\
C\x08\x01\x02\x02\x00S\x07\x01\x00\x00\x15\x00D\x1bK\
\xb0*PX@#\x06\x01\x04\x05\x01\x05\x04\x01h\x00\
\x01\x00\x03\x02\x01\x03\x5c\x00\x05\x05\x12C\x08\x01\x02\x02\
\x00S\x07\x01\x00\x00\x15\x00D\x1b@ \x06\x01\x04\x05\
\x01\x05\x04\x01h\x00\x01\x00\x03\x02\x01\x03\x5c\x08\x01\x02\
\x07\x01\x00\x02\x00W\x00\x05\x05\x12\x05DYY@\x18\
\x16\x15\x02\x01.-,+*) \x1e\x15(\x16(\
\x0c\x0a\x01\x14\x02\x14\x09\x1a+\x00\x00\xff\xff\x00\x1f\xff\
\xee\x02\xf8\x03\xab\x00\x22\x01\xf4\x1f\x00\x02&\x001\x00\
\x00\x01\x07\x01<\x00\xad\x00\xd9\x00\xeeK\xb0\x1bPX\
@,\x00\x05\x0c\x09\x02\x07\x01\x05\x07[\x00\x08\x08\x04\
S\x06\x01\x04\x04\x12C\x00\x03\x03\x01S\x00\x01\x01\x14\
C\x0b\x01\x02\x02\x00S\x0a\x01\x00\x00\x15\x00D\x1bK\
\xb0&PX@*\x06\x01\x04\x00\x08\x07\x04\x08[\x00\
\x05\x0c\x09\x02\x07\x01\x05\x07[\x00\x03\x03\x01S\x00\x01\
\x01\x14C\x0b\x01\x02\x02\x00S\x0a\x01\x00\x00\x15\x00D\
\x1bK\xb0*PX@(\x06\x01\x04\x00\x08\x07\x04\x08\
[\x00\x05\x0c\x09\x02\x07\x01\x05\x07[\x00\x01\x00\x03\x02\
\x01\x03[\x0b\x01\x02\x02\x00S\x0a\x01\x00\x00\x15\x00D\
\x1b@.\x06\x01\x04\x00\x08\x07\x04\x08[\x00\x05\x0c\x09\
\x02\x07\x01\x05\x07[\x00\x01\x00\x03\x02\x01\x03[\x0b\x01\
\x02\x00\x00\x02O\x0b\x01\x02\x02\x00S\x0a\x01\x00\x02\x00\
GYYY@\x22))\x16\x15\x02\x01)F)F\
B@=;7642/- \x1e\x15(\x16(\
\x0c\x0a\x01\x14\x02\x14\x0d\x1a+\x00\x00\xff\xff\x00\x1f\xff\
\xee\x02\xf8\x03\xb0\x00\x22\x01\xf4\x1f\x00\x02&\x001\x00\
\x00\x01\x07\x00i\x00\x95\x00\xd9\x00\xa6K\xb0&PX\
@%\x0b\x07\x0a\x03\x05\x05\x04Q\x06\x01\x04\x04\x12C\
\x00\x03\x03\x01S\x00\x01\x01\x14C\x09\x01\x02\x02\x00S\
\x08\x01\x00\x00\x15\x00D\x1bK\xb0*PX@!\x06\
\x01\x04\x0b\x07\x0a\x03\x05\x01\x04\x05Y\x00\x01\x00\x03\x02\
\x01\x03[\x09\x01\x02\x02\x00S\x08\x01\x00\x00\x15\x00D\
\x1b@'\x06\x01\x04\x0b\x07\x0a\x03\x05\x01\x04\x05Y\x00\
\x01\x00\x03\x02\x01\x03[\x09\x01\x02\x00\x00\x02O\x09\x01\
\x02\x02\x00S\x08\x01\x00\x02\x00GYY@\x22--\
))\x16\x15\x02\x01-0-0/.),),\
+* \x1e\x15(\x16(\x0c\x0a\x01\x14\x02\x14\x0c\x1a\
+\x00\x00\xff\xff\x00;\x00E\x01\xcc\x02s\x00\x22\x01\
\xf4;E\x02&\x01\xdc\x00\x00\x00'\x00\x10\x00\x88\x01\
\xc8\x01\x07\x00\x10\x00\x88\x00E\x00?@<\x00\x02\x07\
\x01\x03\x00\x02\x03Y\x00\x00\x06\x01\x01\x04\x00\x01Y\x00\
\x04\x05\x05\x04M\x00\x04\x04\x05Q\x08\x01\x05\x04\x05E\
\x09\x09\x05\x05\x01\x01\x09\x0c\x09\x0c\x0b\x0a\x05\x08\x05\x08\
\x07\x06\x01\x04\x01\x04\x12\x09\x1b+\x00\xff\xff\x00\x1f\xff\
\xd4\x02\xf8\x02\xf5\x00\x22\x01\xf4\x1f\x00\x03\x06\x00\x98\x00\
\x00\x00\x8f@\x1d\x15\x14\x12\x03\x02\x010/ \x1f\x04\
\x03\x02\x07\x06\x04\x03\x00\x03\x03B\x13\x01\x01@\x05\x01\
\x00?K\xb0&PX@\x17\x00\x02\x02\x01S\x00\x01\
\x01\x14C\x05\x01\x03\x03\x00S\x04\x01\x00\x00\x15\x00D\
\x1bK\xb0*PX@\x15\x00\x01\x00\x02\x03\x01\x02[\
\x05\x01\x03\x03\x00S\x04\x01\x00\x00\x15\x00D\x1b@\x1b\
\x00\x01\x00\x02\x03\x01\x02[\x05\x01\x03\x00\x00\x03O\x05\
\x01\x03\x03\x00S\x04\x01\x00\x03\x00GYY@\x12(\
'\x02\x01'2(2#!\x10\x0e\x01\x1c\x02\x1c\x06\
\x1a+\x00\xff\xff\x001\xff\xee\x02\xa5\x03\xbd\x00\x22\x01\
\xf41\x00\x02&\x007\x00\x00\x01\x07\x00B\x00{\x00\
\xd9\x00~K\xb0&PX@\x1f\x06\x01\x05\x04\x00\x04\
\x05\x00h\x00\x04\x04\x12C\x02\x01\x00\x00\x0cC\x00\x03\
\x03\x01T\x00\x01\x01\x15\x01D\x1bK\xb0*PX@\
\x1f\x06\x01\x05\x04\x00\x04\x05\x00h\x00\x04\x04\x12C\x02\
\x01\x00\x00\x0eC\x00\x03\x03\x01T\x00\x01\x01\x15\x01D\
\x1b@\x1c\x06\x01\x05\x04\x00\x04\x05\x00h\x00\x03\x00\x01\
\x03\x01X\x00\x04\x04\x12C\x02\x01\x00\x00\x0e\x00DY\
Y@\x0d\x15\x15\x15\x18\x15\x18\x14%\x13#\x11\x07\x1f\
+\x00\x00\xff\xff\x001\xff\xee\x02\xa5\x03\xbd\x00\x22\x01\
\xf41\x00\x02&\x007\x00\x00\x01\x07\x00t\x00\xe7\x00\
\xd9\x00~K\xb0&PX@\x1f\x06\x01\x05\x04\x00\x04\
\x05\x00h\x00\x04\x04\x12C\x02\x01\x00\x00\x0cC\x00\x03\
\x03\x01T\x00\x01\x01\x15\x01D\x1bK\xb0*PX@\
\x1f\x06\x01\x05\x04\x00\x04\x05\x00h\x00\x04\x04\x12C\x02\
\x01\x00\x00\x0eC\x00\x03\x03\x01T\x00\x01\x01\x15\x01D\
\x1b@\x1c\x06\x01\x05\x04\x00\x04\x05\x00h\x00\x03\x00\x01\
\x03\x01X\x00\x04\x04\x12C\x02\x01\x00\x00\x0e\x00DY\
Y@\x0d\x15\x15\x15\x18\x15\x18\x14%\x13#\x11\x07\x1f\
+\x00\x00\xff\xff\x001\xff\xee\x02\xa5\x03\xbd\x00\x22\x01\
\xf41\x00\x02&\x007\x00\x00\x01\x07\x016\x00\x85\x00\
\xd9\x00\x81\xb5\x1b\x01\x04\x05\x01BK\xb0&PX@\
\x1f\x06\x01\x04\x05\x00\x05\x04\x00h\x00\x05\x05\x12C\x02\
\x01\x00\x00\x0cC\x00\x03\x03\x01T\x00\x01\x01\x15\x01D\
\x1bK\xb0*PX@\x1f\x06\x01\x04\x05\x00\x05\x04\x00\
h\x00\x05\x05\x12C\x02\x01\x00\x00\x0eC\x00\x03\x03\x01\
T\x00\x01\x01\x15\x01D\x1b@\x1c\x06\x01\x04\x05\x00\x05\
\x04\x00h\x00\x03\x00\x01\x03\x01X\x00\x05\x05\x12C\x02\
\x01\x00\x00\x0e\x00DYY@\x09\x11\x11\x13%\x13#\
\x11\x07!+\x00\x00\x00\xff\xff\x001\xff\xee\x02\xa5\x03\
\xb0\x00\x22\x01\xf41\x00\x02&\x007\x00\x00\x01\x07\x00\
i\x00t\x00\xd9\x00\x82K\xb0&PX@\x1f\x09\x07\
\x08\x03\x05\x05\x04Q\x06\x01\x04\x04\x12C\x02\x01\x00\x00\
\x0cC\x00\x03\x03\x01S\x00\x01\x01\x15\x01D\x1bK\xb0\
*PX@\x1d\x06\x01\x04\x09\x07\x08\x03\x05\x00\x04\x05\
Y\x02\x01\x00\x00\x0eC\x00\x03\x03\x01S\x00\x01\x01\x15\
\x01D\x1b@\x1a\x06\x01\x04\x09\x07\x08\x03\x05\x00\x04\x05\
Y\x00\x03\x00\x01\x03\x01W\x02\x01\x00\x00\x0e\x00DY\
Y@\x15\x19\x19\x15\x15\x19\x1c\x19\x1c\x1b\x1a\x15\x18\x15\
\x18\x14%\x13#\x11\x0a\x1f+\x00\x00\xff\xff\x00\x05\x00\
\x00\x02\xb4\x03\xbd\x00\x22\x01\xf4\x05\x00\x02&\x00;\x00\
\x00\x01\x07\x00t\x00\xe2\x00\xd9\x00\x83\xb7\x08\x05\x02\x03\
\x02\x00\x01BK\xb0&PX@\x1b\x06\x01\x04\x03\x00\
\x03\x04\x00h\x00\x03\x03\x12C\x01\x01\x00\x00\x0cC\x05\
\x01\x02\x02\x0d\x02D\x1bK\xb0*PX@\x1b\x06\x01\
\x04\x03\x00\x03\x04\x00h\x00\x03\x03\x12C\x01\x01\x00\x00\
\x0eC\x05\x01\x02\x02\x0d\x02D\x1b@\x1b\x06\x01\x04\x03\
\x00\x03\x04\x00h\x01\x01\x00\x00\x0eC\x05\x01\x02\x02\x03\
Q\x00\x03\x03\x12\x02DYY@\x12\x0a\x0a\x01\x01\x0a\
\x0d\x0a\x0d\x0c\x0b\x01\x09\x01\x09\x12\x13\x07\x1c+\x00\xff\
\xff\x00<\x00\x00\x02\xb8\x02\xca\x00\x22\x01\xf4<\x00\x03\
\x06\x00\x9e\x00\x00\x00xK\xb0&PX@\x1c\x00\x00\
\x06\x01\x05\x04\x00\x05[\x00\x04\x00\x01\x02\x04\x01[\x00\
\x03\x03\x0cC\x00\x02\x02\x0d\x02D\x1bK\xb0*PX\
@\x1c\x00\x00\x06\x01\x05\x04\x00\x05[\x00\x04\x00\x01\x02\
\x04\x01[\x00\x03\x03\x0eC\x00\x02\x02\x0d\x02D\x1b@\
\x1c\x00\x00\x06\x01\x05\x04\x00\x05[\x00\x04\x00\x01\x02\x04\
\x01[\x00\x02\x02\x03Q\x00\x03\x03\x0e\x02DYY@\
\x0d\x12\x12\x12\x1a\x12\x19\x22\x11\x11(!\x07\x1f+\xff\
\xff\x00\x05\x00\x00\x02\xb4\x03\xb0\x00\x22\x01\xf4\x05\x00\x02\
&\x00;\x00\x00\x01\x07\x00i\x00o\x00\xd9\x00\x87\xb7\
\x08\x05\x02\x03\x02\x00\x01BK\xb0&PX@\x1b\x09\
\x06\x08\x03\x04\x04\x03Q\x05\x01\x03\x03\x12C\x01\x01\x00\
\x00\x0cC\x07\x01\x02\x02\x0d\x02D\x1bK\xb0*PX\
@\x19\x05\x01\x03\x09\x06\x08\x03\x04\x00\x03\x04Y\x01\x01\
\x00\x00\x0eC\x07\x01\x02\x02\x0d\x02D\x1b@\x19\x07\x01\
\x02\x00\x02k\x05\x01\x03\x09\x06\x08\x03\x04\x00\x03\x04Y\
\x01\x01\x00\x00\x0e\x00DYY@\x1a\x0e\x0e\x0a\x0a\x01\
\x01\x0e\x11\x0e\x11\x10\x0f\x0a\x0d\x0a\x0d\x0c\x0b\x01\x09\x01\
\x09\x12\x13\x0a\x1c+\x00\xff\xff\x00\x05\x00\x00\x02\xe4\x03\
\x90\x00\x22\x01\xf4\x05\x00\x02&\x00#\x00\x00\x01\x07\x00\
o\x00\xa3\x00\xd9\x00\x83\xb5\x0b\x01\x04\x02\x01BK\xb0\
&PX@\x1d\x00\x05\x07\x01\x06\x02\x05\x06Y\x00\x04\
\x00\x00\x01\x04\x00Z\x00\x02\x02\x0cC\x03\x01\x01\x01\x0d\
\x01D\x1bK\xb0*PX@\x1d\x00\x05\x07\x01\x06\x02\
\x05\x06Y\x00\x04\x00\x00\x01\x04\x00Z\x00\x02\x02\x0eC\
\x03\x01\x01\x01\x0d\x01D\x1b@\x1d\x03\x01\x01\x00\x01k\
\x00\x05\x07\x01\x06\x02\x05\x06Y\x00\x04\x00\x00\x01\x04\x00\
Z\x00\x02\x02\x0e\x02DYY@\x0e\x0c\x0c\x0c\x0f\x0c\
\x0f\x13\x11\x11\x11\x11\x11\x08 +\x00\xff\xff\x00\x05\x00\
\x00\x02\xe4\x03\x90\x00\x22\x01\xf4\x05\x00\x02&\x00#\x00\
\x00\x01\x07\x00o\x00\xa3\x00\xd9\x00\x83\xb5\x0b\x01\x04\x02\
\x01BK\xb0&PX@\x1d\x00\x05\x07\x01\x06\x02\x05\
\x06Y\x00\x04\x00\x00\x01\x04\x00Z\x00\x02\x02\x0cC\x03\
\x01\x01\x01\x0d\x01D\x1bK\xb0*PX@\x1d\x00\x05\
\x07\x01\x06\x02\x05\x06Y\x00\x04\x00\x00\x01\x04\x00Z\x00\
\x02\x02\x0eC\x03\x01\x01\x01\x0d\x01D\x1b@\x1d\x03\x01\
\x01\x00\x01k\x00\x05\x07\x01\x06\x02\x05\x06Y\x00\x04\x00\
\x00\x01\x04\x00Z\x00\x02\x02\x0e\x02DYY@\x0e\x0c\
\x0c\x0c\x0f\x0c\x0f\x13\x11\x11\x11\x11\x11\x08 +\x00\xff\
\xff\x00\x05\x00\x00\x02\xe4\x03\xbd\x00\x22\x01\xf4\x05\x00\x02\
&\x00#\x00\x00\x01\x07\x018\x00}\x00\xd9\x00\x9a\xb5\
\x0b\x01\x04\x02\x01BK\xb0&PX@#\x00\x07\x09\
\x01\x05\x02\x07\x05[\x00\x04\x00\x00\x01\x04\x00Z\x08\x01\
\x06\x06\x12C\x00\x02\x02\x0cC\x03\x01\x01\x01\x0d\x01D\
\x1bK\xb0*PX@#\x00\x07\x09\x01\x05\x02\x07\x05\
[\x00\x04\x00\x00\x01\x04\x00Z\x08\x01\x06\x06\x12C\x00\
\x02\x02\x0eC\x03\x01\x01\x01\x0d\x01D\x1b@#\x03\x01\
\x01\x00\x01k\x00\x07\x09\x01\x05\x02\x07\x05[\x00\x04\x00\
\x00\x01\x04\x00Z\x08\x01\x06\x06\x12C\x00\x02\x02\x0e\x02\
DYY@\x13\x0d\x0c\x1b\x1a\x16\x14\x10\x0f\x0c\x1d\x0d\
\x1d\x11\x11\x11\x11\x11\x0a\x1f+\x00\x00\xff\xff\x00\x05\x00\
\x00\x02\xe4\x03\xbd\x00\x22\x01\xf4\x05\x00\x02&\x00#\x00\
\x00\x01\x07\x018\x00}\x00\xd9\x00\x9a\xb5\x0b\x01\x04\x02\
\x01BK\xb0&PX@#\x00\x07\x09\x01\x05\x02\x07\
\x05[\x00\x04\x00\x00\x01\x04\x00Z\x08\x01\x06\x06\x12C\
\x00\x02\x02\x0cC\x03\x01\x01\x01\x0d\x01D\x1bK\xb0*\
PX@#\x00\x07\x09\x01\x05\x02\x07\x05[\x00\x04\x00\
\x00\x01\x04\x00Z\x08\x01\x06\x06\x12C\x00\x02\x02\x0eC\
\x03\x01\x01\x01\x0d\x01D\x1b@#\x03\x01\x01\x00\x01k\
\x00\x07\x09\x01\x05\x02\x07\x05[\x00\x04\x00\x00\x01\x04\x00\
Z\x08\x01\x06\x06\x12C\x00\x02\x02\x0e\x02DYY@\
\x13\x0d\x0c\x1b\x1a\x16\x14\x10\x0f\x0c\x1d\x0d\x1d\x11\x11\x11\
\x11\x11\x0a\x1f+\x00\x00\x00\x02\x00\x05\xff\x0e\x02\xe4\x02\
\xca\x00\x18\x00\x1b\x00\x8a@\x0b\x1b\x01\x06\x02\x01B\x06\
\x01\x01\x01AK\xb0&PX@\x1e\x00\x06\x00\x00\x01\
\x06\x00Z\x00\x02\x02\x0cC\x05\x01\x01\x01\x0dC\x00\x03\
\x03\x04S\x00\x04\x04\x13\x04D\x1bK\xb0*PX@\
\x1e\x00\x06\x00\x00\x01\x06\x00Z\x00\x02\x02\x0eC\x05\x01\
\x01\x01\x0dC\x00\x03\x03\x04S\x00\x04\x04\x13\x04D\x1b\
@!\x05\x01\x01\x00\x03\x00\x01\x03h\x00\x06\x00\x00\x01\
\x06\x00Z\x00\x02\x02\x0eC\x00\x03\x03\x04S\x00\x04\x04\
\x13\x04DYY@\x09\x11\x15!(\x11\x11\x10\x07\x16\
+%!\x07#\x013\x01\x0e\x03\x15\x14\x16;\x01\x15\
#\x22&5467#%3\x03\x02\x1a\xfe\xb2.\
\x99\x01QN\x01@)6\x1f\x0c!,=HLJ\
TFY\xfe\xae\xfb|mm\x02\xca\xfd6\x06\x11\x15\
\x1b\x11\x1c!]<6<>\x06\xd6\x01+\x00\x00\xff\
\xff\x00\x05\xff\x0e\x02\xe4\x02\xca\x00\x22\x01\xf4\x05\x00\x03\
\x06\x00\xc4\x00\x00\x00\x8a@\x0b\x1c\x01\x06\x02\x01B\x07\
\x01\x01\x01AK\xb0&PX@\x1e\x00\x06\x00\x00\x01\
\x06\x00Z\x00\x02\x02\x0cC\x05\x01\x01\x01\x0dC\x00\x03\
\x03\x04S\x00\x04\x04\x13\x04D\x1bK\xb0*PX@\
\x1e\x00\x06\x00\x00\x01\x06\x00Z\x00\x02\x02\x0eC\x05\x01\
\x01\x01\x0dC\x00\x03\x03\x04S\x00\x04\x04\x13\x04D\x1b\
@!\x05\x01\x01\x00\x03\x00\x01\x03h\x00\x06\x00\x00\x01\
\x06\x00Z\x00\x02\x02\x0eC\x00\x03\x03\x04S\x00\x04\x04\
\x13\x04DYY@\x09\x11\x15!(\x11\x11\x11\x07!\
+\x00\x00\xff\xff\x00\x1f\xff\xee\x02\xf9\x03\xbd\x00\x22\x01\
\xf4\x1f\x00\x02&\x00%\x00\x00\x01\x07\x00t\x01\x05\x00\
\xd9\x00\xc3K\xb0&PX@3\x09\x01\x07\x06\x00\x06\
\x07\x00h\x00\x01\x02\x04\x02\x01\x04h\x00\x04\x03\x02\x04\
\x03f\x00\x06\x06\x12C\x00\x02\x02\x00S\x08\x01\x00\x00\
\x14C\x00\x03\x03\x05S\x00\x05\x05\x15\x05D\x1bK\xb0\
*PX@1\x09\x01\x07\x06\x00\x06\x07\x00h\x00\x01\
\x02\x04\x02\x01\x04h\x00\x04\x03\x02\x04\x03f\x08\x01\x00\
\x00\x02\x01\x00\x02\x5c\x00\x06\x06\x12C\x00\x03\x03\x05S\
\x00\x05\x05\x15\x05D\x1b@.\x09\x01\x07\x06\x00\x06\x07\
\x00h\x00\x01\x02\x04\x02\x01\x04h\x00\x04\x03\x02\x04\x03\
f\x08\x01\x00\x00\x02\x01\x00\x02\x5c\x00\x03\x00\x05\x03\x05\
W\x00\x06\x06\x12\x06DYY@\x1a++\x02\x01+\
.+.-,\x22 \x1c\x1b\x17\x15\x0d\x0b\x07\x06\x01\
*\x02*\x0a\x1a+\x00\xff\xff\x00\x1f\xff\xee\x02\xf9\x03\
\xbd\x00\x22\x01\xf4\x1f\x00\x02&\x00%\x00\x00\x01\x07\x00\
t\x01\x05\x00\xd9\x00\xc3K\xb0&PX@3\x09\x01\
\x07\x06\x00\x06\x07\x00h\x00\x01\x02\x04\x02\x01\x04h\x00\
\x04\x03\x02\x04\x03f\x00\x06\x06\x12C\x00\x02\x02\x00S\
\x08\x01\x00\x00\x14C\x00\x03\x03\x05S\x00\x05\x05\x15\x05\
D\x1bK\xb0*PX@1\x09\x01\x07\x06\x00\x06\x07\
\x00h\x00\x01\x02\x04\x02\x01\x04h\x00\x04\x03\x02\x04\x03\
f\x08\x01\x00\x00\x02\x01\x00\x02\x5c\x00\x06\x06\x12C\x00\
\x03\x03\x05S\x00\x05\x05\x15\x05D\x1b@.\x09\x01\x07\
\x06\x00\x06\x07\x00h\x00\x01\x02\x04\x02\x01\x04h\x00\x04\
\x03\x02\x04\x03f\x08\x01\x00\x00\x02\x01\x00\x02\x5c\x00\x03\
\x00\x05\x03\x05W\x00\x06\x06\x12\x06DYY@\x1a+\
+\x02\x01+.+.-,\x22 \x1c\x1b\x17\x15\x0d\
\x0b\x07\x06\x01*\x02*\x0a\x1a+\x00\xff\xff\x00\x1f\xff\
\xee\x02\xf9\x03\xb0\x00\x22\x01\xf4\x1f\x00\x02&\x00%\x00\
\x00\x01\x07\x019\x01\x0e\x00\xd9\x00\xbeK\xb0&PX\
@0\x00\x01\x02\x04\x02\x01\x04h\x00\x04\x03\x02\x04\x03\
f\x09\x01\x07\x07\x06Q\x00\x06\x06\x12C\x00\x02\x02\x00\
S\x08\x01\x00\x00\x14C\x00\x03\x03\x05S\x00\x05\x05\x15\
\x05D\x1bK\xb0*PX@,\x00\x01\x02\x04\x02\x01\
\x04h\x00\x04\x03\x02\x04\x03f\x00\x06\x09\x01\x07\x00\x06\
\x07Y\x08\x01\x00\x00\x02\x01\x00\x02[\x00\x03\x03\x05S\
\x00\x05\x05\x15\x05D\x1b@1\x00\x01\x02\x04\x02\x01\x04\
h\x00\x04\x03\x02\x04\x03f\x00\x06\x09\x01\x07\x00\x06\x07\
Y\x08\x01\x00\x00\x02\x01\x00\x02[\x00\x03\x05\x05\x03O\
\x00\x03\x03\x05S\x00\x05\x03\x05GYY@\x1a++\
\x02\x01+.+.-,\x22 \x1c\x1b\x17\x15\x0d\x0b\
\x07\x06\x01*\x02*\x0a\x1a+\x00\x00\xff\xff\x00\x1f\xff\
\xee\x02\xf9\x03\xb0\x00\x22\x01\xf4\x1f\x00\x02&\x00%\x00\
\x00\x01\x07\x019\x01\x0e\x00\xd9\x00\xbeK\xb0&PX\
@0\x00\x01\x02\x04\x02\x01\x04h\x00\x04\x03\x02\x04\x03\
f\x09\x01\x07\x07\x06Q\x00\x06\x06\x12C\x00\x02\x02\x00\
S\x08\x01\x00\x00\x14C\x00\x03\x03\x05S\x00\x05\x05\x15\
\x05D\x1bK\xb0*PX@,\x00\x01\x02\x04\x02\x01\
\x04h\x00\x04\x03\x02\x04\x03f\x00\x06\x09\x01\x07\x00\x06\
\x07Y\x08\x01\x00\x00\x02\x01\x00\x02[\x00\x03\x03\x05S\
\x00\x05\x05\x15\x05D\x1b@1\x00\x01\x02\x04\x02\x01\x04\
h\x00\x04\x03\x02\x04\x03f\x00\x06\x09\x01\x07\x00\x06\x07\
Y\x08\x01\x00\x00\x02\x01\x00\x02[\x00\x03\x05\x05\x03O\
\x00\x03\x03\x05S\x00\x05\x03\x05GYY@\x1a++\
\x02\x01+.+.-,\x22 \x1c\x1b\x17\x15\x0d\x0b\
\x07\x06\x01*\x02*\x0a\x1a+\x00\x00\xff\xff\x00\x1f\xff\
\xee\x02\xf9\x03\xbd\x00\x22\x01\xf4\x1f\x00\x02&\x00%\x00\
\x00\x01\x07\x017\x00\xa4\x00\xd9\x00\xc8\xb51\x01\x07\x06\
\x01BK\xb0&PX@3\x00\x07\x06\x00\x06\x07\x00\
h\x00\x01\x02\x04\x02\x01\x04h\x00\x04\x03\x02\x04\x03f\
\x08\x01\x06\x06\x12C\x00\x02\x02\x00S\x09\x01\x00\x00\x14\
C\x00\x03\x03\x05S\x00\x05\x05\x15\x05D\x1bK\xb0*\
PX@1\x00\x07\x06\x00\x06\x07\x00h\x00\x01\x02\x04\
\x02\x01\x04h\x00\x04\x03\x02\x04\x03f\x09\x01\x00\x00\x02\
\x01\x00\x02[\x08\x01\x06\x06\x12C\x00\x03\x03\x05S\x00\
\x05\x05\x15\x05D\x1b@.\x00\x07\x06\x00\x06\x07\x00h\
\x00\x01\x02\x04\x02\x01\x04h\x00\x04\x03\x02\x04\x03f\x09\
\x01\x00\x00\x02\x01\x00\x02[\x00\x03\x00\x05\x03\x05W\x08\
\x01\x06\x06\x12\x06DYY@\x18\x02\x010/.-\
,+\x22 \x1c\x1b\x17\x15\x0d\x0b\x07\x06\x01*\x02*\
\x0a\x1a+\xff\xff\x00\x1f\xff\xee\x02\xf9\x03\xbd\x00\x22\x01\
\xf4\x1f\x00\x02&\x00%\x00\x00\x01\x07\x017\x00\xa4\x00\
\xd9\x00\xc8\xb51\x01\x07\x06\x01BK\xb0&PX@\
3\x00\x07\x06\x00\x06\x07\x00h\x00\x01\x02\x04\x02\x01\x04\
h\x00\x04\x03\x02\x04\x03f\x08\x01\x06\x06\x12C\x00\x02\
\x02\x00S\x09\x01\x00\x00\x14C\x00\x03\x03\x05S\x00\x05\
\x05\x15\x05D\x1bK\xb0*PX@1\x00\x07\x06\x00\
\x06\x07\x00h\x00\x01\x02\x04\x02\x01\x04h\x00\x04\x03\x02\
\x04\x03f\x09\x01\x00\x00\x02\x01\x00\x02[\x08\x01\x06\x06\
\x12C\x00\x03\x03\x05S\x00\x05\x05\x15\x05D\x1b@.\
\x00\x07\x06\x00\x06\x07\x00h\x00\x01\x02\x04\x02\x01\x04h\
\x00\x04\x03\x02\x04\x03f\x09\x01\x00\x00\x02\x01\x00\x02[\
\x00\x03\x00\x05\x03\x05W\x08\x01\x06\x06\x12\x06DYY\
@\x18\x02\x010/.-,+\x22 \x1c\x1b\x17\x15\
\x0d\x0b\x07\x06\x01*\x02*\x0a\x1a+\xff\xff\x00<\x00\
\x00\x02\xa3\x03\xbd\x00\x22\x01\xf4<\x00\x02&\x00&\x00\
\x00\x01\x07\x017\x00W\x00\xd9\x00\x99\xb5!\x01\x05\x04\
\x01BK\xb0&PX@$\x00\x05\x04\x00\x04\x05\x00\
h\x06\x01\x04\x04\x12C\x00\x03\x03\x00S\x00\x00\x00\x0c\
C\x07\x01\x02\x02\x01T\x00\x01\x01\x0d\x01D\x1bK\xb0\
*PX@$\x00\x05\x04\x00\x04\x05\x00h\x06\x01\x04\
\x04\x12C\x00\x03\x03\x00S\x00\x00\x00\x0eC\x07\x01\x02\
\x02\x01T\x00\x01\x01\x0d\x01D\x1b@!\x00\x05\x04\x00\
\x04\x05\x00h\x07\x01\x02\x00\x01\x02\x01X\x06\x01\x04\x04\
\x12C\x00\x03\x03\x00S\x00\x00\x00\x0e\x03DYY@\
\x12\x0f\x0e \x1f\x1e\x1d\x1c\x1b\x19\x17\x0e\x1a\x0f\x1a(\
!\x08\x1c+\x00\x00\x00\xff\xff\x00<\x00\x00\x02\xa3\x03\
\xbd\x00\x22\x01\xf4<\x00\x02&\x00&\x00\x00\x01\x07\x01\
7\x00W\x00\xd9\x00\x99\xb5!\x01\x05\x04\x01BK\xb0\
&PX@$\x00\x05\x04\x00\x04\x05\x00h\x06\x01\x04\
\x04\x12C\x00\x03\x03\x00S\x00\x00\x00\x0cC\x07\x01\x02\
\x02\x01T\x00\x01\x01\x0d\x01D\x1bK\xb0*PX@\
$\x00\x05\x04\x00\x04\x05\x00h\x06\x01\x04\x04\x12C\x00\
\x03\x03\x00S\x00\x00\x00\x0eC\x07\x01\x02\x02\x01T\x00\
\x01\x01\x0d\x01D\x1b@!\x00\x05\x04\x00\x04\x05\x00h\
\x07\x01\x02\x00\x01\x02\x01X\x06\x01\x04\x04\x12C\x00\x03\
\x03\x00S\x00\x00\x00\x0e\x03DYY@\x12\x0f\x0e \
\x1f\x1e\x1d\x1c\x1b\x19\x17\x0e\x1a\x0f\x1a(!\x08\x1c+\
\x00\x00\x00\xff\xff\x00\x07\x00\x00\x02\xa1\x02\xca\x00\x22\x01\
\xf4\x07\x00\x03\x06\x00\x90\x00\x00\x00\x86K\xb0&PX\
@ \x06\x01\x00\x07\x01\x03\x04\x00\x03Y\x00\x05\x05\x01\
S\x00\x01\x01\x0cC\x08\x01\x04\x04\x02S\x00\x02\x02\x0d\
\x02D\x1bK\xb0*PX@ \x06\x01\x00\x07\x01\x03\
\x04\x00\x03Y\x00\x05\x05\x01S\x00\x01\x01\x0eC\x08\x01\
\x04\x04\x02S\x00\x02\x02\x0d\x02D\x1b@\x1d\x06\x01\x00\
\x07\x01\x03\x04\x00\x03Y\x08\x01\x04\x00\x02\x04\x02W\x00\
\x05\x05\x01S\x00\x01\x01\x0e\x05DYY@\x12\x13\x12\
! \x1f\x1e\x1d\x1b\x12\x22\x13\x22\x11(!\x11\x09\x1e\
+\x00\x00\xff\xff\x00\x07\x00\x00\x02\xa1\x02\xca\x00\x22\x01\
\xf4\x07\x00\x03\x06\x00\x90\x00\x00\x00\x86K\xb0&PX\
@ \x06\x01\x00\x07\x01\x03\x04\x00\x03Y\x00\x05\x05\x01\
S\x00\x01\x01\x0cC\x08\x01\x04\x04\x02S\x00\x02\x02\x0d\
\x02D\x1bK\xb0*PX@ \x06\x01\x00\x07\x01\x03\
\x04\x00\x03Y\x00\x05\x05\x01S\x00\x01\x01\x0eC\x08\x01\
\x04\x04\x02S\x00\x02\x02\x0d\x02D\x1b@\x1d\x06\x01\x00\
\x07\x01\x03\x04\x00\x03Y\x08\x01\x04\x00\x02\x04\x02W\x00\
\x05\x05\x01S\x00\x01\x01\x0e\x05DYY@\x12\x13\x12\
! \x1f\x1e\x1d\x1b\x12\x22\x13\x22\x11(!\x11\x09\x1e\
+\x00\x00\xff\xff\x00<\x00\x00\x02n\x03\x90\x00\x22\x01\
\xf4<\x00\x02&\x00'\x00\x00\x01\x07\x00o\x00y\x00\
\xd9\x00\x9eK\xb0&PX@'\x00\x06\x09\x01\x07\x00\
\x06\x07Y\x00\x02\x00\x03\x04\x02\x03Y\x00\x01\x01\x00Q\
\x00\x00\x00\x0cC\x00\x04\x04\x05Q\x08\x01\x05\x05\x0d\x05\
D\x1bK\xb0*PX@'\x00\x06\x09\x01\x07\x00\x06\
\x07Y\x00\x02\x00\x03\x04\x02\x03Y\x00\x01\x01\x00Q\x00\
\x00\x00\x0eC\x00\x04\x04\x05Q\x08\x01\x05\x05\x0d\x05D\
\x1b@$\x00\x06\x09\x01\x07\x00\x06\x07Y\x00\x02\x00\x03\
\x04\x02\x03Y\x00\x04\x08\x01\x05\x04\x05U\x00\x01\x01\x00\
Q\x00\x00\x00\x0e\x01DYY@\x15\x0d\x0d\x01\x01\x0d\
\x10\x0d\x10\x0f\x0e\x01\x0c\x01\x0c\x11\x11\x11\x11\x12\x0a\x1f\
+\x00\x00\xff\xff\x00<\x00\x00\x02n\x03\x90\x00\x22\x01\
\xf4<\x00\x02&\x00'\x00\x00\x01\x07\x00o\x00y\x00\
\xd9\x00\x9eK\xb0&PX@'\x00\x06\x09\x01\x07\x00\
\x06\x07Y\x00\x02\x00\x03\x04\x02\x03Y\x00\x01\x01\x00Q\
\x00\x00\x00\x0cC\x00\x04\x04\x05Q\x08\x01\x05\x05\x0d\x05\
D\x1bK\xb0*PX@'\x00\x06\x09\x01\x07\x00\x06\
\x07Y\x00\x02\x00\x03\x04\x02\x03Y\x00\x01\x01\x00Q\x00\
\x00\x00\x0eC\x00\x04\x04\x05Q\x08\x01\x05\x05\x0d\x05D\
\x1b@$\x00\x06\x09\x01\x07\x00\x06\x07Y\x00\x02\x00\x03\
\x04\x02\x03Y\x00\x04\x08\x01\x05\x04\x05U\x00\x01\x01\x00\
Q\x00\x00\x00\x0e\x01DYY@\x15\x0d\x0d\x01\x01\x0d\
\x10\x0d\x10\x0f\x0e\x01\x0c\x01\x0c\x11\x11\x11\x11\x12\x0a\x1f\
+\x00\x00\xff\xff\x00<\x00\x00\x02n\x03\xbd\x00\x22\x01\
\xf4<\x00\x02&\x00'\x00\x00\x01\x07\x018\x00]\x00\
\xd9\x00\xb4K\xb0&PX@-\x00\x08\x0b\x01\x06\x00\
\x08\x06[\x00\x02\x00\x03\x04\x02\x03Y\x09\x01\x07\x07\x12\
C\x00\x01\x01\x00Q\x00\x00\x00\x0cC\x00\x04\x04\x05Q\
\x0a\x01\x05\x05\x0d\x05D\x1bK\xb0*PX@-\x00\
\x08\x0b\x01\x06\x00\x08\x06[\x00\x02\x00\x03\x04\x02\x03Y\
\x09\x01\x07\x07\x12C\x00\x01\x01\x00Q\x00\x00\x00\x0eC\
\x00\x04\x04\x05Q\x0a\x01\x05\x05\x0d\x05D\x1b@*\x00\
\x08\x0b\x01\x06\x00\x08\x06[\x00\x02\x00\x03\x04\x02\x03Y\
\x00\x04\x0a\x01\x05\x04\x05U\x09\x01\x07\x07\x12C\x00\x01\
\x01\x00Q\x00\x00\x00\x0e\x01DYY@\x19\x0e\x0d\x01\
\x01\x1c\x1b\x17\x15\x11\x10\x0d\x1e\x0e\x1e\x01\x0c\x01\x0c\x11\
\x11\x11\x11\x12\x0c\x1f+\xff\xff\x00<\x00\x00\x02n\x03\
\xbd\x00\x22\x01\xf4<\x00\x02&\x00'\x00\x00\x01\x07\x01\
8\x00]\x00\xd9\x00\xb4K\xb0&PX@-\x00\x08\
\x0b\x01\x06\x00\x08\x06[\x00\x02\x00\x03\x04\x02\x03Y\x09\
\x01\x07\x07\x12C\x00\x01\x01\x00Q\x00\x00\x00\x0cC\x00\
\x04\x04\x05Q\x0a\x01\x05\x05\x0d\x05D\x1bK\xb0*P\
X@-\x00\x08\x0b\x01\x06\x00\x08\x06[\x00\x02\x00\x03\
\x04\x02\x03Y\x09\x01\x07\x07\x12C\x00\x01\x01\x00Q\x00\
\x00\x00\x0eC\x00\x04\x04\x05Q\x0a\x01\x05\x05\x0d\x05D\
\x1b@*\x00\x08\x0b\x01\x06\x00\x08\x06[\x00\x02\x00\x03\
\x04\x02\x03Y\x00\x04\x0a\x01\x05\x04\x05U\x09\x01\x07\x07\
\x12C\x00\x01\x01\x00Q\x00\x00\x00\x0e\x01DYY@\
\x19\x0e\x0d\x01\x01\x1c\x1b\x17\x15\x11\x10\x0d\x1e\x0e\x1e\x01\
\x0c\x01\x0c\x11\x11\x11\x11\x12\x0c\x1f+\xff\xff\x00<\x00\
\x00\x02n\x03\xb0\x00\x22\x01\xf4<\x00\x02&\x00'\x00\
\x00\x01\x07\x019\x00\xd9\x00\xd9\x00\xa0K\xb0&PX\
@)\x00\x02\x00\x03\x04\x02\x03Y\x09\x01\x07\x07\x06Q\
\x00\x06\x06\x12C\x00\x01\x01\x00Q\x00\x00\x00\x0cC\x00\
\x04\x04\x05Q\x08\x01\x05\x05\x0d\x05D\x1bK\xb0*P\
X@'\x00\x06\x09\x01\x07\x00\x06\x07Y\x00\x02\x00\x03\
\x04\x02\x03Y\x00\x01\x01\x00Q\x00\x00\x00\x0eC\x00\x04\
\x04\x05Q\x08\x01\x05\x05\x0d\x05D\x1b@$\x00\x06\x09\
\x01\x07\x00\x06\x07Y\x00\x02\x00\x03\x04\x02\x03Y\x00\x04\
\x08\x01\x05\x04\x05U\x00\x01\x01\x00Q\x00\x00\x00\x0e\x01\
DYY@\x15\x0d\x0d\x01\x01\x0d\x10\x0d\x10\x0f\x0e\x01\
\x0c\x01\x0c\x11\x11\x11\x11\x12\x0a\x1f+\xff\xff\x00<\x00\
\x00\x02n\x03\xb0\x00\x22\x01\xf4<\x00\x02&\x00'\x00\
\x00\x01\x07\x019\x00\xd9\x00\xd9\x00\xa0K\xb0&PX\
@)\x00\x02\x00\x03\x04\x02\x03Y\x09\x01\x07\x07\x06Q\
\x00\x06\x06\x12C\x00\x01\x01\x00Q\x00\x00\x00\x0cC\x00\
\x04\x04\x05Q\x08\x01\x05\x05\x0d\x05D\x1bK\xb0*P\
X@'\x00\x06\x09\x01\x07\x00\x06\x07Y\x00\x02\x00\x03\
\x04\x02\x03Y\x00\x01\x01\x00Q\x00\x00\x00\x0eC\x00\x04\
\x04\x05Q\x08\x01\x05\x05\x0d\x05D\x1b@$\x00\x06\x09\
\x01\x07\x00\x06\x07Y\x00\x02\x00\x03\x04\x02\x03Y\x00\x04\
\x08\x01\x05\x04\x05U\x00\x01\x01\x00Q\x00\x00\x00\x0e\x01\
DYY@\x15\x0d\x0d\x01\x01\x0d\x10\x0d\x10\x0f\x0e\x01\
\x0c\x01\x0c\x11\x11\x11\x11\x12\x0a\x1f+\x00\x01\x00<\xff\
\x0e\x02n\x02\xca\x00\x1c\x00\xa9\xb4\x12\x01\x01\x01AK\
\xb0&PX@(\x00\x04\x00\x05\x06\x04\x05Y\x00\x03\
\x03\x02Q\x00\x02\x02\x0cC\x00\x06\x06\x01Q\x00\x01\x01\
\x0dC\x00\x07\x07\x00S\x08\x01\x00\x00\x13\x00D\x1bK\
\xb0*PX@(\x00\x04\x00\x05\x06\x04\x05Y\x00\x03\
\x03\x02Q\x00\x02\x02\x0eC\x00\x06\x06\x01Q\x00\x01\x01\
\x0dC\x00\x07\x07\x00S\x08\x01\x00\x00\x13\x00D\x1b@\
&\x00\x04\x00\x05\x06\x04\x05Y\x00\x06\x00\x01\x07\x06\x01\
Y\x00\x03\x03\x02Q\x00\x02\x02\x0eC\x00\x07\x07\x00S\
\x08\x01\x00\x00\x13\x00DYY@\x16\x01\x00\x1b\x19\x11\
\x10\x0f\x0e\x0d\x0c\x0b\x0a\x09\x08\x07\x06\x00\x1c\x01\x1c\x09\
\x0f+\x05\x22&5467!\x11!\x15!\x15!\
\x15!\x15!\x15\x0e\x03\x15\x14\x16;\x01\x15\x02%L\
ISF\xfe\x13\x021\xfe\x5c\x01Y\xfe\xa7\x01\xa5*\
5 \x0c!-=\xf2<6<>\x06\x02\xcaw\xab\
t\xbdw\x06\x11\x15\x1b\x11\x1c!]\xff\xff\x00<\xff\
\x0e\x02n\x02\xca\x00\x22\x01\xf4<\x00\x03\x06\x00\xd6\x00\
\x00\x00\xa9\xb4\x13\x01\x01\x01AK\xb0&PX@(\
\x00\x04\x00\x05\x06\x04\x05Y\x00\x03\x03\x02Q\x00\x02\x02\
\x0cC\x00\x06\x06\x01Q\x00\x01\x01\x0dC\x00\x07\x07\x00\
S\x08\x01\x00\x00\x13\x00D\x1bK\xb0*PX@(\
\x00\x04\x00\x05\x06\x04\x05Y\x00\x03\x03\x02Q\x00\x02\x02\
\x0eC\x00\x06\x06\x01Q\x00\x01\x01\x0dC\x00\x07\x07\x00\
S\x08\x01\x00\x00\x13\x00D\x1b@&\x00\x04\x00\x05\x06\
\x04\x05Y\x00\x06\x00\x01\x07\x06\x01Y\x00\x03\x03\x02Q\
\x00\x02\x02\x0eC\x00\x07\x07\x00S\x08\x01\x00\x00\x13\x00\
DYY@\x16\x02\x01\x1c\x1a\x12\x11\x10\x0f\x0e\x0d\x0c\
\x0b\x0a\x09\x08\x07\x01\x1d\x02\x1d\x09\x1a+\x00\x00\x00\xff\
\xff\x00<\x00\x00\x02n\x03\xbd\x00\x22\x01\xf4<\x00\x02\
&\x00'\x00\x00\x01\x07\x017\x00o\x00\xd9\x00\xb2\xb5\
\x13\x01\x07\x06\x01BK\xb0&PX@,\x00\x07\x06\
\x00\x06\x07\x00h\x00\x02\x00\x03\x04\x02\x03Y\x08\x01\x06\
\x06\x12C\x00\x01\x01\x00Q\x00\x00\x00\x0cC\x00\x04\x04\
\x05Q\x09\x01\x05\x05\x0d\x05D\x1bK\xb0*PX@\
,\x00\x07\x06\x00\x06\x07\x00h\x00\x02\x00\x03\x04\x02\x03\
Y\x08\x01\x06\x06\x12C\x00\x01\x01\x00Q\x00\x00\x00\x0e\
C\x00\x04\x04\x05Q\x09\x01\x05\x05\x0d\x05D\x1b@)\
\x00\x07\x06\x00\x06\x07\x00h\x00\x02\x00\x03\x04\x02\x03Y\
\x00\x04\x09\x01\x05\x04\x05U\x08\x01\x06\x06\x12C\x00\x01\
\x01\x00Q\x00\x00\x00\x0e\x01DYY@\x13\x01\x01\x12\
\x11\x10\x0f\x0e\x0d\x01\x0c\x01\x0c\x11\x11\x11\x11\x12\x0a\x1f\
+\x00\x00\xff\xff\x00<\x00\x00\x02n\x03\xbd\x00\x22\x01\
\xf4<\x00\x02&\x00'\x00\x00\x01\x07\x017\x00o\x00\
\xd9\x00\xb2\xb5\x13\x01\x07\x06\x01BK\xb0&PX@\
,\x00\x07\x06\x00\x06\x07\x00h\x00\x02\x00\x03\x04\x02\x03\
Y\x08\x01\x06\x06\x12C\x00\x01\x01\x00Q\x00\x00\x00\x0c\
C\x00\x04\x04\x05Q\x09\x01\x05\x05\x0d\x05D\x1bK\xb0\
*PX@,\x00\x07\x06\x00\x06\x07\x00h\x00\x02\x00\
\x03\x04\x02\x03Y\x08\x01\x06\x06\x12C\x00\x01\x01\x00Q\
\x00\x00\x00\x0eC\x00\x04\x04\x05Q\x09\x01\x05\x05\x0d\x05\
D\x1b@)\x00\x07\x06\x00\x06\x07\x00h\x00\x02\x00\x03\
\x04\x02\x03Y\x00\x04\x09\x01\x05\x04\x05U\x08\x01\x06\x06\
\x12C\x00\x01\x01\x00Q\x00\x00\x00\x0e\x01DYY@\
\x13\x01\x01\x12\x11\x10\x0f\x0e\x0d\x01\x0c\x01\x0c\x11\x11\x11\
\x11\x12\x0a\x1f+\x00\x00\xff\xff\x00\x1f\xff\xee\x02\xf5\x03\
\xbd\x00\x22\x01\xf4\x1f\x00\x02&\x00)\x00\x00\x01\x07\x01\
8\x00\x8d\x00\xd9\x01\x22\xb5\x02\x01\x04\x05\x01BK\xb0\
\x0dPX@6\x00\x02\x03\x06\x03\x02\x06h\x00\x0a\x0d\
\x01\x08\x01\x0a\x08[\x00\x06\x00\x05\x04\x06\x05Z\x0b\x01\
\x09\x09\x12C\x00\x03\x03\x01S\x00\x01\x01\x14C\x00\x04\
\x04\x00S\x0c\x07\x02\x00\x00\x15\x00D\x1bK\xb0&P\
X@:\x00\x02\x03\x06\x03\x02\x06h\x00\x0a\x0d\x01\x08\
\x01\x0a\x08[\x00\x06\x00\x05\x04\x06\x05Z\x0b\x01\x09\x09\
\x12C\x00\x03\x03\x01S\x00\x01\x01\x14C\x0c\x01\x07\x07\
\x0dC\x00\x04\x04\x00S\x00\x00\x00\x15\x00D\x1bK\xb0\
*PX@8\x00\x02\x03\x06\x03\x02\x06h\x00\x0a\x0d\
\x01\x08\x01\x0a\x08[\x00\x01\x00\x03\x02\x01\x03[\x00\x06\
\x00\x05\x04\x06\x05Z\x0b\x01\x09\x09\x12C\x0c\x01\x07\x07\
\x0dC\x00\x04\x04\x00S\x00\x00\x00\x15\x00D\x1b@8\
\x00\x02\x03\x06\x03\x02\x06h\x0c\x01\x07\x04\x00\x04\x07\x00\
h\x00\x0a\x0d\x01\x08\x01\x0a\x08[\x00\x01\x00\x03\x02\x01\
\x03[\x00\x06\x00\x05\x04\x06\x05Z\x00\x04\x00\x00\x04\x00\
W\x0b\x01\x09\x09\x12\x09DYYY@\x1b/.\x01\
\x01=<8621.?/?\x01-\x01-\x11\
\x14(\x22\x14(&\x0e!+\x00\x00\xff\xff\x00\x1f\xff\
\xee\x02\xf5\x03\xbd\x00\x22\x01\xf4\x1f\x00\x02&\x00)\x00\
\x00\x01\x07\x018\x00\x8d\x00\xd9\x01\x22\xb5\x02\x01\x04\x05\
\x01BK\xb0\x0dPX@6\x00\x02\x03\x06\x03\x02\x06\
h\x00\x0a\x0d\x01\x08\x01\x0a\x08[\x00\x06\x00\x05\x04\x06\
\x05Z\x0b\x01\x09\x09\x12C\x00\x03\x03\x01S\x00\x01\x01\
\x14C\x00\x04\x04\x00S\x0c\x07\x02\x00\x00\x15\x00D\x1b\
K\xb0&PX@:\x00\x02\x03\x06\x03\x02\x06h\x00\
\x0a\x0d\x01\x08\x01\x0a\x08[\x00\x06\x00\x05\x04\x06\x05Z\
\x0b\x01\x09\x09\x12C\x00\x03\x03\x01S\x00\x01\x01\x14C\
\x0c\x01\x07\x07\x0dC\x00\x04\x04\x00S\x00\x00\x00\x15\x00\
D\x1bK\xb0*PX@8\x00\x02\x03\x06\x03\x02\x06\
h\x00\x0a\x0d\x01\x08\x01\x0a\x08[\x00\x01\x00\x03\x02\x01\
\x03[\x00\x06\x00\x05\x04\x06\x05Z\x0b\x01\x09\x09\x12C\
\x0c\x01\x07\x07\x0dC\x00\x04\x04\x00S\x00\x00\x00\x15\x00\
D\x1b@8\x00\x02\x03\x06\x03\x02\x06h\x0c\x01\x07\x04\
\x00\x04\x07\x00h\x00\x0a\x0d\x01\x08\x01\x0a\x08[\x00\x01\
\x00\x03\x02\x01\x03[\x00\x06\x00\x05\x04\x06\x05Z\x00\x04\
\x00\x00\x04\x00W\x0b\x01\x09\x09\x12\x09DYYY@\
\x1b/.\x01\x01=<8621.?/?\x01\
-\x01-\x11\x14(\x22\x14(&\x0e!+\x00\x00\xff\
\xff\x00\x1f\xff\xee\x02\xf5\x03\xb0\x00\x22\x01\xf4\x1f\x00\x02\
&\x00)\x00\x00\x01\x07\x019\x01\x05\x00\xd9\x01\x12\xb5\
\x02\x01\x04\x05\x01BK\xb0\x0dPX@2\x00\x02\x03\
\x06\x03\x02\x06h\x00\x06\x00\x05\x04\x06\x05Y\x0b\x01\x09\
\x09\x08Q\x00\x08\x08\x12C\x00\x03\x03\x01S\x00\x01\x01\
\x14C\x00\x04\x04\x00S\x0a\x07\x02\x00\x00\x15\x00D\x1b\
K\xb0&PX@6\x00\x02\x03\x06\x03\x02\x06h\x00\
\x06\x00\x05\x04\x06\x05Y\x0b\x01\x09\x09\x08Q\x00\x08\x08\
\x12C\x00\x03\x03\x01S\x00\x01\x01\x14C\x0a\x01\x07\x07\
\x0dC\x00\x04\x04\x00S\x00\x00\x00\x15\x00D\x1bK\xb0\
*PX@2\x00\x02\x03\x06\x03\x02\x06h\x00\x08\x0b\
\x01\x09\x01\x08\x09Y\x00\x01\x00\x03\x02\x01\x03[\x00\x06\
\x00\x05\x04\x06\x05Y\x0a\x01\x07\x07\x0dC\x00\x04\x04\x00\
S\x00\x00\x00\x15\x00D\x1b@:\x00\x02\x03\x06\x03\x02\
\x06h\x0a\x01\x07\x04\x00\x04\x07\x00h\x00\x08\x0b\x01\x09\
\x01\x08\x09Y\x00\x01\x00\x03\x02\x01\x03[\x00\x06\x00\x05\
\x04\x06\x05Y\x00\x04\x07\x00\x04O\x00\x04\x04\x00S\x00\
\x00\x04\x00GYYY@\x17..\x01\x01.1.\
10/\x01-\x01-\x11\x14(\x22\x14(&\x0c!\
+\x00\x00\xff\xff\x00\x1f\xff\xee\x02\xf5\x03\xb0\x00\x22\x01\
\xf4\x1f\x00\x02&\x00)\x00\x00\x01\x07\x019\x01\x05\x00\
\xd9\x01\x12\xb5\x02\x01\x04\x05\x01BK\xb0\x0dPX@\
2\x00\x02\x03\x06\x03\x02\x06h\x00\x06\x00\x05\x04\x06\x05\
Y\x0b\x01\x09\x09\x08Q\x00\x08\x08\x12C\x00\x03\x03\x01\
S\x00\x01\x01\x14C\x00\x04\x04\x00S\x0a\x07\x02\x00\x00\
\x15\x00D\x1bK\xb0&PX@6\x00\x02\x03\x06\x03\
\x02\x06h\x00\x06\x00\x05\x04\x06\x05Y\x0b\x01\x09\x09\x08\
Q\x00\x08\x08\x12C\x00\x03\x03\x01S\x00\x01\x01\x14C\
\x0a\x01\x07\x07\x0dC\x00\x04\x04\x00S\x00\x00\x00\x15\x00\
D\x1bK\xb0*PX@2\x00\x02\x03\x06\x03\x02\x06\
h\x00\x08\x0b\x01\x09\x01\x08\x09Y\x00\x01\x00\x03\x02\x01\
\x03[\x00\x06\x00\x05\x04\x06\x05Y\x0a\x01\x07\x07\x0dC\
\x00\x04\x04\x00S\x00\x00\x00\x15\x00D\x1b@:\x00\x02\
\x03\x06\x03\x02\x06h\x0a\x01\x07\x04\x00\x04\x07\x00h\x00\
\x08\x0b\x01\x09\x01\x08\x09Y\x00\x01\x00\x03\x02\x01\x03[\
\x00\x06\x00\x05\x04\x06\x05Y\x00\x04\x07\x00\x04O\x00\x04\
\x04\x00S\x00\x00\x04\x00GYYY@\x17..\x01\
\x01.1.10/\x01-\x01-\x11\x14(\x22\x14\
(&\x0c!+\x00\x00\xff\xff\x00\x1f\xff\x0e\x02\xf5\x02\
\xde\x00\x22\x01\xf4\x1f\x00\x02&\x00)\x00\x00\x01\x07\x00\
x\x01\x14\x00\x00\x01\x1d\xb5\x02\x01\x04\x05\x01BK\xb0\
\x0dPX@5\x00\x02\x03\x06\x03\x02\x06h\x00\x06\x00\
\x05\x04\x06\x05Y\x00\x09\x00\x08\x0a\x09\x08Y\x00\x03\x03\
\x01S\x00\x01\x01\x14C\x00\x04\x04\x00S\x0b\x07\x02\x00\
\x00\x15C\x0c\x01\x0a\x0a\x13\x0aD\x1bK\xb0&PX\
@9\x00\x02\x03\x06\x03\x02\x06h\x00\x06\x00\x05\x04\x06\
\x05Y\x00\x09\x00\x08\x0a\x09\x08Y\x00\x03\x03\x01S\x00\
\x01\x01\x14C\x0b\x01\x07\x07\x0dC\x00\x04\x04\x00S\x00\
\x00\x00\x15C\x0c\x01\x0a\x0a\x13\x0aD\x1bK\xb0*P\
X@7\x00\x02\x03\x06\x03\x02\x06h\x00\x01\x00\x03\x02\
\x01\x03[\x00\x06\x00\x05\x04\x06\x05Y\x00\x09\x00\x08\x0a\
\x09\x08Y\x0b\x01\x07\x07\x0dC\x00\x04\x04\x00S\x00\x00\
\x00\x15C\x0c\x01\x0a\x0a\x13\x0aD\x1b@8\x00\x02\x03\
\x06\x03\x02\x06h\x0b\x01\x07\x04\x00\x04\x07\x00h\x00\x01\
\x00\x03\x02\x01\x03[\x00\x06\x00\x05\x04\x06\x05Y\x00\x04\
\x00\x00\x09\x04\x00[\x00\x09\x00\x08\x0a\x09\x08Y\x0c\x01\
\x0a\x0a\x13\x0aDYYY@\x19..\x01\x01.;\
.;6543\x01-\x01-\x11\x14(\x22\x14(\
&\x0d!+\x00\x00\x00\xff\xff\x00\x1f\xff\x0e\x02\xf5\x02\
\xde\x00\x22\x01\xf4\x1f\x00\x02&\x00)\x00\x00\x01\x07\x00\
x\x01\x14\x00\x00\x01\x1d\xb5\x02\x01\x04\x05\x01BK\xb0\
\x0dPX@5\x00\x02\x03\x06\x03\x02\x06h\x00\x06\x00\
\x05\x04\x06\x05Y\x00\x09\x00\x08\x0a\x09\x08Y\x00\x03\x03\
\x01S\x00\x01\x01\x14C\x00\x04\x04\x00S\x0b\x07\x02\x00\
\x00\x15C\x0c\x01\x0a\x0a\x13\x0aD\x1bK\xb0&PX\
@9\x00\x02\x03\x06\x03\x02\x06h\x00\x06\x00\x05\x04\x06\
\x05Y\x00\x09\x00\x08\x0a\x09\x08Y\x00\x03\x03\x01S\x00\
\x01\x01\x14C\x0b\x01\x07\x07\x0dC\x00\x04\x04\x00S\x00\
\x00\x00\x15C\x0c\x01\x0a\x0a\x13\x0aD\x1bK\xb0*P\
X@7\x00\x02\x03\x06\x03\x02\x06h\x00\x01\x00\x03\x02\
\x01\x03[\x00\x06\x00\x05\x04\x06\x05Y\x00\x09\x00\x08\x0a\
\x09\x08Y\x0b\x01\x07\x07\x0dC\x00\x04\x04\x00S\x00\x00\
\x00\x15C\x0c\x01\x0a\x0a\x13\x0aD\x1b@8\x00\x02\x03\
\x06\x03\x02\x06h\x0b\x01\x07\x04\x00\x04\x07\x00h\x00\x01\
\x00\x03\x02\x01\x03[\x00\x06\x00\x05\x04\x06\x05Y\x00\x04\
\x00\x00\x09\x04\x00[\x00\x09\x00\x08\x0a\x09\x08Y\x0c\x01\
\x0a\x0a\x13\x0aDYYY@\x19..\x01\x01.;\
.;6543\x01-\x01-\x11\x14(\x22\x14(\
&\x0d!+\x00\x00\x00\x00\x02\x00<\x00\x00\x02\x95\x02\
\xca\x00\x0b\x00\x0f\x00\x89K\xb0&PX@\x1f\x00\x03\
\x00\x06\x07\x03\x06Y\x09\x01\x07\x00\x00\x01\x07\x00Y\x04\
\x01\x02\x02\x0cC\x08\x05\x02\x01\x01\x0d\x01D\x1bK\xb0\
*PX@\x1f\x00\x03\x00\x06\x07\x03\x06Y\x09\x01\x07\
\x00\x00\x01\x07\x00Y\x04\x01\x02\x02\x0eC\x08\x05\x02\x01\
\x01\x0d\x01D\x1b@\x1f\x00\x03\x00\x06\x07\x03\x06Y\x09\
\x01\x07\x00\x00\x01\x07\x00Y\x08\x05\x02\x01\x01\x02Q\x04\
\x01\x02\x02\x0e\x01DYY@\x15\x0c\x0c\x00\x00\x0c\x0f\
\x0c\x0f\x0e\x0d\x00\x0b\x00\x0b\x11\x11\x11\x11\x11\x0a\x14+\
!\x11!\x11#\x113\x15!53\x11\x035!\x15\
\x02\x0a\xfe\xbf\x8d\x8d\x01A\x8b\x8b\xfe\xbf\x01\x1a\xfe\xe6\
\x02\xca}}\xfd6\x01\x98oo\x00\xff\xff\x00<\x00\
\x00\x02\x95\x02\xca\x00\x22\x01\xf4<\x00\x03\x06\x00\xe0\x00\
\x00\x00\x89K\xb0&PX@\x1f\x00\x03\x00\x06\x07\x03\
\x06Y\x09\x01\x07\x00\x00\x01\x07\x00Y\x04\x01\x02\x02\x0c\
C\x08\x05\x02\x01\x01\x0d\x01D\x1bK\xb0*PX@\
\x1f\x00\x03\x00\x06\x07\x03\x06Y\x09\x01\x07\x00\x00\x01\x07\
\x00Y\x04\x01\x02\x02\x0eC\x08\x05\x02\x01\x01\x0d\x01D\
\x1b@\x1f\x00\x03\x00\x06\x07\x03\x06Y\x09\x01\x07\x00\x00\
\x01\x07\x00Y\x08\x05\x02\x01\x01\x02Q\x04\x01\x02\x02\x0e\
\x01DYY@\x15\x0d\x0d\x01\x01\x0d\x10\x0d\x10\x0f\x0e\
\x01\x0c\x01\x0c\x11\x11\x11\x11\x12\x0a\x1f+\x00\x00\x00\xff\
\xff\xff\xf0\x00\x00\x01\x1f\x03\x90\x00\x22\x01\xf4\x00\x00\x02\
&\x00+\x00\x00\x01\x07\x00o\xff\xb5\x00\xd9\x00gK\
\xb0&PX@\x15\x00\x02\x05\x01\x03\x00\x02\x03Y\x00\
\x00\x00\x0cC\x04\x01\x01\x01\x0d\x01D\x1bK\xb0*P\
X@\x15\x00\x02\x05\x01\x03\x00\x02\x03Y\x00\x00\x00\x0e\
C\x04\x01\x01\x01\x0d\x01D\x1b@\x15\x00\x02\x05\x01\x03\
\x00\x02\x03Y\x04\x01\x01\x01\x00Q\x00\x00\x00\x0e\x01D\
YY@\x11\x05\x05\x01\x01\x05\x08\x05\x08\x07\x06\x01\x04\
\x01\x04\x12\x06\x1b+\x00\xff\xff\xff\xf0\x00\x00\x01\x1f\x03\
\x90\x00\x22\x01\xf4\x00\x00\x02&\x00+\x00\x00\x01\x07\x00\
o\xff\xb5\x00\xd9\x00gK\xb0&PX@\x15\x00\x02\
\x05\x01\x03\x00\x02\x03Y\x00\x00\x00\x0cC\x04\x01\x01\x01\
\x0d\x01D\x1bK\xb0*PX@\x15\x00\x02\x05\x01\x03\
\x00\x02\x03Y\x00\x00\x00\x0eC\x04\x01\x01\x01\x0d\x01D\
\x1b@\x15\x00\x02\x05\x01\x03\x00\x02\x03Y\x04\x01\x01\x01\
\x00Q\x00\x00\x00\x0e\x01DYY@\x11\x05\x05\x01\x01\
\x05\x08\x05\x08\x07\x06\x01\x04\x01\x04\x12\x06\x1b+\x00\xff\
\xff\xff\xca\x00\x00\x01D\x03\xbd\x00\x22\x01\xf4\x00\x00\x02\
&\x00+\x00\x00\x01\x07\x018\xff\x8f\x00\xd9\x00}K\
\xb0&PX@\x1b\x00\x04\x07\x01\x02\x00\x04\x02[\x05\
\x01\x03\x03\x12C\x00\x00\x00\x0cC\x06\x01\x01\x01\x0d\x01\
D\x1bK\xb0*PX@\x1b\x00\x04\x07\x01\x02\x00\x04\
\x02[\x05\x01\x03\x03\x12C\x00\x00\x00\x0eC\x06\x01\x01\
\x01\x0d\x01D\x1b@\x1b\x00\x04\x07\x01\x02\x00\x04\x02[\
\x05\x01\x03\x03\x12C\x06\x01\x01\x01\x00Q\x00\x00\x00\x0e\
\x01DYY@\x15\x06\x05\x01\x01\x14\x13\x0f\x0d\x09\x08\
\x05\x16\x06\x16\x01\x04\x01\x04\x12\x08\x1b+\x00\x00\x00\xff\
\xff\xff\xca\x00\x00\x01D\x03\xbd\x00\x22\x01\xf4\x00\x00\x02\
&\x00+\x00\x00\x01\x07\x018\xff\x8f\x00\xd9\x00}K\
\xb0&PX@\x1b\x00\x04\x07\x01\x02\x00\x04\x02[\x05\
\x01\x03\x03\x12C\x00\x00\x00\x0cC\x06\x01\x01\x01\x0d\x01\
D\x1bK\xb0*PX@\x1b\x00\x04\x07\x01\x02\x00\x04\
\x02[\x05\x01\x03\x03\x12C\x00\x00\x00\x0eC\x06\x01\x01\
\x01\x0d\x01D\x1b@\x1b\x00\x04\x07\x01\x02\x00\x04\x02[\
\x05\x01\x03\x03\x12C\x06\x01\x01\x01\x00Q\x00\x00\x00\x0e\
\x01DYY@\x15\x06\x05\x01\x01\x14\x13\x0f\x0d\x09\x08\
\x05\x16\x06\x16\x01\x04\x01\x04\x12\x08\x1b+\x00\x00\x00\x00\
\x01\xff\xef\xff\x0e\x00\xcd\x02\xca\x00\x14\x00m\xb4\x0a\x01\
\x01\x01AK\xb0&PX@\x16\x00\x02\x02\x0cC\x00\
\x01\x01\x0dC\x00\x03\x03\x00S\x04\x01\x00\x00\x13\x00D\
\x1bK\xb0*PX@\x16\x00\x02\x02\x0eC\x00\x01\x01\
\x0dC\x00\x03\x03\x00S\x04\x01\x00\x00\x13\x00D\x1b@\
\x16\x00\x01\x01\x02Q\x00\x02\x02\x0eC\x00\x03\x03\x00S\
\x04\x01\x00\x00\x13\x00DYY@\x0e\x01\x00\x13\x11\x09\
\x08\x07\x06\x00\x14\x01\x14\x05\x0f+\x17\x22&546\
7#\x113\x11\x0e\x03\x15\x14\x16;\x01\x15\x84LI\
SGI\x8d*5 \x0c!-=\xf2<6<>\
\x06\x02\xca\xfd6\x06\x11\x15\x1b\x11\x1c!]\x00\x00\xff\
\xff\xff\xef\xff\x0e\x00\xcd\x02\xca\x00\x22\x01\xf4\x00\x00\x03\
\x06\x00\xe6\x00\x00\x00m\xb4\x0b\x01\x01\x01AK\xb0&\
PX@\x16\x00\x02\x02\x0cC\x00\x01\x01\x0dC\x00\x03\
\x03\x00S\x04\x01\x00\x00\x13\x00D\x1bK\xb0*PX\
@\x16\x00\x02\x02\x0eC\x00\x01\x01\x0dC\x00\x03\x03\x00\
S\x04\x01\x00\x00\x13\x00D\x1b@\x16\x00\x01\x01\x02Q\
\x00\x02\x02\x0eC\x00\x03\x03\x00S\x04\x01\x00\x00\x13\x00\
DYY@\x0e\x02\x01\x14\x12\x0a\x09\x08\x07\x01\x15\x02\
\x15\x05\x1a+\x00\x00\x00\xff\xff\x00@\x00\x00\x00\xcd\x03\
\xb0\x00\x22\x01\xf4@\x00\x02&\x00+\x00\x00\x01\x07\x01\
9\x00\x0b\x00\xd9\x00iK\xb0&PX@\x17\x05\x01\
\x03\x03\x02Q\x00\x02\x02\x12C\x00\x00\x00\x0cC\x04\x01\
\x01\x01\x0d\x01D\x1bK\xb0*PX@\x15\x00\x02\x05\
\x01\x03\x00\x02\x03Y\x00\x00\x00\x0eC\x04\x01\x01\x01\x0d\
\x01D\x1b@\x15\x00\x02\x05\x01\x03\x00\x02\x03Y\x04\x01\
\x01\x01\x00Q\x00\x00\x00\x0e\x01DYY@\x11\x05\x05\
\x01\x01\x05\x08\x05\x08\x07\x06\x01\x04\x01\x04\x12\x06\x1b+\
\x00\x00\x00\xff\xff\x00@\x00\x00\x00\xcd\x02\xca\x00\x22\x01\
\xf4@\x00\x03\x06\x00+\x00\x00\x00DK\xb0&PX\
@\x0c\x00\x00\x00\x0cC\x02\x01\x01\x01\x0d\x01D\x1bK\
\xb0*PX@\x0c\x00\x00\x00\x0eC\x02\x01\x01\x01\x0d\
\x01D\x1b@\x0c\x02\x01\x01\x01\x00Q\x00\x00\x00\x0e\x01\
DYY@\x09\x01\x01\x01\x04\x01\x04\x12\x03\x1b+\xff\
\xff\x00@\xff\xee\x02\xc9\x02\xca\x00\x22\x01\xf4@\x00\x00\
&\x00+\x00\x00\x01\x07\x00,\x01\x0e\x00\x00\x00\x98@\
\x0a\x09\x01\x03\x00\x08\x01\x01\x03\x02BK\xb0\x0dPX\
@\x14\x04\x01\x00\x00\x0cC\x00\x03\x03\x01S\x06\x02\x05\
\x03\x01\x01\x0d\x01D\x1bK\xb0&PX@\x18\x04\x01\
\x00\x00\x0cC\x05\x01\x01\x01\x0dC\x00\x03\x03\x02S\x06\
\x01\x02\x02\x15\x02D\x1bK\xb0*PX@\x18\x04\x01\
\x00\x00\x0eC\x05\x01\x01\x01\x0dC\x00\x03\x03\x02S\x06\
\x01\x02\x02\x15\x02D\x1b@\x15\x00\x03\x06\x01\x02\x03\x02\
W\x05\x01\x01\x01\x00Q\x04\x01\x00\x00\x0e\x01DYY\
Y@\x13\x06\x05\x01\x01\x11\x10\x0d\x0b\x05\x16\x06\x16\x01\
\x04\x01\x04\x12\x07\x1b+\xff\xff\x00@\xff\xee\x02\xc9\x02\
\xca\x00\x22\x01\xf4@\x00\x00&\x00+\x00\x00\x01\x07\x00\
,\x01\x0e\x00\x00\x00\x98@\x0a\x09\x01\x03\x00\x08\x01\x01\
\x03\x02BK\xb0\x0dPX@\x14\x04\x01\x00\x00\x0cC\
\x00\x03\x03\x01S\x06\x02\x05\x03\x01\x01\x0d\x01D\x1bK\
\xb0&PX@\x18\x04\x01\x00\x00\x0cC\x05\x01\x01\x01\
\x0dC\x00\x03\x03\x02S\x06\x01\x02\x02\x15\x02D\x1bK\
\xb0*PX@\x18\x04\x01\x00\x00\x0eC\x05\x01\x01\x01\
\x0dC\x00\x03\x03\x02S\x06\x01\x02\x02\x15\x02D\x1b@\
\x15\x00\x03\x06\x01\x02\x03\x02W\x05\x01\x01\x01\x00Q\x04\
\x01\x00\x00\x0e\x01DYYY@\x13\x06\x05\x01\x01\x11\
\x10\x0d\x0b\x05\x16\x06\x16\x01\x04\x01\x04\x12\x07\x1b+\xff\
\xff\x00<\xff\x0e\x02\xf4\x02\xca\x00\x22\x01\xf4<\x00\x02\
&\x00-\x00\x00\x01\x07\x00x\x01\x01\x00\x00\x00\x8b@\
\x09\x0b\x08\x03\x02\x04\x00\x01\x01BK\xb0&PX@\
\x1c\x00\x05\x00\x04\x06\x05\x04Y\x02\x01\x01\x01\x0cC\x07\
\x03\x02\x00\x00\x0dC\x08\x01\x06\x06\x13\x06D\x1bK\xb0\
*PX@\x1c\x00\x05\x00\x04\x06\x05\x04Y\x02\x01\x01\
\x01\x0eC\x07\x03\x02\x00\x00\x0dC\x08\x01\x06\x06\x13\x06\
D\x1b@\x1c\x00\x05\x00\x04\x06\x05\x04Y\x07\x03\x02\x00\
\x00\x01Q\x02\x01\x01\x01\x0eC\x08\x01\x06\x06\x13\x06D\
YY@\x15\x0d\x0d\x01\x01\x0d\x1a\x0d\x1a\x15\x14\x13\x12\
\x01\x0c\x01\x0c\x12\x11\x14\x09\x1d+\x00\xff\xff\x00<\xff\
\x0e\x02\xf4\x02\xca\x00\x22\x01\xf4<\x00\x02&\x00-\x00\
\x00\x01\x07\x00x\x01\x01\x00\x00\x00\x8b@\x09\x0b\x08\x03\
\x02\x04\x00\x01\x01BK\xb0&PX@\x1c\x00\x05\x00\
\x04\x06\x05\x04Y\x02\x01\x01\x01\x0cC\x07\x03\x02\x00\x00\
\x0dC\x08\x01\x06\x06\x13\x06D\x1bK\xb0*PX@\
\x1c\x00\x05\x00\x04\x06\x05\x04Y\x02\x01\x01\x01\x0eC\x07\
\x03\x02\x00\x00\x0dC\x08\x01\x06\x06\x13\x06D\x1b@\x1c\
\x00\x05\x00\x04\x06\x05\x04Y\x07\x03\x02\x00\x00\x01Q\x02\
\x01\x01\x01\x0eC\x08\x01\x06\x06\x13\x06DYY@\x15\
\x0d\x0d\x01\x01\x0d\x1a\x0d\x1a\x15\x14\x13\x12\x01\x0c\x01\x0c\
\x12\x11\x14\x09\x1d+\x00\xff\xff\x00<\x00\x00\x02~\x03\
\xbd\x00\x22\x01\xf4<\x00\x02&\x00.\x00\x00\x01\x07\x00\
t\x00\x02\x00\xd9\x00\x83K\xb0&PX@\x1f\x06\x01\
\x04\x03\x00\x03\x04\x00h\x00\x03\x03\x12C\x00\x00\x00\x0c\
C\x00\x01\x01\x02R\x05\x01\x02\x02\x0d\x02D\x1bK\xb0\
*PX@\x1f\x06\x01\x04\x03\x00\x03\x04\x00h\x00\x03\
\x03\x12C\x00\x00\x00\x0eC\x00\x01\x01\x02R\x05\x01\x02\
\x02\x0d\x02D\x1b@\x1c\x06\x01\x04\x03\x00\x03\x04\x00h\
\x00\x01\x05\x01\x02\x01\x02V\x00\x03\x03\x12C\x00\x00\x00\
\x0e\x00DYY@\x12\x07\x07\x01\x01\x07\x0a\x07\x0a\x09\
\x08\x01\x06\x01\x06\x11\x12\x07\x1c+\x00\xff\xff\x00<\x00\
\x00\x02~\x03\xbd\x00\x22\x01\xf4<\x00\x02&\x00.\x00\
\x00\x01\x07\x00t\x00\x02\x00\xd9\x00\x83K\xb0&PX\
@\x1f\x06\x01\x04\x03\x00\x03\x04\x00h\x00\x03\x03\x12C\
\x00\x00\x00\x0cC\x00\x01\x01\x02R\x05\x01\x02\x02\x0d\x02\
D\x1bK\xb0*PX@\x1f\x06\x01\x04\x03\x00\x03\x04\
\x00h\x00\x03\x03\x12C\x00\x00\x00\x0eC\x00\x01\x01\x02\
R\x05\x01\x02\x02\x0d\x02D\x1b@\x1c\x06\x01\x04\x03\x00\
\x03\x04\x00h\x00\x01\x05\x01\x02\x01\x02V\x00\x03\x03\x12\
C\x00\x00\x00\x0e\x00DYY@\x12\x07\x07\x01\x01\x07\
\x0a\x07\x0a\x09\x08\x01\x06\x01\x06\x11\x12\x07\x1c+\x00\xff\
\xff\x00<\xff\x0e\x02~\x02\xca\x00\x22\x01\xf4<\x00\x02\
&\x00.\x00\x00\x01\x07\x00x\x00\xe8\x00\x00\x00\x86K\
\xb0&PX@\x1f\x00\x04\x00\x03\x05\x04\x03Y\x00\x00\
\x00\x0cC\x00\x01\x01\x02R\x06\x01\x02\x02\x0dC\x07\x01\
\x05\x05\x13\x05D\x1bK\xb0*PX@\x1f\x00\x04\x00\
\x03\x05\x04\x03Y\x00\x00\x00\x0eC\x00\x01\x01\x02R\x06\
\x01\x02\x02\x0dC\x07\x01\x05\x05\x13\x05D\x1b@\x1d\x00\
\x01\x06\x01\x02\x04\x01\x02Z\x00\x04\x00\x03\x05\x04\x03Y\
\x00\x00\x00\x0eC\x07\x01\x05\x05\x13\x05DYY@\x14\
\x07\x07\x01\x01\x07\x14\x07\x14\x0f\x0e\x0d\x0c\x01\x06\x01\x06\
\x11\x12\x08\x1c+\x00\x00\xff\xff\x00<\xff\x0e\x02~\x02\
\xca\x00\x22\x01\xf4<\x00\x02&\x00.\x00\x00\x01\x07\x00\
x\x00\xe8\x00\x00\x00\x86K\xb0&PX@\x1f\x00\x04\
\x00\x03\x05\x04\x03Y\x00\x00\x00\x0cC\x00\x01\x01\x02R\
\x06\x01\x02\x02\x0dC\x07\x01\x05\x05\x13\x05D\x1bK\xb0\
*PX@\x1f\x00\x04\x00\x03\x05\x04\x03Y\x00\x00\x00\
\x0eC\x00\x01\x01\x02R\x06\x01\x02\x02\x0dC\x07\x01\x05\
\x05\x13\x05D\x1b@\x1d\x00\x01\x06\x01\x02\x04\x01\x02Z\
\x00\x04\x00\x03\x05\x04\x03Y\x00\x00\x00\x0eC\x07\x01\x05\
\x05\x13\x05DYY@\x14\x07\x07\x01\x01\x07\x14\x07\x14\
\x0f\x0e\x0d\x0c\x01\x06\x01\x06\x11\x12\x08\x1c+\x00\x00\xff\
\xff\x00<\x00\x00\x02~\x03]\x00\x22\x01\xf4<\x00\x02\
&\x00.\x00\x00\x01\x07\x01\xad\x01E\x00\x7f\x00\xb8K\
\xb0\x0cPX@!\x07\x01\x05\x03\x01\x03\x05`\x00\x04\
\x00\x03\x05\x04\x03Y\x00\x00\x00\x0cC\x00\x01\x01\x02R\
\x06\x01\x02\x02\x0d\x02D\x1bK\xb0&PX@\x22\x07\
\x01\x05\x03\x01\x03\x05\x01h\x00\x04\x00\x03\x05\x04\x03Y\
\x00\x00\x00\x0cC\x00\x01\x01\x02R\x06\x01\x02\x02\x0d\x02\
D\x1bK\xb0*PX@\x22\x07\x01\x05\x03\x01\x03\x05\
\x01h\x00\x04\x00\x03\x05\x04\x03Y\x00\x00\x00\x0eC\x00\
\x01\x01\x02R\x06\x01\x02\x02\x0d\x02D\x1b@\x1f\x07\x01\
\x05\x03\x01\x03\x05\x01h\x00\x04\x00\x03\x05\x04\x03Y\x00\
\x01\x06\x01\x02\x01\x02V\x00\x00\x00\x0e\x00DYYY\
@\x14\x07\x07\x01\x01\x07\x14\x07\x14\x0f\x0e\x0d\x0c\x01\x06\
\x01\x06\x11\x12\x08\x1c+\xff\xff\x00<\x00\x00\x02~\x03\
]\x00\x22\x01\xf4<\x00\x02&\x00.\x00\x00\x01\x07\x01\
\xad\x01E\x00\x7f\x00\xb8K\xb0\x0cPX@!\x07\x01\
\x05\x03\x01\x03\x05`\x00\x04\x00\x03\x05\x04\x03Y\x00\x00\
\x00\x0cC\x00\x01\x01\x02R\x06\x01\x02\x02\x0d\x02D\x1b\
K\xb0&PX@\x22\x07\x01\x05\x03\x01\x03\x05\x01h\
\x00\x04\x00\x03\x05\x04\x03Y\x00\x00\x00\x0cC\x00\x01\x01\
\x02R\x06\x01\x02\x02\x0d\x02D\x1bK\xb0*PX@\
\x22\x07\x01\x05\x03\x01\x03\x05\x01h\x00\x04\x00\x03\x05\x04\
\x03Y\x00\x00\x00\x0eC\x00\x01\x01\x02R\x06\x01\x02\x02\
\x0d\x02D\x1b@\x1f\x07\x01\x05\x03\x01\x03\x05\x01h\x00\
\x04\x00\x03\x05\x04\x03Y\x00\x01\x06\x01\x02\x01\x02V\x00\
\x00\x00\x0e\x00DYYY@\x14\x07\x07\x01\x01\x07\x14\
\x07\x14\x0f\x0e\x0d\x0c\x01\x06\x01\x06\x11\x12\x08\x1c+\xff\
\xff\x00<\x00\x00\x02~\x02\xca\x00\x22\x01\xf4<\x00\x02\
&\x00.\x00\x00\x01\x07\x019\x01\x1c\xfe\xf2\x00tK\
\xb0&PX@\x1a\x00\x03\x06\x01\x04\x01\x03\x04Y\x00\
\x00\x00\x0cC\x00\x01\x01\x02R\x05\x01\x02\x02\x0d\x02D\
\x1bK\xb0*PX@\x1a\x00\x03\x06\x01\x04\x01\x03\x04\
Y\x00\x00\x00\x0eC\x00\x01\x01\x02R\x05\x01\x02\x02\x0d\
\x02D\x1b@\x17\x00\x03\x06\x01\x04\x01\x03\x04Y\x00\x01\
\x05\x01\x02\x01\x02V\x00\x00\x00\x0e\x00DYY@\x12\
\x07\x07\x01\x01\x07\x0a\x07\x0a\x09\x08\x01\x06\x01\x06\x11\x12\
\x07\x1c+\xff\xff\x00<\x00\x00\x02~\x02\xca\x00\x22\x01\
\xf4<\x00\x02&\x00.\x00\x00\x01\x07\x019\x01\x1c\xfe\
\xf2\x00tK\xb0&PX@\x1a\x00\x03\x06\x01\x04\x01\
\x03\x04Y\x00\x00\x00\x0cC\x00\x01\x01\x02R\x05\x01\x02\
\x02\x0d\x02D\x1bK\xb0*PX@\x1a\x00\x03\x06\x01\
\x04\x01\x03\x04Y\x00\x00\x00\x0eC\x00\x01\x01\x02R\x05\
\x01\x02\x02\x0d\x02D\x1b@\x17\x00\x03\x06\x01\x04\x01\x03\
\x04Y\x00\x01\x05\x01\x02\x01\x02V\x00\x00\x00\x0e\x00D\
YY@\x12\x07\x07\x01\x01\x07\x0a\x07\x0a\x09\x08\x01\x06\
\x01\x06\x11\x12\x07\x1c+\x00\x01\xff\xf9\x00\x00\x02|\x02\
\xca\x00\x0d\x00W@\x0d\x0d\x0c\x0b\x08\x07\x06\x05\x00\x08\
\x00\x02\x01BK\xb0&PX@\x10\x00\x02\x02\x0cC\
\x00\x00\x00\x01R\x00\x01\x01\x0d\x01D\x1bK\xb0*P\
X@\x10\x00\x02\x02\x0eC\x00\x00\x00\x01R\x00\x01\x01\
\x0d\x01D\x1b@\x0d\x00\x00\x00\x01\x00\x01V\x00\x02\x02\
\x0e\x02DYY\xb4\x15\x11\x11\x03\x12+\x13\x15!\x15\
!\x11\x0757\x113\x117\x15\xc7\x01\xb5\xfd\xbeA\
A\x8d\xa5\x01?\xc2}\x01\x14\x15[\x15\x01[\xfe\xd0\
6[\x00\xff\xff\xff\xf9\x00\x00\x02|\x02\xca\x00\x22\x01\
\xf4\x00\x00\x03\x06\x00\xf6\x00\x00\x00W@\x0d\x0e\x0d\x0c\
\x09\x08\x07\x06\x01\x08\x00\x02\x01BK\xb0&PX@\
\x10\x00\x02\x02\x0cC\x00\x00\x00\x01R\x00\x01\x01\x0d\x01\
D\x1bK\xb0*PX@\x10\x00\x02\x02\x0eC\x00\x00\
\x00\x01R\x00\x01\x01\x0d\x01D\x1b@\x0d\x00\x00\x00\x01\
\x00\x01V\x00\x02\x02\x0e\x02DYY\xb4\x15\x11\x12\x03\
\x1d+\x00\xff\xff\x009\x00\x00\x02\xa5\x03\xbd\x00\x22\x01\
\xf49\x00\x02&\x000\x00\x00\x01\x07\x00t\x00\xeb\x00\
\xd9\x00\x86\xb6\x07\x02\x02\x00\x01\x01BK\xb0&PX\
@\x1c\x07\x01\x05\x04\x01\x04\x05\x01h\x00\x04\x04\x12C\
\x02\x01\x01\x01\x0cC\x06\x03\x02\x00\x00\x0d\x00D\x1bK\
\xb0*PX@\x1c\x07\x01\x05\x04\x01\x04\x05\x01h\x00\
\x04\x04\x12C\x02\x01\x01\x01\x0eC\x06\x03\x02\x00\x00\x0d\
\x00D\x1b@\x1c\x07\x01\x05\x04\x01\x04\x05\x01h\x00\x04\
\x04\x12C\x06\x03\x02\x00\x00\x01Q\x02\x01\x01\x01\x0e\x00\
DYY@\x13\x0b\x0b\x01\x01\x0b\x0e\x0b\x0e\x0d\x0c\x01\
\x0a\x01\x0a\x12\x11\x13\x08\x1d+\x00\x00\xff\xff\x009\x00\
\x00\x02\xa5\x03\xbd\x00\x22\x01\xf49\x00\x02&\x000\x00\
\x00\x01\x07\x00t\x00\xeb\x00\xd9\x00\x86\xb6\x07\x02\x02\x00\
\x01\x01BK\xb0&PX@\x1c\x07\x01\x05\x04\x01\x04\
\x05\x01h\x00\x04\x04\x12C\x02\x01\x01\x01\x0cC\x06\x03\
\x02\x00\x00\x0d\x00D\x1bK\xb0*PX@\x1c\x07\x01\
\x05\x04\x01\x04\x05\x01h\x00\x04\x04\x12C\x02\x01\x01\x01\
\x0eC\x06\x03\x02\x00\x00\x0d\x00D\x1b@\x1c\x07\x01\x05\
\x04\x01\x04\x05\x01h\x00\x04\x04\x12C\x06\x03\x02\x00\x00\
\x01Q\x02\x01\x01\x01\x0e\x00DYY@\x13\x0b\x0b\x01\
\x01\x0b\x0e\x0b\x0e\x0d\x0c\x01\x0a\x01\x0a\x12\x11\x13\x08\x1d\
+\x00\x00\xff\xff\x009\xff\x0e\x02\xa5\x02\xca\x00\x22\x01\
\xf49\x00\x02&\x000\x00\x00\x01\x07\x00x\x00\xf9\x00\
\x00\x00\x88\xb6\x07\x02\x02\x00\x01\x01BK\xb0&PX\
@\x1c\x00\x05\x00\x04\x06\x05\x04Y\x02\x01\x01\x01\x0cC\
\x07\x03\x02\x00\x00\x0dC\x08\x01\x06\x06\x13\x06D\x1bK\
\xb0*PX@\x1c\x00\x05\x00\x04\x06\x05\x04Y\x02\x01\
\x01\x01\x0eC\x07\x03\x02\x00\x00\x0dC\x08\x01\x06\x06\x13\
\x06D\x1b@\x1c\x00\x05\x00\x04\x06\x05\x04Y\x07\x03\x02\
\x00\x00\x01Q\x02\x01\x01\x01\x0eC\x08\x01\x06\x06\x13\x06\
DYY@\x15\x0b\x0b\x01\x01\x0b\x18\x0b\x18\x13\x12\x11\
\x10\x01\x0a\x01\x0a\x12\x11\x13\x09\x1d+\xff\xff\x009\xff\
\x0e\x02\xa5\x02\xca\x00\x22\x01\xf49\x00\x02&\x000\x00\
\x00\x01\x07\x00x\x00\xf9\x00\x00\x00\x88\xb6\x07\x02\x02\x00\
\x01\x01BK\xb0&PX@\x1c\x00\x05\x00\x04\x06\x05\
\x04Y\x02\x01\x01\x01\x0cC\x07\x03\x02\x00\x00\x0dC\x08\
\x01\x06\x06\x13\x06D\x1bK\xb0*PX@\x1c\x00\x05\
\x00\x04\x06\x05\x04Y\x02\x01\x01\x01\x0eC\x07\x03\x02\x00\
\x00\x0dC\x08\x01\x06\x06\x13\x06D\x1b@\x1c\x00\x05\x00\
\x04\x06\x05\x04Y\x07\x03\x02\x00\x00\x01Q\x02\x01\x01\x01\
\x0eC\x08\x01\x06\x06\x13\x06DYY@\x15\x0b\x0b\x01\
\x01\x0b\x18\x0b\x18\x13\x12\x11\x10\x01\x0a\x01\x0a\x12\x11\x13\
\x09\x1d+\xff\xff\x009\x00\x00\x02\xa5\x03\xbd\x00\x22\x01\
\xf49\x00\x02&\x000\x00\x00\x01\x07\x017\x00\x89\x00\
\xd9\x00\x89@\x0b\x11\x01\x05\x04\x07\x02\x02\x00\x01\x02B\
K\xb0&PX@\x1c\x00\x05\x04\x01\x04\x05\x01h\x06\
\x01\x04\x04\x12C\x02\x01\x01\x01\x0cC\x07\x03\x02\x00\x00\
\x0d\x00D\x1bK\xb0*PX@\x1c\x00\x05\x04\x01\x04\
\x05\x01h\x06\x01\x04\x04\x12C\x02\x01\x01\x01\x0eC\x07\
\x03\x02\x00\x00\x0d\x00D\x1b@\x1c\x00\x05\x04\x01\x04\x05\
\x01h\x06\x01\x04\x04\x12C\x07\x03\x02\x00\x00\x01Q\x02\
\x01\x01\x01\x0e\x00DYY@\x11\x01\x01\x10\x0f\x0e\x0d\
\x0c\x0b\x01\x0a\x01\x0a\x12\x11\x13\x08\x1d+\x00\x00\x00\xff\
\xff\x009\x00\x00\x02\xa5\x03\xbd\x00\x22\x01\xf49\x00\x02\
&\x000\x00\x00\x01\x07\x017\x00\x89\x00\xd9\x00\x89@\
\x0b\x11\x01\x05\x04\x07\x02\x02\x00\x01\x02BK\xb0&P\
X@\x1c\x00\x05\x04\x01\x04\x05\x01h\x06\x01\x04\x04\x12\
C\x02\x01\x01\x01\x0cC\x07\x03\x02\x00\x00\x0d\x00D\x1b\
K\xb0*PX@\x1c\x00\x05\x04\x01\x04\x05\x01h\x06\
\x01\x04\x04\x12C\x02\x01\x01\x01\x0eC\x07\x03\x02\x00\x00\
\x0d\x00D\x1b@\x1c\x00\x05\x04\x01\x04\x05\x01h\x06\x01\
\x04\x04\x12C\x07\x03\x02\x00\x00\x01Q\x02\x01\x01\x01\x0e\
\x00DYY@\x11\x01\x01\x10\x0f\x0e\x0d\x0c\x0b\x01\x0a\
\x01\x0a\x12\x11\x13\x08\x1d+\x00\x00\x00\x00\x01\x009\xff\
\x0e\x02\xa5\x02\xca\x00\x16\x00q@\x10\x0d\x08\x07\x03\x01\
\x02\x00\x01\x00\x01\x16\x01\x04\x00\x03BK\xb0&PX\
@\x16\x03\x01\x02\x02\x0cC\x00\x01\x01\x0dC\x00\x00\x00\
\x04T\x00\x04\x04\x13\x04D\x1bK\xb0*PX@\x16\
\x03\x01\x02\x02\x0eC\x00\x01\x01\x0dC\x00\x00\x00\x04T\
\x00\x04\x04\x13\x04D\x1b@\x16\x00\x01\x01\x02Q\x03\x01\
\x02\x02\x0eC\x00\x00\x00\x04T\x00\x04\x04\x13\x04DY\
Y\xb6#\x12\x11\x15\x22\x05\x14+\x05\x1e\x01326\
=\x01\x01\x11#\x113\x01\x113\x11\x14\x06#\x22&\
'\x01\xc4\x0b\x13\x09!\x1d\xfe\x8c|\xb6\x017\x7fN\
N\x0e&\x11\x84\x03\x02$\x1eK\x02\x16\xfd\xe6\x02\xca\
\xfe8\x01\xc8\xfc\xefTW\x03\x04\x00\xff\xff\x009\xff\
\x0e\x02\xa5\x02\xca\x00\x22\x01\xf49\x00\x03\x06\x00\xfe\x00\
\x00\x00q@\x10\x0e\x09\x08\x03\x01\x02\x01\x01\x00\x01\x17\
\x01\x04\x00\x03BK\xb0&PX@\x16\x03\x01\x02\x02\
\x0cC\x00\x01\x01\x0dC\x00\x00\x00\x04T\x00\x04\x04\x13\
\x04D\x1bK\xb0*PX@\x16\x03\x01\x02\x02\x0eC\
\x00\x01\x01\x0dC\x00\x00\x00\x04T\x00\x04\x04\x13\x04D\
\x1b@\x16\x00\x01\x01\x02Q\x03\x01\x02\x02\x0eC\x00\x00\
\x00\x04T\x00\x04\x04\x13\x04DYY\xb6#\x12\x11\x15\
#\x05\x1f+\x00\x00\x00\xff\xff\x00\x1f\xff\xee\x02\xf8\x03\
\x90\x00\x22\x01\xf4\x1f\x00\x02&\x001\x00\x00\x01\x07\x00\
o\x00\xba\x00\xd9\x00\x93K\xb0&PX@ \x00\x04\
\x08\x01\x05\x01\x04\x05Y\x00\x03\x03\x01S\x00\x01\x01\x14\
C\x07\x01\x02\x02\x00S\x06\x01\x00\x00\x15\x00D\x1bK\
\xb0*PX@\x1e\x00\x04\x08\x01\x05\x01\x04\x05Y\x00\
\x01\x00\x03\x02\x01\x03[\x07\x01\x02\x02\x00S\x06\x01\x00\
\x00\x15\x00D\x1b@$\x00\x04\x08\x01\x05\x01\x04\x05Y\
\x00\x01\x00\x03\x02\x01\x03[\x07\x01\x02\x00\x00\x02O\x07\
\x01\x02\x02\x00S\x06\x01\x00\x02\x00GYY@\x1a)\
)\x16\x15\x02\x01),),+* \x1e\x15(\x16\
(\x0c\x0a\x01\x14\x02\x14\x09\x1a+\x00\xff\xff\x00\x1f\xff\
\xee\x02\xf8\x03\x90\x00\x22\x01\xf4\x1f\x00\x02&\x001\x00\
\x00\x01\x07\x00o\x00\xba\x00\xd9\x00\x93K\xb0&PX\
@ \x00\x04\x08\x01\x05\x01\x04\x05Y\x00\x03\x03\x01S\
\x00\x01\x01\x14C\x07\x01\x02\x02\x00S\x06\x01\x00\x00\x15\
\x00D\x1bK\xb0*PX@\x1e\x00\x04\x08\x01\x05\x01\
\x04\x05Y\x00\x01\x00\x03\x02\x01\x03[\x07\x01\x02\x02\x00\
S\x06\x01\x00\x00\x15\x00D\x1b@$\x00\x04\x08\x01\x05\
\x01\x04\x05Y\x00\x01\x00\x03\x02\x01\x03[\x07\x01\x02\x00\
\x00\x02O\x07\x01\x02\x02\x00S\x06\x01\x00\x02\x00GY\
Y@\x1a))\x16\x15\x02\x01),),+* \
\x1e\x15(\x16(\x0c\x0a\x01\x14\x02\x14\x09\x1a+\x00\xff\
\xff\x00\x1f\xff\xee\x02\xf8\x03\xbd\x00\x22\x01\xf4\x1f\x00\x02\
&\x001\x00\x00\x01\x07\x018\x00\x95\x00\xd9\x00\xa0K\
\xb0&PX@&\x00\x06\x0a\x01\x04\x01\x06\x04[\x07\
\x01\x05\x05\x12C\x00\x03\x03\x01S\x00\x01\x01\x14C\x09\
\x01\x02\x02\x00S\x08\x01\x00\x00\x15\x00D\x1bK\xb0*\
PX@$\x00\x06\x0a\x01\x04\x01\x06\x04[\x00\x01\x00\
\x03\x02\x01\x03[\x07\x01\x05\x05\x12C\x09\x01\x02\x02\x00\
S\x08\x01\x00\x00\x15\x00D\x1b@!\x00\x06\x0a\x01\x04\
\x01\x06\x04[\x00\x01\x00\x03\x02\x01\x03[\x09\x01\x02\x08\
\x01\x00\x02\x00W\x07\x01\x05\x05\x12\x05DYY@\x1e\
*)\x16\x15\x02\x018731-,):*:\
 \x1e\x15(\x16(\x0c\x0a\x01\x14\x02\x14\x0b\x1a+\xff\
\xff\x00\x1f\xff\xee\x02\xf8\x03\xbd\x00\x22\x01\xf4\x1f\x00\x02\
&\x001\x00\x00\x01\x07\x018\x00\x95\x00\xd9\x00\xa0K\
\xb0&PX@&\x00\x06\x0a\x01\x04\x01\x06\x04[\x07\
\x01\x05\x05\x12C\x00\x03\x03\x01S\x00\x01\x01\x14C\x09\
\x01\x02\x02\x00S\x08\x01\x00\x00\x15\x00D\x1bK\xb0*\
PX@$\x00\x06\x0a\x01\x04\x01\x06\x04[\x00\x01\x00\
\x03\x02\x01\x03[\x07\x01\x05\x05\x12C\x09\x01\x02\x02\x00\
S\x08\x01\x00\x00\x15\x00D\x1b@!\x00\x06\x0a\x01\x04\
\x01\x06\x04[\x00\x01\x00\x03\x02\x01\x03[\x09\x01\x02\x08\
\x01\x00\x02\x00W\x07\x01\x05\x05\x12\x05DYY@\x1e\
*)\x16\x15\x02\x018731-,):*:\
 \x1e\x15(\x16(\x0c\x0a\x01\x14\x02\x14\x0b\x1a+\xff\
\xff\x00\x1f\xff\xee\x02\xf8\x03\xbd\x00\x22\x01\xf4\x1f\x00\x02\
&\x001\x00\x00\x01\x07\x01=\x00\xc1\x00\xd9\x00\xaaK\
\xb0&PX@(\x0b\x07\x0a\x03\x05\x04\x01\x04\x05\x01\
h\x06\x01\x04\x04\x12C\x00\x03\x03\x01S\x00\x01\x01\x14\
C\x09\x01\x02\x02\x00S\x08\x01\x00\x00\x15\x00D\x1bK\
\xb0*PX@&\x0b\x07\x0a\x03\x05\x04\x01\x04\x05\x01\
h\x00\x01\x00\x03\x02\x01\x03\x5c\x06\x01\x04\x04\x12C\x09\
\x01\x02\x02\x00S\x08\x01\x00\x00\x15\x00D\x1b@#\x0b\
\x07\x0a\x03\x05\x04\x01\x04\x05\x01h\x00\x01\x00\x03\x02\x01\
\x03\x5c\x09\x01\x02\x08\x01\x00\x02\x00W\x06\x01\x04\x04\x12\
\x04DYY@\x22--))\x16\x15\x02\x01-0\
-0/.),),+* \x1e\x15(\x16(\
\x0c\x0a\x01\x14\x02\x14\x0c\x1a+\x00\x00\xff\xff\x00\x1f\xff\
\xee\x02\xf8\x03\xbd\x00\x22\x01\xf4\x1f\x00\x02&\x001\x00\
\x00\x01\x07\x01=\x00\xc1\x00\xd9\x00\xaaK\xb0&PX\
@(\x0b\x07\x0a\x03\x05\x04\x01\x04\x05\x01h\x06\x01\x04\
\x04\x12C\x00\x03\x03\x01S\x00\x01\x01\x14C\x09\x01\x02\
\x02\x00S\x08\x01\x00\x00\x15\x00D\x1bK\xb0*PX\
@&\x0b\x07\x0a\x03\x05\x04\x01\x04\x05\x01h\x00\x01\x00\
\x03\x02\x01\x03\x5c\x06\x01\x04\x04\x12C\x09\x01\x02\x02\x00\
S\x08\x01\x00\x00\x15\x00D\x1b@#\x0b\x07\x0a\x03\x05\
\x04\x01\x04\x05\x01h\x00\x01\x00\x03\x02\x01\x03\x5c\x09\x01\
\x02\x08\x01\x00\x02\x00W\x06\x01\x04\x04\x12\x04DYY\
@\x22--))\x16\x15\x02\x01-0-0/.\
),),+* \x1e\x15(\x16(\x0c\x0a\x01\x14\
\x02\x14\x0c\x1a+\x00\x00\x00\x02\x00\x1f\xff\xee\x03\xf5\x02\
\xde\x00\x1b\x00/\x01\xa0K\xb0\x0cPX@#\x00\x04\
\x00\x05\x06\x04\x05Y\x09\x01\x03\x03\x01S\x02\x01\x01\x01\
\x14C\x0b\x08\x02\x06\x06\x00S\x0a\x07\x02\x00\x00\x15\x00\
D\x1bK\xb0\x0dPX@-\x00\x04\x00\x05\x06\x04\x05\
Y\x09\x01\x03\x03\x01S\x00\x01\x01\x14C\x09\x01\x03\x03\
\x02Q\x00\x02\x02\x0cC\x0b\x08\x02\x06\x06\x00S\x0a\x07\
\x02\x00\x00\x15\x00D\x1bK\xb0\x14PX@8\x00\x04\
\x00\x05\x06\x04\x05Y\x09\x01\x03\x03\x01S\x00\x01\x01\x14\
C\x09\x01\x03\x03\x02Q\x00\x02\x02\x0cC\x0b\x08\x02\x06\
\x06\x07Q\x0a\x01\x07\x07\x0dC\x0b\x08\x02\x06\x06\x00S\
\x00\x00\x00\x15\x00D\x1bK\xb0\x15PX@6\x00\x04\
\x00\x05\x06\x04\x05Y\x00\x09\x09\x01S\x00\x01\x01\x14C\
\x00\x03\x03\x02Q\x00\x02\x02\x0cC\x0b\x08\x02\x06\x06\x07\
Q\x0a\x01\x07\x07\x0dC\x0b\x08\x02\x06\x06\x00S\x00\x00\
\x00\x15\x00D\x1bK\xb0&PX@3\x00\x04\x00\x05\
\x06\x04\x05Y\x00\x09\x09\x01S\x00\x01\x01\x14C\x00\x03\
\x03\x02Q\x00\x02\x02\x0cC\x00\x06\x06\x07Q\x0a\x01\x07\
\x07\x0dC\x0b\x01\x08\x08\x00S\x00\x00\x00\x15\x00D\x1b\
K\xb0*PX@1\x00\x01\x00\x09\x03\x01\x09[\x00\
\x04\x00\x05\x06\x04\x05Y\x00\x03\x03\x02Q\x00\x02\x02\x0e\
C\x00\x06\x06\x07Q\x0a\x01\x07\x07\x0dC\x0b\x01\x08\x08\
\x00S\x00\x00\x00\x15\x00D\x1b@,\x00\x01\x00\x09\x03\
\x01\x09[\x00\x04\x00\x05\x06\x04\x05Y\x00\x06\x0a\x01\x07\
\x00\x06\x07Y\x0b\x01\x08\x00\x00\x08\x00W\x00\x03\x03\x02\
Q\x00\x02\x02\x0e\x03DYYYYYY@\x17\x1d\
\x1c\x00\x00'%\x1c/\x1d/\x00\x1b\x00\x1b\x13\x11\x12\
\x11\x11(!\x0c\x16+!\x06#\x22.\x0254>\
\x0232\x17!\x15!\x16\x173\x15#\x0e\x01\x07!\
\x15%2>\x0254.\x02#\x22\x0e\x02\x15\x14\x1e\
\x02\x01\xfe5;Q\x87a6;e\x87LD:\x01\
\xe4\xfe\xbe5\x0e\xb4\xb4\x07) \x01P\xfd\x980R\
<\x22 ;T41Q;  :S\x129f\
\x8eUS\x87`4\x14wFet7`&wl\
'CZ37]C%&B[46\x5cD&\
\x00\x00\x00\xff\xff\x00\x1f\xff\xee\x03\xf5\x02\xde\x00\x22\x01\
\xf4\x1f\x00\x03\x06\x01\x06\x00\x00\x01\xa0K\xb0\x0cPX\
@#\x00\x04\x00\x05\x06\x04\x05Y\x09\x01\x03\x03\x01S\
\x02\x01\x01\x01\x14C\x0b\x08\x02\x06\x06\x00S\x0a\x07\x02\
\x00\x00\x15\x00D\x1bK\xb0\x0dPX@-\x00\x04\x00\
\x05\x06\x04\x05Y\x09\x01\x03\x03\x01S\x00\x01\x01\x14C\
\x09\x01\x03\x03\x02Q\x00\x02\x02\x0cC\x0b\x08\x02\x06\x06\
\x00S\x0a\x07\x02\x00\x00\x15\x00D\x1bK\xb0\x14PX\
@8\x00\x04\x00\x05\x06\x04\x05Y\x09\x01\x03\x03\x01S\
\x00\x01\x01\x14C\x09\x01\x03\x03\x02Q\x00\x02\x02\x0cC\
\x0b\x08\x02\x06\x06\x07Q\x0a\x01\x07\x07\x0dC\x0b\x08\x02\
\x06\x06\x00S\x00\x00\x00\x15\x00D\x1bK\xb0\x15PX\
@6\x00\x04\x00\x05\x06\x04\x05Y\x00\x09\x09\x01S\x00\
\x01\x01\x14C\x00\x03\x03\x02Q\x00\x02\x02\x0cC\x0b\x08\
\x02\x06\x06\x07Q\x0a\x01\x07\x07\x0dC\x0b\x08\x02\x06\x06\
\x00S\x00\x00\x00\x15\x00D\x1bK\xb0&PX@3\
\x00\x04\x00\x05\x06\x04\x05Y\x00\x09\x09\x01S\x00\x01\x01\
\x14C\x00\x03\x03\x02Q\x00\x02\x02\x0cC\x00\x06\x06\x07\
Q\x0a\x01\x07\x07\x0dC\x0b\x01\x08\x08\x00S\x00\x00\x00\
\x15\x00D\x1bK\xb0*PX@1\x00\x01\x00\x09\x03\
\x01\x09[\x00\x04\x00\x05\x06\x04\x05Y\x00\x03\x03\x02Q\
\x00\x02\x02\x0eC\x00\x06\x06\x07Q\x0a\x01\x07\x07\x0dC\
\x0b\x01\x08\x08\x00S\x00\x00\x00\x15\x00D\x1b@,\x00\
\x01\x00\x09\x03\x01\x09[\x00\x04\x00\x05\x06\x04\x05Y\x00\
\x06\x0a\x01\x07\x00\x06\x07Y\x0b\x01\x08\x00\x00\x08\x00W\
\x00\x03\x03\x02Q\x00\x02\x02\x0e\x03DYYYYY\
Y@\x17\x1e\x1d\x01\x01(&\x1d0\x1e0\x01\x1c\x01\
\x1c\x13\x11\x12\x11\x11(\x22\x0c!+\xff\xff\x00<\x00\
\x00\x02\xd0\x03\xbd\x00\x22\x01\xf4<\x00\x02&\x004\x00\
\x00\x01\x07\x00t\x00\xed\x00\xd9\x00\xba@\x0b\x16\x01\x00\
\x04\x1b\x04\x02\x01\x00\x02BK\xb0&PX@)\x0a\
\x01\x07\x06\x02\x06\x07\x02h\x00\x04\x00\x00\x01\x04\x00[\
\x00\x06\x06\x12C\x09\x01\x05\x05\x02S\x00\x02\x02\x0cC\
\x08\x03\x02\x01\x01\x0d\x01D\x1bK\xb0*PX@)\
\x0a\x01\x07\x06\x02\x06\x07\x02h\x00\x04\x00\x00\x01\x04\x00\
[\x00\x06\x06\x12C\x09\x01\x05\x05\x02S\x00\x02\x02\x0e\
C\x08\x03\x02\x01\x01\x0d\x01D\x1b@)\x0a\x01\x07\x06\
\x02\x06\x07\x02h\x08\x03\x02\x01\x00\x01k\x00\x04\x00\x00\
\x01\x04\x00[\x00\x06\x06\x12C\x09\x01\x05\x05\x02S\x00\
\x02\x02\x0e\x05DYY@\x1b**\x1f\x1f\x01\x01*\
-*-,+\x1f)\x1f(\x22 \x01\x1e\x01\x1e!\
\x11(\x0b\x1d+\x00\x00\xff\xff\x00<\x00\x00\x02\xd0\x03\
\xbd\x00\x22\x01\xf4<\x00\x02&\x004\x00\x00\x01\x07\x00\
t\x00\xed\x00\xd9\x00\xba@\x0b\x16\x01\x00\x04\x1b\x04\x02\
\x01\x00\x02BK\xb0&PX@)\x0a\x01\x07\x06\x02\
\x06\x07\x02h\x00\x04\x00\x00\x01\x04\x00[\x00\x06\x06\x12\
C\x09\x01\x05\x05\x02S\x00\x02\x02\x0cC\x08\x03\x02\x01\
\x01\x0d\x01D\x1bK\xb0*PX@)\x0a\x01\x07\x06\
\x02\x06\x07\x02h\x00\x04\x00\x00\x01\x04\x00[\x00\x06\x06\
\x12C\x09\x01\x05\x05\x02S\x00\x02\x02\x0eC\x08\x03\x02\
\x01\x01\x0d\x01D\x1b@)\x0a\x01\x07\x06\x02\x06\x07\x02\
h\x08\x03\x02\x01\x00\x01k\x00\x04\x00\x00\x01\x04\x00[\
\x00\x06\x06\x12C\x09\x01\x05\x05\x02S\x00\x02\x02\x0e\x05\
DYY@\x1b**\x1f\x1f\x01\x01*-*-,\
+\x1f)\x1f(\x22 \x01\x1e\x01\x1e!\x11(\x0b\x1d\
+\x00\x00\xff\xff\x00<\xff\x0e\x02\xd0\x02\xca\x00\x22\x01\
\xf4<\x00\x02&\x004\x00\x00\x01\x07\x00x\x00\xfc\x00\
\x00\x00\xbf@\x0b\x16\x01\x00\x04\x1b\x04\x02\x01\x00\x02B\
K\xb0&PX@)\x00\x04\x00\x00\x01\x04\x00[\x00\
\x07\x00\x06\x08\x07\x06Y\x0a\x01\x05\x05\x02S\x00\x02\x02\
\x0cC\x09\x03\x02\x01\x01\x0dC\x0b\x01\x08\x08\x13\x08D\
\x1bK\xb0*PX@)\x00\x04\x00\x00\x01\x04\x00[\
\x00\x07\x00\x06\x08\x07\x06Y\x0a\x01\x05\x05\x02S\x00\x02\
\x02\x0eC\x09\x03\x02\x01\x01\x0dC\x0b\x01\x08\x08\x13\x08\
D\x1b@,\x09\x03\x02\x01\x00\x07\x00\x01\x07h\x00\x04\
\x00\x00\x01\x04\x00[\x00\x07\x00\x06\x08\x07\x06Y\x0a\x01\
\x05\x05\x02S\x00\x02\x02\x0eC\x0b\x01\x08\x08\x13\x08D\
YY@\x1d**\x1f\x1f\x01\x01*7*721\
0/\x1f)\x1f(\x22 \x01\x1e\x01\x1e!\x11(\x0c\
\x1d+\x00\xff\xff\x00<\xff\x0e\x02\xd0\x02\xca\x00\x22\x01\
\xf4<\x00\x02&\x004\x00\x00\x01\x07\x00x\x00\xfc\x00\
\x00\x00\xbf@\x0b\x16\x01\x00\x04\x1b\x04\x02\x01\x00\x02B\
K\xb0&PX@)\x00\x04\x00\x00\x01\x04\x00[\x00\
\x07\x00\x06\x08\x07\x06Y\x0a\x01\x05\x05\x02S\x00\x02\x02\
\x0cC\x09\x03\x02\x01\x01\x0dC\x0b\x01\x08\x08\x13\x08D\
\x1bK\xb0*PX@)\x00\x04\x00\x00\x01\x04\x00[\
\x00\x07\x00\x06\x08\x07\x06Y\x0a\x01\x05\x05\x02S\x00\x02\
\x02\x0eC\x09\x03\x02\x01\x01\x0dC\x0b\x01\x08\x08\x13\x08\
D\x1b@,\x09\x03\x02\x01\x00\x07\x00\x01\x07h\x00\x04\
\x00\x00\x01\x04\x00[\x00\x07\x00\x06\x08\x07\x06Y\x0a\x01\
\x05\x05\x02S\x00\x02\x02\x0eC\x0b\x01\x08\x08\x13\x08D\
YY@\x1d**\x1f\x1f\x01\x01*7*721\
0/\x1f)\x1f(\x22 \x01\x1e\x01\x1e!\x11(\x0c\
\x1d+\x00\xff\xff\x00<\x00\x00\x02\xd0\x03\xbd\x00\x22\x01\
\xf4<\x00\x02&\x004\x00\x00\x01\x07\x017\x00y\x00\
\xd9\x00\xbc@\x0f0\x01\x07\x06\x16\x01\x00\x04\x1b\x04\x02\
\x01\x00\x03BK\xb0&PX@)\x00\x07\x06\x02\x06\
\x07\x02h\x00\x04\x00\x00\x01\x04\x00[\x08\x01\x06\x06\x12\
C\x0a\x01\x05\x05\x02S\x00\x02\x02\x0cC\x09\x03\x02\x01\
\x01\x0d\x01D\x1bK\xb0*PX@)\x00\x07\x06\x02\
\x06\x07\x02h\x00\x04\x00\x00\x01\x04\x00[\x08\x01\x06\x06\
\x12C\x0a\x01\x05\x05\x02S\x00\x02\x02\x0eC\x09\x03\x02\
\x01\x01\x0d\x01D\x1b@)\x00\x07\x06\x02\x06\x07\x02h\
\x09\x03\x02\x01\x00\x01k\x00\x04\x00\x00\x01\x04\x00[\x08\
\x01\x06\x06\x12C\x0a\x01\x05\x05\x02S\x00\x02\x02\x0e\x05\
DYY@\x19\x1f\x1f\x01\x01/.-,+*\x1f\
)\x1f(\x22 \x01\x1e\x01\x1e!\x11(\x0b\x1d+\xff\
\xff\x00<\x00\x00\x02\xd0\x03\xbd\x00\x22\x01\xf4<\x00\x02\
&\x004\x00\x00\x01\x07\x017\x00y\x00\xd9\x00\xbc@\
\x0f0\x01\x07\x06\x16\x01\x00\x04\x1b\x04\x02\x01\x00\x03B\
K\xb0&PX@)\x00\x07\x06\x02\x06\x07\x02h\x00\
\x04\x00\x00\x01\x04\x00[\x08\x01\x06\x06\x12C\x0a\x01\x05\
\x05\x02S\x00\x02\x02\x0cC\x09\x03\x02\x01\x01\x0d\x01D\
\x1bK\xb0*PX@)\x00\x07\x06\x02\x06\x07\x02h\
\x00\x04\x00\x00\x01\x04\x00[\x08\x01\x06\x06\x12C\x0a\x01\
\x05\x05\x02S\x00\x02\x02\x0eC\x09\x03\x02\x01\x01\x0d\x01\
D\x1b@)\x00\x07\x06\x02\x06\x07\x02h\x09\x03\x02\x01\
\x00\x01k\x00\x04\x00\x00\x01\x04\x00[\x08\x01\x06\x06\x12\
C\x0a\x01\x05\x05\x02S\x00\x02\x02\x0e\x05DYY@\
\x19\x1f\x1f\x01\x01/.-,+*\x1f)\x1f(\x22\
 \x01\x1e\x01\x1e!\x11(\x0b\x1d+\xff\xff\x00\x13\xff\
\xee\x02\x89\x03\xbd\x00\x22\x01\xf4\x13\x00\x02&\x005\x00\
\x00\x01\x07\x00t\x00\xcb\x00\xd9\x00\xbcK\xb0&PX\
@1\x09\x01\x07\x06\x04\x06\x07\x04h\x00\x02\x05\x03\x05\
\x02\x03h\x00\x00\x00\x04S\x00\x04\x04\x14C\x08\x01\x05\
\x05\x06Q\x00\x06\x06\x12C\x00\x03\x03\x01S\x00\x01\x01\
\x15\x01D\x1bK\xb0*PX@/\x09\x01\x07\x06\x04\
\x06\x07\x04h\x00\x02\x05\x03\x05\x02\x03h\x00\x04\x00\x00\
\x05\x04\x00[\x08\x01\x05\x05\x06Q\x00\x06\x06\x12C\x00\
\x03\x03\x01S\x00\x01\x01\x15\x01D\x1b@,\x09\x01\x07\
\x06\x04\x06\x07\x04h\x00\x02\x05\x03\x05\x02\x03h\x00\x04\
\x00\x00\x05\x04\x00[\x00\x03\x00\x01\x03\x01W\x08\x01\x05\
\x05\x06Q\x00\x06\x06\x12\x05DYY@\x19CC\x01\
\x01CFCFED\x01B\x01B><'%!\
 \x1c\x1a%\x0a\x1b+\xff\xff\x00\x13\xff\xee\x02\x89\x03\
\xbd\x00\x22\x01\xf4\x13\x00\x02&\x005\x00\x00\x01\x07\x00\
t\x00\xcb\x00\xd9\x00\xbcK\xb0&PX@1\x09\x01\
\x07\x06\x04\x06\x07\x04h\x00\x02\x05\x03\x05\x02\x03h\x00\
\x00\x00\x04S\x00\x04\x04\x14C\x08\x01\x05\x05\x06Q\x00\
\x06\x06\x12C\x00\x03\x03\x01S\x00\x01\x01\x15\x01D\x1b\
K\xb0*PX@/\x09\x01\x07\x06\x04\x06\x07\x04h\
\x00\x02\x05\x03\x05\x02\x03h\x00\x04\x00\x00\x05\x04\x00[\
\x08\x01\x05\x05\x06Q\x00\x06\x06\x12C\x00\x03\x03\x01S\
\x00\x01\x01\x15\x01D\x1b@,\x09\x01\x07\x06\x04\x06\x07\
\x04h\x00\x02\x05\x03\x05\x02\x03h\x00\x04\x00\x00\x05\x04\
\x00[\x00\x03\x00\x01\x03\x01W\x08\x01\x05\x05\x06Q\x00\
\x06\x06\x12\x05DYY@\x19CC\x01\x01CFC\
FED\x01B\x01B><'%! \x1c\x1a%\
\x0a\x1b+\xff\xff\x00\x13\xff\x0e\x02\x89\x02\xde\x00\x22\x01\
\xf4\x13\x00\x02&\x005\x00\x00\x01\x07\x00x\x00\xd9\x00\
\x00\x00\xc5K\xb0&PX@3\x09\x01\x05\x00\x02\x00\
\x05\x02h\x00\x02\x03\x00\x02\x03f\x00\x07\x00\x06\x08\x07\
\x06Y\x00\x00\x00\x04S\x00\x04\x04\x14C\x00\x03\x03\x01\
S\x00\x01\x01\x15C\x0a\x01\x08\x08\x13\x08D\x1bK\xb0\
*PX@1\x09\x01\x05\x00\x02\x00\x05\x02h\x00\x02\
\x03\x00\x02\x03f\x00\x04\x00\x00\x05\x04\x00[\x00\x07\x00\
\x06\x08\x07\x06Y\x00\x03\x03\x01S\x00\x01\x01\x15C\x0a\
\x01\x08\x08\x13\x08D\x1b@/\x09\x01\x05\x00\x02\x00\x05\
\x02h\x00\x02\x03\x00\x02\x03f\x00\x04\x00\x00\x05\x04\x00\
[\x00\x03\x00\x01\x07\x03\x01[\x00\x07\x00\x06\x08\x07\x06\
Y\x0a\x01\x08\x08\x13\x08DYY@\x1bCC\x01\x01\
CPCPKJIH\x01B\x01B><'%\
! \x1c\x1a%\x0b\x1b+\x00\x00\x00\xff\xff\x00\x13\xff\
\x0e\x02\x89\x02\xde\x00\x22\x01\xf4\x13\x00\x02&\x005\x00\
\x00\x01\x07\x00x\x00\xd9\x00\x00\x00\xc5K\xb0&PX\
@3\x09\x01\x05\x00\x02\x00\x05\x02h\x00\x02\x03\x00\x02\
\x03f\x00\x07\x00\x06\x08\x07\x06Y\x00\x00\x00\x04S\x00\
\x04\x04\x14C\x00\x03\x03\x01S\x00\x01\x01\x15C\x0a\x01\
\x08\x08\x13\x08D\x1bK\xb0*PX@1\x09\x01\x05\
\x00\x02\x00\x05\x02h\x00\x02\x03\x00\x02\x03f\x00\x04\x00\
\x00\x05\x04\x00[\x00\x07\x00\x06\x08\x07\x06Y\x00\x03\x03\
\x01S\x00\x01\x01\x15C\x0a\x01\x08\x08\x13\x08D\x1b@\
/\x09\x01\x05\x00\x02\x00\x05\x02h\x00\x02\x03\x00\x02\x03\
f\x00\x04\x00\x00\x05\x04\x00[\x00\x03\x00\x01\x07\x03\x01\
[\x00\x07\x00\x06\x08\x07\x06Y\x0a\x01\x08\x08\x13\x08D\
YY@\x1bCC\x01\x01CPCPKJIH\
\x01B\x01B><'%! \x1c\x1a%\x0b\x1b+\
\x00\x00\x00\xff\xff\x00\x13\xff\xee\x02\x89\x03\xbd\x00\x22\x01\
\xf4\x13\x00\x02&\x005\x00\x00\x01\x07\x017\x00j\x00\
\xd9\x00\xc7\xb5I\x01\x07\x06\x01BK\xb0&PX@\
3\x00\x07\x06\x04\x06\x07\x04h\x09\x01\x05\x00\x02\x00\x05\
\x02h\x00\x02\x03\x00\x02\x03f\x08\x01\x06\x06\x12C\x00\
\x00\x00\x04S\x00\x04\x04\x14C\x00\x03\x03\x01S\x00\x01\
\x01\x15\x01D\x1bK\xb0*PX@1\x00\x07\x06\x04\
\x06\x07\x04h\x09\x01\x05\x00\x02\x00\x05\x02h\x00\x02\x03\
\x00\x02\x03f\x00\x04\x00\x00\x05\x04\x00[\x08\x01\x06\x06\
\x12C\x00\x03\x03\x01S\x00\x01\x01\x15\x01D\x1b@.\
\x00\x07\x06\x04\x06\x07\x04h\x09\x01\x05\x00\x02\x00\x05\x02\
h\x00\x02\x03\x00\x02\x03f\x00\x04\x00\x00\x05\x04\x00[\
\x00\x03\x00\x01\x03\x01W\x08\x01\x06\x06\x12\x06DYY\
@\x17\x01\x01HGFEDC\x01B\x01B><\
'%! \x1c\x1a%\x0a\x1b+\x00\xff\xff\x00\x13\xff\
\xee\x02\x89\x03\xbd\x00\x22\x01\xf4\x13\x00\x02&\x005\x00\
\x00\x01\x07\x017\x00j\x00\xd9\x00\xc7\xb5I\x01\x07\x06\
\x01BK\xb0&PX@3\x00\x07\x06\x04\x06\x07\x04\
h\x09\x01\x05\x00\x02\x00\x05\x02h\x00\x02\x03\x00\x02\x03\
f\x08\x01\x06\x06\x12C\x00\x00\x00\x04S\x00\x04\x04\x14\
C\x00\x03\x03\x01S\x00\x01\x01\x15\x01D\x1bK\xb0*\
PX@1\x00\x07\x06\x04\x06\x07\x04h\x09\x01\x05\x00\
\x02\x00\x05\x02h\x00\x02\x03\x00\x02\x03f\x00\x04\x00\x00\
\x05\x04\x00[\x08\x01\x06\x06\x12C\x00\x03\x03\x01S\x00\
\x01\x01\x15\x01D\x1b@.\x00\x07\x06\x04\x06\x07\x04h\
\x09\x01\x05\x00\x02\x00\x05\x02h\x00\x02\x03\x00\x02\x03f\
\x00\x04\x00\x00\x05\x04\x00[\x00\x03\x00\x01\x03\x01W\x08\
\x01\x06\x06\x12\x06DYY@\x17\x01\x01HGFE\
DC\x01B\x01B><'%! \x1c\x1a%\x0a\
\x1b+\x00\xff\xff\x00\x13\xff\x0e\x02[\x02\xca\x00\x22\x01\
\xf4\x13\x00\x02&\x006\x00\x00\x01\x07\x00x\x00\xc1\x00\
\x00\x00\x8fK\xb0&PX@ \x00\x05\x00\x04\x06\x05\
\x04Y\x02\x01\x00\x00\x01Q\x00\x01\x01\x0cC\x07\x01\x03\
\x03\x0dC\x08\x01\x06\x06\x13\x06D\x1bK\xb0*PX\
@ \x00\x05\x00\x04\x06\x05\x04Y\x02\x01\x00\x00\x01Q\
\x00\x01\x01\x0eC\x07\x01\x03\x03\x0dC\x08\x01\x06\x06\x13\
\x06D\x1b@#\x07\x01\x03\x00\x05\x00\x03\x05h\x00\x05\
\x00\x04\x06\x05\x04Y\x02\x01\x00\x00\x01Q\x00\x01\x01\x0e\
C\x08\x01\x06\x06\x13\x06DYY@\x15\x09\x09\x01\x01\
\x09\x16\x09\x16\x11\x10\x0f\x0e\x01\x08\x01\x08\x11\x11\x12\x09\
\x1d+\x00\xff\xff\x00\x13\xff\x0e\x02[\x02\xca\x00\x22\x01\
\xf4\x13\x00\x02&\x006\x00\x00\x01\x07\x00x\x00\xc1\x00\
\x00\x00\x8fK\xb0&PX@ \x00\x05\x00\x04\x06\x05\
\x04Y\x02\x01\x00\x00\x01Q\x00\x01\x01\x0cC\x07\x01\x03\
\x03\x0dC\x08\x01\x06\x06\x13\x06D\x1bK\xb0*PX\
@ \x00\x05\x00\x04\x06\x05\x04Y\x02\x01\x00\x00\x01Q\
\x00\x01\x01\x0eC\x07\x01\x03\x03\x0dC\x08\x01\x06\x06\x13\
\x06D\x1b@#\x07\x01\x03\x00\x05\x00\x03\x05h\x00\x05\
\x00\x04\x06\x05\x04Y\x02\x01\x00\x00\x01Q\x00\x01\x01\x0e\
C\x08\x01\x06\x06\x13\x06DYY@\x15\x09\x09\x01\x01\
\x09\x16\x09\x16\x11\x10\x0f\x0e\x01\x08\x01\x08\x11\x11\x12\x09\
\x1d+\x00\xff\xff\x00\x13\x00\x00\x02[\x03\xbd\x00\x22\x01\
\xf4\x13\x00\x02&\x006\x00\x00\x01\x07\x017\x00Q\x00\
\xd9\x00\x8f\xb5\x0f\x01\x05\x04\x01BK\xb0&PX@\
 \x00\x05\x04\x01\x04\x05\x01h\x06\x01\x04\x04\x12C\x02\
\x01\x00\x00\x01Q\x00\x01\x01\x0cC\x07\x01\x03\x03\x0d\x03\
D\x1bK\xb0*PX@ \x00\x05\x04\x01\x04\x05\x01\
h\x06\x01\x04\x04\x12C\x02\x01\x00\x00\x01Q\x00\x01\x01\
\x0eC\x07\x01\x03\x03\x0d\x03D\x1b@ \x00\x05\x04\x01\
\x04\x05\x01h\x07\x01\x03\x00\x03k\x06\x01\x04\x04\x12C\
\x02\x01\x00\x00\x01Q\x00\x01\x01\x0e\x00DYY@\x11\
\x01\x01\x0e\x0d\x0c\x0b\x0a\x09\x01\x08\x01\x08\x11\x11\x12\x08\
\x1d+\x00\xff\xff\x00\x13\x00\x00\x02[\x03\xbd\x00\x22\x01\
\xf4\x13\x00\x02&\x006\x00\x00\x01\x07\x017\x00Q\x00\
\xd9\x00\x8f\xb5\x0f\x01\x05\x04\x01BK\xb0&PX@\
 \x00\x05\x04\x01\x04\x05\x01h\x06\x01\x04\x04\x12C\x02\
\x01\x00\x00\x01Q\x00\x01\x01\x0cC\x07\x01\x03\x03\x0d\x03\
D\x1bK\xb0*PX@ \x00\x05\x04\x01\x04\x05\x01\
h\x06\x01\x04\x04\x12C\x02\x01\x00\x00\x01Q\x00\x01\x01\
\x0eC\x07\x01\x03\x03\x0d\x03D\x1b@ \x00\x05\x04\x01\
\x04\x05\x01h\x07\x01\x03\x00\x03k\x06\x01\x04\x04\x12C\
\x02\x01\x00\x00\x01Q\x00\x01\x01\x0e\x00DYY@\x11\
\x01\x01\x0e\x0d\x0c\x0b\x0a\x09\x01\x08\x01\x08\x11\x11\x12\x08\
\x1d+\x00\x00\x01\x00\x13\x00\x00\x02[\x02\xca\x00\x0f\x00\
zK\xb0&PX@\x1c\x05\x01\x01\x06\x01\x00\x07\x01\
\x00Y\x04\x01\x02\x02\x03Q\x00\x03\x03\x0cC\x08\x01\x07\
\x07\x0d\x07D\x1bK\xb0*PX@\x1c\x05\x01\x01\x06\
\x01\x00\x07\x01\x00Y\x04\x01\x02\x02\x03Q\x00\x03\x03\x0e\
C\x08\x01\x07\x07\x0d\x07D\x1b@\x1c\x08\x01\x07\x00\x07\
k\x05\x01\x01\x06\x01\x00\x07\x01\x00Y\x04\x01\x02\x02\x03\
Q\x00\x03\x03\x0e\x02DYY@\x0f\x00\x00\x00\x0f\x00\
\x0f\x11\x11\x11\x11\x11\x11\x11\x09\x16+3\x11#53\
5#5!\x15#\x153\x15#\x11\xf1oo\xde\x02\
H\xdenn\x01\x16P\xe6~~\xe6P\xfe\xea\x00\xff\
\xff\x00\x13\x00\x00\x02[\x02\xca\x00\x22\x01\xf4\x13\x00\x03\
\x06\x01\x18\x00\x00\x00zK\xb0&PX@\x1c\x05\x01\
\x01\x06\x01\x00\x07\x01\x00Y\x04\x01\x02\x02\x03Q\x00\x03\
\x03\x0cC\x08\x01\x07\x07\x0d\x07D\x1bK\xb0*PX\
@\x1c\x05\x01\x01\x06\x01\x00\x07\x01\x00Y\x04\x01\x02\x02\
\x03Q\x00\x03\x03\x0eC\x08\x01\x07\x07\x0d\x07D\x1b@\
\x1c\x08\x01\x07\x00\x07k\x05\x01\x01\x06\x01\x00\x07\x01\x00\
Y\x04\x01\x02\x02\x03Q\x00\x03\x03\x0e\x02DYY@\
\x0f\x01\x01\x01\x10\x01\x10\x11\x11\x11\x11\x11\x11\x12\x09!\
+\x00\x00\xff\xff\x001\xff\xee\x02\xa5\x03\xab\x00\x22\x01\
\xf41\x00\x02&\x007\x00\x00\x01\x07\x01<\x00\x8c\x00\
\xd9\x00\xc0K\xb0\x1bPX@&\x00\x05\x0a\x09\x02\x07\
\x00\x05\x07[\x00\x08\x08\x04S\x06\x01\x04\x04\x12C\x02\
\x01\x00\x00\x0cC\x00\x03\x03\x01T\x00\x01\x01\x15\x01D\
\x1bK\xb0&PX@$\x06\x01\x04\x00\x08\x07\x04\x08\
[\x00\x05\x0a\x09\x02\x07\x00\x05\x07[\x02\x01\x00\x00\x0c\
C\x00\x03\x03\x01T\x00\x01\x01\x15\x01D\x1bK\xb0*\
PX@$\x06\x01\x04\x00\x08\x07\x04\x08[\x00\x05\x0a\
\x09\x02\x07\x00\x05\x07[\x02\x01\x00\x00\x0eC\x00\x03\x03\
\x01T\x00\x01\x01\x15\x01D\x1b@!\x06\x01\x04\x00\x08\
\x07\x04\x08[\x00\x05\x0a\x09\x02\x07\x00\x05\x07[\x00\x03\
\x00\x01\x03\x01X\x02\x01\x00\x00\x0e\x00DYYY@\
\x11\x15\x15\x152\x152#$\x12#'%\x13#\x11\
\x0b#+\xff\xff\x001\xff\xee\x02\xa5\x03\xab\x00\x22\x01\
\xf41\x00\x02&\x007\x00\x00\x01\x07\x01<\x00\x8c\x00\
\xd9\x00\xc0K\xb0\x1bPX@&\x00\x05\x0a\x09\x02\x07\
\x00\x05\x07[\x00\x08\x08\x04S\x06\x01\x04\x04\x12C\x02\
\x01\x00\x00\x0cC\x00\x03\x03\x01T\x00\x01\x01\x15\x01D\
\x1bK\xb0&PX@$\x06\x01\x04\x00\x08\x07\x04\x08\
[\x00\x05\x0a\x09\x02\x07\x00\x05\x07[\x02\x01\x00\x00\x0c\
C\x00\x03\x03\x01T\x00\x01\x01\x15\x01D\x1bK\xb0*\
PX@$\x06\x01\x04\x00\x08\x07\x04\x08[\x00\x05\x0a\
\x09\x02\x07\x00\x05\x07[\x02\x01\x00\x00\x0eC\x00\x03\x03\
\x01T\x00\x01\x01\x15\x01D\x1b@!\x06\x01\x04\x00\x08\
\x07\x04\x08[\x00\x05\x0a\x09\x02\x07\x00\x05\x07[\x00\x03\
\x00\x01\x03\x01X\x02\x01\x00\x00\x0e\x00DYYY@\
\x11\x15\x15\x152\x152#$\x12#'%\x13#\x11\
\x0b#+\xff\xff\x001\xff\xee\x02\xa5\x03\x90\x00\x22\x01\
\xf41\x00\x02&\x007\x00\x00\x01\x07\x00o\x00\x99\x00\
\xd9\x00oK\xb0&PX@\x1a\x00\x04\x06\x01\x05\x00\
\x04\x05Y\x02\x01\x00\x00\x0cC\x00\x03\x03\x01S\x00\x01\
\x01\x15\x01D\x1bK\xb0*PX@\x1a\x00\x04\x06\x01\
\x05\x00\x04\x05Y\x02\x01\x00\x00\x0eC\x00\x03\x03\x01S\
\x00\x01\x01\x15\x01D\x1b@\x17\x00\x04\x06\x01\x05\x00\x04\
\x05Y\x00\x03\x00\x01\x03\x01W\x02\x01\x00\x00\x0e\x00D\
YY@\x0d\x15\x15\x15\x18\x15\x18\x14%\x13#\x11\x07\
\x1f+\x00\xff\xff\x001\xff\xee\x02\xa5\x03\x90\x00\x22\x01\
\xf41\x00\x02&\x007\x00\x00\x01\x07\x00o\x00\x99\x00\
\xd9\x00oK\xb0&PX@\x1a\x00\x04\x06\x01\x05\x00\
\x04\x05Y\x02\x01\x00\x00\x0cC\x00\x03\x03\x01S\x00\x01\
\x01\x15\x01D\x1bK\xb0*PX@\x1a\x00\x04\x06\x01\
\x05\x00\x04\x05Y\x02\x01\x00\x00\x0eC\x00\x03\x03\x01S\
\x00\x01\x01\x15\x01D\x1b@\x17\x00\x04\x06\x01\x05\x00\x04\
\x05Y\x00\x03\x00\x01\x03\x01W\x02\x01\x00\x00\x0e\x00D\
YY@\x0d\x15\x15\x15\x18\x15\x18\x14%\x13#\x11\x07\
\x1f+\x00\xff\xff\x001\xff\xee\x02\xa5\x03\xbd\x00\x22\x01\
\xf41\x00\x02&\x007\x00\x00\x01\x07\x018\x00s\x00\
\xd9\x00\x86K\xb0&PX@ \x00\x06\x08\x01\x04\x00\
\x06\x04[\x07\x01\x05\x05\x12C\x02\x01\x00\x00\x0cC\x00\
\x03\x03\x01T\x00\x01\x01\x15\x01D\x1bK\xb0*PX\
@ \x00\x06\x08\x01\x04\x00\x06\x04[\x07\x01\x05\x05\x12\
C\x02\x01\x00\x00\x0eC\x00\x03\x03\x01T\x00\x01\x01\x15\
\x01D\x1b@\x1d\x00\x06\x08\x01\x04\x00\x06\x04[\x00\x03\
\x00\x01\x03\x01X\x07\x01\x05\x05\x12C\x02\x01\x00\x00\x0e\
\x00DYY@\x12\x16\x15$#\x1f\x1d\x19\x18\x15&\
\x16&%\x13#\x11\x09\x1e+\x00\x00\xff\xff\x001\xff\
\xee\x02\xa5\x03\xbd\x00\x22\x01\xf41\x00\x02&\x007\x00\
\x00\x01\x07\x018\x00s\x00\xd9\x00\x86K\xb0&PX\
@ \x00\x06\x08\x01\x04\x00\x06\x04[\x07\x01\x05\x05\x12\
C\x02\x01\x00\x00\x0cC\x00\x03\x03\x01T\x00\x01\x01\x15\
\x01D\x1bK\xb0*PX@ \x00\x06\x08\x01\x04\x00\
\x06\x04[\x07\x01\x05\x05\x12C\x02\x01\x00\x00\x0eC\x00\
\x03\x03\x01T\x00\x01\x01\x15\x01D\x1b@\x1d\x00\x06\x08\
\x01\x04\x00\x06\x04[\x00\x03\x00\x01\x03\x01X\x07\x01\x05\
\x05\x12C\x02\x01\x00\x00\x0e\x00DYY@\x12\x16\x15\
$#\x1f\x1d\x19\x18\x15&\x16&%\x13#\x11\x09\x1e\
+\x00\x00\xff\xff\x001\xff\xee\x02\xa5\x03\xbd\x00\x22\x01\
\xf41\x00\x02&\x007\x00\x00\x01\x07\x01:\x00\xd3\x00\
\xd9\x00\x87K\xb0&PX@#\x00\x07\x00\x04\x00\x07\
\x04[\x00\x06\x06\x05S\x00\x05\x05\x12C\x02\x01\x00\x00\
\x0cC\x00\x03\x03\x01S\x00\x01\x01\x15\x01D\x1bK\xb0\
*PX@#\x00\x07\x00\x04\x00\x07\x04[\x00\x06\x06\
\x05S\x00\x05\x05\x12C\x02\x01\x00\x00\x0eC\x00\x03\x03\
\x01S\x00\x01\x01\x15\x01D\x1b@ \x00\x07\x00\x04\x00\
\x07\x04[\x00\x03\x00\x01\x03\x01W\x00\x06\x06\x05S\x00\
\x05\x05\x12C\x02\x01\x00\x00\x0e\x00DYY@\x0a$\
$&%%\x13#\x11\x08\x22+\x00\xff\xff\x001\xff\
\xee\x02\xa5\x03\xbd\x00\x22\x01\xf41\x00\x02&\x007\x00\
\x00\x01\x07\x01:\x00\xd3\x00\xd9\x00\x87K\xb0&PX\
@#\x00\x07\x00\x04\x00\x07\x04[\x00\x06\x06\x05S\x00\
\x05\x05\x12C\x02\x01\x00\x00\x0cC\x00\x03\x03\x01S\x00\
\x01\x01\x15\x01D\x1bK\xb0*PX@#\x00\x07\x00\
\x04\x00\x07\x04[\x00\x06\x06\x05S\x00\x05\x05\x12C\x02\
\x01\x00\x00\x0eC\x00\x03\x03\x01S\x00\x01\x01\x15\x01D\
\x1b@ \x00\x07\x00\x04\x00\x07\x04[\x00\x03\x00\x01\x03\
\x01W\x00\x06\x06\x05S\x00\x05\x05\x12C\x02\x01\x00\x00\
\x0e\x00DYY@\x0a$$&%%\x13#\x11\x08\
\x22+\x00\xff\xff\x001\xff\xee\x02\xa5\x03\xbd\x00\x22\x01\
\xf41\x00\x02&\x007\x00\x00\x01\x07\x01=\x00\xa0\x00\
\xd9\x00\x8fK\xb0&PX@\x22\x09\x07\x08\x03\x05\x04\
\x00\x04\x05\x00h\x06\x01\x04\x04\x12C\x02\x01\x00\x00\x0c\
C\x00\x03\x03\x01T\x00\x01\x01\x15\x01D\x1bK\xb0*\
PX@\x22\x09\x07\x08\x03\x05\x04\x00\x04\x05\x00h\x06\
\x01\x04\x04\x12C\x02\x01\x00\x00\x0eC\x00\x03\x03\x01T\
\x00\x01\x01\x15\x01D\x1b@\x1f\x09\x07\x08\x03\x05\x04\x00\
\x04\x05\x00h\x00\x03\x00\x01\x03\x01X\x06\x01\x04\x04\x12\
C\x02\x01\x00\x00\x0e\x00DYY@\x15\x19\x19\x15\x15\
\x19\x1c\x19\x1c\x1b\x1a\x15\x18\x15\x18\x14%\x13#\x11\x0a\
\x1f+\x00\xff\xff\x001\xff\xee\x02\xa5\x03\xbd\x00\x22\x01\
\xf41\x00\x02&\x007\x00\x00\x01\x07\x01=\x00\xa0\x00\
\xd9\x00\x8fK\xb0&PX@\x22\x09\x07\x08\x03\x05\x04\
\x00\x04\x05\x00h\x06\x01\x04\x04\x12C\x02\x01\x00\x00\x0c\
C\x00\x03\x03\x01T\x00\x01\x01\x15\x01D\x1bK\xb0*\
PX@\x22\x09\x07\x08\x03\x05\x04\x00\x04\x05\x00h\x06\
\x01\x04\x04\x12C\x02\x01\x00\x00\x0eC\x00\x03\x03\x01T\
\x00\x01\x01\x15\x01D\x1b@\x1f\x09\x07\x08\x03\x05\x04\x00\
\x04\x05\x00h\x00\x03\x00\x01\x03\x01X\x06\x01\x04\x04\x12\
C\x02\x01\x00\x00\x0e\x00DYY@\x15\x19\x19\x15\x15\
\x19\x1c\x19\x1c\x1b\x1a\x15\x18\x15\x18\x14%\x13#\x11\x0a\
\x1f+\x00\x00\x01\x001\xff\x0e\x02\xa5\x02\xca\x00\x22\x00\
{K\xb0&PX@\x1c\x04\x01\x02\x02\x0cC\x00\x03\
\x03\x01S\x00\x01\x01\x15C\x00\x05\x05\x00S\x06\x01\x00\
\x00\x13\x00D\x1bK\xb0*PX@\x1c\x04\x01\x02\x02\
\x0eC\x00\x03\x03\x01S\x00\x01\x01\x15C\x00\x05\x05\x00\
S\x06\x01\x00\x00\x13\x00D\x1b@\x1a\x00\x03\x00\x01\x05\
\x03\x01[\x04\x01\x02\x02\x0eC\x00\x05\x05\x00S\x06\x01\
\x00\x00\x13\x00DYY@\x12\x01\x00!\x1f\x16\x15\x12\
\x10\x0b\x0a\x07\x06\x00\x22\x01\x22\x07\x0f+\x05\x22&5\
467.\x015\x113\x11\x14\x1e\x023265\
\x113\x11\x14\x06\x07\x0e\x01\x15\x14\x16;\x01\x15\x01\xa4\
LJ'#\x8f\x98\x8d\x12*C0cO\x86\x80}\
*\x1c!,=\xf2<6)6\x0f\x04\x9b\x8f\x01\xae\
\xfe[+E1\x1a`X\x01\xa8\xfeI\x84\x8f\x0e\x0d\
#\x1a\x1c!]\x00\x00\xff\xff\x001\xff\x0e\x02\xa5\x02\
\xca\x00\x22\x01\xf41\x00\x03\x06\x01$\x00\x00\x00{K\
\xb0&PX@\x1c\x04\x01\x02\x02\x0cC\x00\x03\x03\x01\
S\x00\x01\x01\x15C\x00\x05\x05\x00S\x06\x01\x00\x00\x13\
\x00D\x1bK\xb0*PX@\x1c\x04\x01\x02\x02\x0eC\
\x00\x03\x03\x01S\x00\x01\x01\x15C\x00\x05\x05\x00S\x06\
\x01\x00\x00\x13\x00D\x1b@\x1a\x00\x03\x00\x01\x05\x03\x01\
[\x04\x01\x02\x02\x0eC\x00\x05\x05\x00S\x06\x01\x00\x00\
\x13\x00DYY@\x12\x02\x01\x22 \x17\x16\x13\x11\x0c\
\x0b\x08\x07\x01#\x02#\x07\x1a+\x00\xff\xff\x00\x09\x00\
\x00\x04\x11\x03\xbd\x00\x22\x01\xf4\x09\x00\x02&\x009\x00\
\x00\x01\x07\x016\x01%\x00\xd9\x00\x8e@\x0c\x14\x01\x05\
\x06\x0a\x07\x02\x03\x00\x01\x02BK\xb0&PX@\x1d\
\x07\x01\x05\x06\x01\x06\x05\x01h\x00\x06\x06\x12C\x03\x02\
\x02\x01\x01\x0cC\x08\x04\x02\x00\x00\x0d\x00D\x1bK\xb0\
*PX@\x1d\x07\x01\x05\x06\x01\x06\x05\x01h\x00\x06\
\x06\x12C\x03\x02\x02\x01\x01\x0eC\x08\x04\x02\x00\x00\x0d\
\x00D\x1b@\x1d\x07\x01\x05\x06\x01\x06\x05\x01h\x08\x04\
\x02\x00\x01\x00k\x00\x06\x06\x12C\x03\x02\x02\x01\x01\x0e\
\x01DYY@\x12\x01\x01\x13\x12\x11\x10\x0f\x0e\x01\x0d\
\x01\x0d\x12\x12\x11\x13\x09\x1e+\x00\x00\xff\xff\x00\x09\x00\
\x00\x04\x11\x03\xbd\x00\x22\x01\xf4\x09\x00\x02&\x009\x00\
\x00\x01\x07\x016\x01%\x00\xd9\x00\x8e@\x0c\x14\x01\x05\
\x06\x0a\x07\x02\x03\x00\x01\x02BK\xb0&PX@\x1d\
\x07\x01\x05\x06\x01\x06\x05\x01h\x00\x06\x06\x12C\x03\x02\
\x02\x01\x01\x0cC\x08\x04\x02\x00\x00\x0d\x00D\x1bK\xb0\
*PX@\x1d\x07\x01\x05\x06\x01\x06\x05\x01h\x00\x06\
\x06\x12C\x03\x02\x02\x01\x01\x0eC\x08\x04\x02\x00\x00\x0d\
\x00D\x1b@\x1d\x07\x01\x05\x06\x01\x06\x05\x01h\x08\x04\
\x02\x00\x01\x00k\x00\x06\x06\x12C\x03\x02\x02\x01\x01\x0e\
\x01DYY@\x12\x01\x01\x13\x12\x11\x10\x0f\x0e\x01\x0d\
\x01\x0d\x12\x12\x11\x13\x09\x1e+\x00\x00\xff\xff\x00\x05\x00\
\x00\x02\xb4\x03\xbd\x00\x22\x01\xf4\x05\x00\x02&\x00;\x00\
\x00\x01\x07\x016\x00\x80\x00\xd9\x00\x86@\x0c\x10\x01\x03\
\x04\x08\x05\x02\x03\x02\x00\x02BK\xb0&PX@\x1b\
\x05\x01\x03\x04\x00\x04\x03\x00h\x00\x04\x04\x12C\x01\x01\
\x00\x00\x0cC\x06\x01\x02\x02\x0d\x02D\x1bK\xb0*P\
X@\x1b\x05\x01\x03\x04\x00\x04\x03\x00h\x00\x04\x04\x12\
C\x01\x01\x00\x00\x0eC\x06\x01\x02\x02\x0d\x02D\x1b@\
\x1b\x05\x01\x03\x04\x00\x04\x03\x00h\x01\x01\x00\x00\x0eC\
\x06\x01\x02\x02\x04Q\x00\x04\x04\x12\x02DYY@\x10\
\x01\x01\x0f\x0e\x0d\x0c\x0b\x0a\x01\x09\x01\x09\x12\x13\x07\x1c\
+\x00\x00\xff\xff\x00\x05\x00\x00\x02\xb4\x03\xbd\x00\x22\x01\
\xf4\x05\x00\x02&\x00;\x00\x00\x01\x07\x016\x00\x80\x00\
\xd9\x00\x86@\x0c\x10\x01\x03\x04\x08\x05\x02\x03\x02\x00\x02\
BK\xb0&PX@\x1b\x05\x01\x03\x04\x00\x04\x03\x00\
h\x00\x04\x04\x12C\x01\x01\x00\x00\x0cC\x06\x01\x02\x02\
\x0d\x02D\x1bK\xb0*PX@\x1b\x05\x01\x03\x04\x00\
\x04\x03\x00h\x00\x04\x04\x12C\x01\x01\x00\x00\x0eC\x06\
\x01\x02\x02\x0d\x02D\x1b@\x1b\x05\x01\x03\x04\x00\x04\x03\
\x00h\x01\x01\x00\x00\x0eC\x06\x01\x02\x02\x04Q\x00\x04\
\x04\x12\x02DYY@\x10\x01\x01\x0f\x0e\x0d\x0c\x0b\x0a\
\x01\x09\x01\x09\x12\x13\x07\x1c+\x00\x00\xff\xff\x00\x05\x00\
\x00\x02\xb4\x03\xb0\x00\x22\x01\xf4\x05\x00\x02&\x00;\x00\
\x00\x01\x07\x00i\x00o\x00\xd9\x00\x87\xb7\x08\x05\x02\x03\
\x02\x00\x01BK\xb0&PX@\x1b\x09\x06\x08\x03\x04\
\x04\x03Q\x05\x01\x03\x03\x12C\x01\x01\x00\x00\x0cC\x07\
\x01\x02\x02\x0d\x02D\x1bK\xb0*PX@\x19\x05\x01\
\x03\x09\x06\x08\x03\x04\x00\x03\x04Y\x01\x01\x00\x00\x0eC\
\x07\x01\x02\x02\x0d\x02D\x1b@\x19\x07\x01\x02\x00\x02k\
\x05\x01\x03\x09\x06\x08\x03\x04\x00\x03\x04Y\x01\x01\x00\x00\
\x0e\x00DYY@\x1a\x0e\x0e\x0a\x0a\x01\x01\x0e\x11\x0e\
\x11\x10\x0f\x0a\x0d\x0a\x0d\x0c\x0b\x01\x09\x01\x09\x12\x13\x0a\
\x1c+\x00\xff\xff\x00-\x00\x00\x02a\x03\xbd\x00\x22\x01\
\xf4-\x00\x02&\x00<\x00\x00\x01\x07\x00t\x00\xc4\x00\
\xd9\x00\x9f@\x0a\x07\x01\x00\x01\x02\x01\x03\x02\x02BK\
\xb0&PX@$\x07\x01\x05\x04\x01\x04\x05\x01h\x00\
\x04\x04\x12C\x00\x00\x00\x01Q\x00\x01\x01\x0cC\x00\x02\
\x02\x03Q\x06\x01\x03\x03\x0d\x03D\x1bK\xb0*PX\
@$\x07\x01\x05\x04\x01\x04\x05\x01h\x00\x04\x04\x12C\
\x00\x00\x00\x01Q\x00\x01\x01\x0eC\x00\x02\x02\x03Q\x06\
\x01\x03\x03\x0d\x03D\x1b@!\x07\x01\x05\x04\x01\x04\x05\
\x01h\x00\x02\x06\x01\x03\x02\x03U\x00\x04\x04\x12C\x00\
\x00\x00\x01Q\x00\x01\x01\x0e\x00DYY@\x13\x0b\x0b\
\x01\x01\x0b\x0e\x0b\x0e\x0d\x0c\x01\x0a\x01\x0a\x12\x11\x13\x08\
\x1d+\x00\xff\xff\x00-\x00\x00\x02a\x03\xbd\x00\x22\x01\
\xf4-\x00\x02&\x00<\x00\x00\x01\x07\x00t\x00\xc4\x00\
\xd9\x00\x9f@\x0a\x07\x01\x00\x01\x02\x01\x03\x02\x02BK\
\xb0&PX@$\x07\x01\x05\x04\x01\x04\x05\x01h\x00\
\x04\x04\x12C\x00\x00\x00\x01Q\x00\x01\x01\x0cC\x00\x02\
\x02\x03Q\x06\x01\x03\x03\x0d\x03D\x1bK\xb0*PX\
@$\x07\x01\x05\x04\x01\x04\x05\x01h\x00\x04\x04\x12C\
\x00\x00\x00\x01Q\x00\x01\x01\x0eC\x00\x02\x02\x03Q\x06\
\x01\x03\x03\x0d\x03D\x1b@!\x07\x01\x05\x04\x01\x04\x05\
\x01h\x00\x02\x06\x01\x03\x02\x03U\x00\x04\x04\x12C\x00\
\x00\x00\x01Q\x00\x01\x01\x0e\x00DYY@\x13\x0b\x0b\
\x01\x01\x0b\x0e\x0b\x0e\x0d\x0c\x01\x0a\x01\x0a\x12\x11\x13\x08\
\x1d+\x00\xff\xff\x00-\x00\x00\x02a\x03\xb0\x00\x22\x01\
\xf4-\x00\x02&\x00<\x00\x00\x01\x07\x019\x00\xd5\x00\
\xd9\x00\x92@\x0a\x07\x01\x00\x01\x02\x01\x03\x02\x02BK\
\xb0&PX@!\x07\x01\x05\x05\x04Q\x00\x04\x04\x12\
C\x00\x00\x00\x01Q\x00\x01\x01\x0cC\x00\x02\x02\x03Q\
\x06\x01\x03\x03\x0d\x03D\x1bK\xb0*PX@\x1f\x00\
\x04\x07\x01\x05\x01\x04\x05Y\x00\x00\x00\x01Q\x00\x01\x01\
\x0eC\x00\x02\x02\x03Q\x06\x01\x03\x03\x0d\x03D\x1b@\
\x1c\x00\x04\x07\x01\x05\x01\x04\x05Y\x00\x02\x06\x01\x03\x02\
\x03U\x00\x00\x00\x01Q\x00\x01\x01\x0e\x00DYY@\
\x13\x0b\x0b\x01\x01\x0b\x0e\x0b\x0e\x0d\x0c\x01\x0a\x01\x0a\x12\
\x11\x13\x08\x1d+\x00\x00\xff\xff\x00-\x00\x00\x02a\x03\
\xb0\x00\x22\x01\xf4-\x00\x02&\x00<\x00\x00\x01\x07\x01\
9\x00\xd5\x00\xd9\x00\x92@\x0a\x07\x01\x00\x01\x02\x01\x03\
\x02\x02BK\xb0&PX@!\x07\x01\x05\x05\x04Q\
\x00\x04\x04\x12C\x00\x00\x00\x01Q\x00\x01\x01\x0cC\x00\
\x02\x02\x03Q\x06\x01\x03\x03\x0d\x03D\x1bK\xb0*P\
X@\x1f\x00\x04\x07\x01\x05\x01\x04\x05Y\x00\x00\x00\x01\
Q\x00\x01\x01\x0eC\x00\x02\x02\x03Q\x06\x01\x03\x03\x0d\
\x03D\x1b@\x1c\x00\x04\x07\x01\x05\x01\x04\x05Y\x00\x02\
\x06\x01\x03\x02\x03U\x00\x00\x00\x01Q\x00\x01\x01\x0e\x00\
DYY@\x13\x0b\x0b\x01\x01\x0b\x0e\x0b\x0e\x0d\x0c\x01\
\x0a\x01\x0a\x12\x11\x13\x08\x1d+\x00\x00\xff\xff\x00-\x00\
\x00\x02a\x03\xbd\x00\x22\x01\xf4-\x00\x02&\x00<\x00\
\x00\x01\x07\x017\x00k\x00\xd9\x00\xa1@\x0e\x11\x01\x05\
\x04\x07\x01\x00\x01\x02\x01\x03\x02\x03BK\xb0&PX\
@$\x00\x05\x04\x01\x04\x05\x01h\x06\x01\x04\x04\x12C\
\x00\x00\x00\x01Q\x00\x01\x01\x0cC\x00\x02\x02\x03R\x07\
\x01\x03\x03\x0d\x03D\x1bK\xb0*PX@$\x00\x05\
\x04\x01\x04\x05\x01h\x06\x01\x04\x04\x12C\x00\x00\x00\x01\
Q\x00\x01\x01\x0eC\x00\x02\x02\x03R\x07\x01\x03\x03\x0d\
\x03D\x1b@!\x00\x05\x04\x01\x04\x05\x01h\x00\x02\x07\
\x01\x03\x02\x03V\x06\x01\x04\x04\x12C\x00\x00\x00\x01Q\
\x00\x01\x01\x0e\x00DYY@\x11\x01\x01\x10\x0f\x0e\x0d\
\x0c\x0b\x01\x0a\x01\x0a\x12\x11\x13\x08\x1d+\x00\x00\x00\xff\
\xff\x00-\x00\x00\x02a\x03\xbd\x00\x22\x01\xf4-\x00\x02\
&\x00<\x00\x00\x01\x07\x017\x00k\x00\xd9\x00\xa1@\
\x0e\x11\x01\x05\x04\x07\x01\x00\x01\x02\x01\x03\x02\x03BK\
\xb0&PX@$\x00\x05\x04\x01\x04\x05\x01h\x06\x01\
\x04\x04\x12C\x00\x00\x00\x01Q\x00\x01\x01\x0cC\x00\x02\
\x02\x03R\x07\x01\x03\x03\x0d\x03D\x1bK\xb0*PX\
@$\x00\x05\x04\x01\x04\x05\x01h\x06\x01\x04\x04\x12C\
\x00\x00\x00\x01Q\x00\x01\x01\x0eC\x00\x02\x02\x03R\x07\
\x01\x03\x03\x0d\x03D\x1b@!\x00\x05\x04\x01\x04\x05\x01\
h\x00\x02\x07\x01\x03\x02\x03V\x06\x01\x04\x04\x12C\x00\
\x00\x00\x01Q\x00\x01\x01\x0e\x00DYY@\x11\x01\x01\
\x10\x0f\x0e\x0d\x0c\x0b\x01\x0a\x01\x0a\x12\x11\x13\x08\x1d+\
\x00\x00\x00\x00\x01\x00\x1f\xffq\x01\xc6\x02\xca\x00!\x00\
WK\xb0&PX@\x1d\x05\x01\x02\x06\x01\x01\x00\x02\
\x01Y\x00\x00\x08\x01\x07\x00\x07W\x00\x04\x04\x03S\x00\
\x03\x03\x0c\x04D\x1b@\x1d\x05\x01\x02\x06\x01\x01\x00\x02\
\x01Y\x00\x00\x08\x01\x07\x00\x07W\x00\x04\x04\x03S\x00\
\x03\x03\x0e\x04DY@\x0f\x00\x00\x00!\x00 \x11\x15\
!%\x11\x13!\x09\x16+\x1753267\x13#\
537>\x03;\x01\x15#\x22\x0e\x02\x0f\x013\x15\
#\x03\x0e\x03#\x1f#$ \x05>bn\x09\x08\x17\
'>/54\x13\x18\x0d\x06\x02\x07y\x86?\x05\x14\
&;-\x8fV\x1b%\x01\xa5Z1,9!\x0dV\
\x0a\x12\x17\x0c/Z\xfeP&5!\x0f\x00\x00\x00\xff\
\xff\x00\x13\xff\x0e\x02\x89\x02\xde\x00\x22\x01\xf4\x13\x00\x02\
&\x005\x00\x00\x01\x07\x00x\x00\xd9\x00\x00\x00\xc5K\
\xb0&PX@3\x09\x01\x05\x00\x02\x00\x05\x02h\x00\
\x02\x03\x00\x02\x03f\x00\x07\x00\x06\x08\x07\x06Y\x00\x00\
\x00\x04S\x00\x04\x04\x14C\x00\x03\x03\x01S\x00\x01\x01\
\x15C\x0a\x01\x08\x08\x13\x08D\x1bK\xb0*PX@\
1\x09\x01\x05\x00\x02\x00\x05\x02h\x00\x02\x03\x00\x02\x03\
f\x00\x04\x00\x00\x05\x04\x00[\x00\x07\x00\x06\x08\x07\x06\
Y\x00\x03\x03\x01S\x00\x01\x01\x15C\x0a\x01\x08\x08\x13\
\x08D\x1b@/\x09\x01\x05\x00\x02\x00\x05\x02h\x00\x02\
\x03\x00\x02\x03f\x00\x04\x00\x00\x05\x04\x00[\x00\x03\x00\
\x01\x07\x03\x01[\x00\x07\x00\x06\x08\x07\x06Y\x0a\x01\x08\
\x08\x13\x08DYY@\x1bCC\x01\x01CPCP\
KJIH\x01B\x01B><'%! \x1c\x1a\
%\x0b\x1b+\x00\x00\x00\xff\xff\x00\x13\xff\x0e\x02\x89\x02\
\xde\x00\x22\x01\xf4\x13\x00\x02&\x005\x00\x00\x01\x07\x00\
x\x00\xd9\x00\x00\x00\xc5K\xb0&PX@3\x09\x01\
\x05\x00\x02\x00\x05\x02h\x00\x02\x03\x00\x02\x03f\x00\x07\
\x00\x06\x08\x07\x06Y\x00\x00\x00\x04S\x00\x04\x04\x14C\
\x00\x03\x03\x01S\x00\x01\x01\x15C\x0a\x01\x08\x08\x13\x08\
D\x1bK\xb0*PX@1\x09\x01\x05\x00\x02\x00\x05\
\x02h\x00\x02\x03\x00\x02\x03f\x00\x04\x00\x00\x05\x04\x00\
[\x00\x07\x00\x06\x08\x07\x06Y\x00\x03\x03\x01S\x00\x01\
\x01\x15C\x0a\x01\x08\x08\x13\x08D\x1b@/\x09\x01\x05\
\x00\x02\x00\x05\x02h\x00\x02\x03\x00\x02\x03f\x00\x04\x00\
\x00\x05\x04\x00[\x00\x03\x00\x01\x07\x03\x01[\x00\x07\x00\
\x06\x08\x07\x06Y\x0a\x01\x08\x08\x13\x08DYY@\x1b\
CC\x01\x01CPCPKJIH\x01B\x01B\
><'%! \x1c\x1a%\x0b\x1b+\x00\x00\x00\xff\
\xff\x00\x13\xff\x0e\x02[\x02\xca\x00\x22\x01\xf4\x13\x00\x02\
&\x006\x00\x00\x01\x07\x00x\x00\xc1\x00\x00\x00\x8fK\
\xb0&PX@ \x00\x05\x00\x04\x06\x05\x04Y\x02\x01\
\x00\x00\x01Q\x00\x01\x01\x0cC\x07\x01\x03\x03\x0dC\x08\
\x01\x06\x06\x13\x06D\x1bK\xb0*PX@ \x00\x05\
\x00\x04\x06\x05\x04Y\x02\x01\x00\x00\x01Q\x00\x01\x01\x0e\
C\x07\x01\x03\x03\x0dC\x08\x01\x06\x06\x13\x06D\x1b@\
#\x07\x01\x03\x00\x05\x00\x03\x05h\x00\x05\x00\x04\x06\x05\
\x04Y\x02\x01\x00\x00\x01Q\x00\x01\x01\x0eC\x08\x01\x06\
\x06\x13\x06DYY@\x15\x09\x09\x01\x01\x09\x16\x09\x16\
\x11\x10\x0f\x0e\x01\x08\x01\x08\x11\x11\x12\x09\x1d+\x00\xff\
\xff\x00\x13\xff\x0e\x02[\x02\xca\x00\x22\x01\xf4\x13\x00\x02\
&\x006\x00\x00\x01\x07\x00x\x00\xc1\x00\x00\x00\x8fK\
\xb0&PX@ \x00\x05\x00\x04\x06\x05\x04Y\x02\x01\
\x00\x00\x01Q\x00\x01\x01\x0cC\x07\x01\x03\x03\x0dC\x08\
\x01\x06\x06\x13\x06D\x1bK\xb0*PX@ \x00\x05\
\x00\x04\x06\x05\x04Y\x02\x01\x00\x00\x01Q\x00\x01\x01\x0e\
C\x07\x01\x03\x03\x0dC\x08\x01\x06\x06\x13\x06D\x1b@\
#\x07\x01\x03\x00\x05\x00\x03\x05h\x00\x05\x00\x04\x06\x05\
\x04Y\x02\x01\x00\x00\x01Q\x00\x01\x01\x0eC\x08\x01\x06\
\x06\x13\x06DYY@\x15\x09\x09\x01\x01\x09\x16\x09\x16\
\x11\x10\x0f\x0e\x01\x08\x01\x08\x11\x11\x12\x09\x1d+\x00\x00\
\x01\x00;\x024\x01\x91\x02\xe4\x00\x06\x00\x18@\x15\x06\
\x01\x00\x01\x01B\x00\x01\x00\x01j\x02\x01\x00\x00a\x11\
\x11\x10\x03\x12+\x13#73\x17#'\x96[\x86J\
\x86[P\x024\xb0\xb0q\x00\x00\x00\x00\x01\x00;\x02\
4\x01\x91\x02\xe4\x00\x06\x00\x18@\x15\x06\x01\x01\x00\x01\
B\x02\x01\x00\x01\x00j\x00\x01\x01a\x11\x11\x10\x03\x12\
+\x013\x07#'3\x17\x016[\x86J\x86[P\
\x02\xe4\xb0\xb0r\x00\x00\x00\x01\x00;\x024\x01\xb5\x02\
\xe4\x00\x11\x00(@%\x03\x01\x01\x02\x01j\x00\x02\x00\
\x00\x02O\x00\x02\x02\x00S\x04\x01\x00\x02\x00G\x01\x00\
\x0f\x0e\x0a\x08\x04\x03\x00\x11\x01\x11\x05\x0f+\x13\x22&\
'3\x1e\x0332>\x0273\x0e\x01\xf7Rb\x08\
H\x04\x0f\x1b)\x1d\x1e)\x1b\x10\x05G\x08a\x024\
_Q\x18.\x22\x15\x15\x22.\x18Q_\x00\x00\x00\x00\
\x01\x00;\x02O\x00\xbd\x02\xd7\x00\x03\x004K\xb0&\
PX@\x0c\x02\x01\x01\x01\x00Q\x00\x00\x00\x0c\x01D\
\x1b@\x11\x00\x00\x01\x01\x00M\x00\x00\x00\x01Q\x02\x01\
\x01\x00\x01EY@\x09\x00\x00\x00\x03\x00\x03\x11\x03\x10\
+\x1353\x15;\x82\x02O\x88\x88\x00\x02\x00;\x02\
4\x00\xf4\x02\xe4\x00\x0d\x00\x19\x00=K\xb0&PX\
@\x12\x00\x03\x00\x00\x03\x00W\x00\x02\x02\x01S\x00\x01\
\x01\x14\x02D\x1b@\x18\x00\x01\x00\x02\x03\x01\x02[\x00\
\x03\x00\x00\x03O\x00\x03\x03\x00S\x00\x00\x03\x00GY\
\xb5$$&\x22\x04\x13+\x13\x14\x06#\x22.\x025\
4632\x16\x074&#\x22\x06\x15\x14\x1632\
6\xf45(\x13\x22\x19\x0e7&)30\x18\x14\x15\
\x18\x17\x16\x16\x16\x02\x8b'0\x0e\x18!\x12&11\
&\x17\x19\x19\x16\x16\x1b\x1a\x00\x00\x00\x00\x01\x00\x1d\xff\
\x0e\x00\xfb\x00\x00\x00\x11\x00=K\xb0\x09PX@\x12\
\x00\x01\x02\x02\x01^\x00\x02\x02\x00T\x03\x01\x00\x00\x13\
\x00D\x1b@\x11\x00\x01\x02\x01j\x00\x02\x02\x00T\x03\
\x01\x00\x00\x13\x00DY@\x0c\x01\x00\x10\x0e\x07\x06\x00\
\x11\x01\x11\x04\x0f+\x17\x22&54673\x0e\x03\
\x15\x14\x16;\x01\x15\xb2LISFE*5 \x0c\
!-=\xf2<6<>\x06\x06\x11\x15\x1b\x11\x1c!\
]\x00\x00\x00\x01\x00:\x02Y\x01\x84\x02\xd2\x00\x1d\x00\
EK\xb0&PX@\x15\x00\x01\x06\x05\x02\x03\x01\x03\
W\x00\x04\x04\x00S\x02\x01\x00\x00\x0c\x04D\x1b@\x15\
\x00\x01\x06\x05\x02\x03\x01\x03W\x00\x04\x04\x00S\x02\x01\
\x00\x00\x0e\x04DY@\x0d\x00\x00\x00\x1d\x00\x1d#$\
\x12#$\x07\x14+\x134>\x0232\x1e\x0232\
673\x14\x0e\x02#\x22.\x02#\x22\x0e\x02\x07:\
\x11\x1a\x1e\x0e\x16(&'\x15\x10 \x04\x1f\x10\x19\x1f\
\x0e\x15&'(\x16\x07\x10\x0f\x0b\x01\x02Y'0\x19\
\x08\x10\x12\x10\x18\x1b'/\x1a\x08\x10\x12\x10\x06\x0c\x13\
\x0e\x00\x00\x00\x02\x00;\x02O\x01\x92\x02\xe4\x00\x03\x00\
\x07\x00!@\x1e\x02\x01\x00\x01\x00j\x05\x03\x04\x03\x01\
\x01a\x04\x04\x00\x00\x04\x07\x04\x07\x06\x05\x00\x03\x00\x03\
\x11\x06\x10+\x1373\x07373\x07;MSX\
oJVY\x02O\x95\x95\x95\x95\x00\x00\x02\x00\x0b\x00\
\x00\x02\xea\x02\xca\x00\x03\x00\x06\x00O\xb5\x06\x01\x02\x00\
\x01BK\xb0&PX@\x10\x00\x00\x00\x0cC\x00\x02\
\x02\x01R\x00\x01\x01\x0d\x01D\x1bK\xb0*PX@\
\x10\x00\x00\x00\x0eC\x00\x02\x02\x01R\x00\x01\x01\x0d\x01\
D\x1b@\x0d\x00\x02\x00\x01\x02\x01V\x00\x00\x00\x0e\x00\
DYY\xb4\x11\x11\x10\x03\x12+\x013\x01!7!\
\x03\x01\x5cO\x01?\xfd!\xc6\x01M\xa5\x02\xca\xfd6\
~\x01\x83\x00\x01\x001\x00\x00\x02\x93\x02\xde\x00/\x00\
v\xb6\x15\x01\x02\x01\x02\x01BK\xb0&PX@\x18\
\x00\x00\x00\x03S\x00\x03\x03\x14C\x04\x01\x02\x02\x01Q\
\x06\x05\x02\x01\x01\x0d\x01D\x1bK\xb0*PX@\x16\
\x00\x03\x00\x00\x02\x03\x00[\x04\x01\x02\x02\x01Q\x06\x05\
\x02\x01\x01\x0d\x01D\x1b@\x1c\x00\x03\x00\x00\x02\x03\x00\
[\x04\x01\x02\x01\x01\x02M\x04\x01\x02\x02\x01Q\x06\x05\
\x02\x01\x02\x01EYY@\x0d\x00\x00\x00/\x00/\x19\
)\x11\x1a*\x07\x14+!5>\x0354.\x02#\
\x22\x0e\x02\x15\x14\x1e\x02\x17\x15#53.\x0354\
>\x0232\x1e\x02\x15\x14\x0e\x02\x073\x15\x01\x9e\x1d\
'\x18\x0a\x0c$?33?#\x0d\x0a\x18&\x1d\xe7\
\x80#5#\x12\x18Dv_^wC\x19\x12#5\
#\x80p\x135F[:,N:\x22\x1c6P4\
2XK;\x13p~\x1a;J]<?lO.\
.Ol?<]J;\x1a~\x00\x00\x01\x002\xff\
+\x02$\x01\xf1\x00\x17\x00\x88@\x0b\x0b\x01\x01\x00\x16\
\x10\x02\x03\x01\x02BK\xb0\x13PX@\x1e\x06\x01\x05\
\x00\x05I\x02\x01\x00\x00\x03S\x04\x01\x03\x03\x0dC\x00\
\x01\x01\x03S\x04\x01\x03\x03\x0d\x03D\x1bK\xb0*P\
X@\x1c\x06\x01\x05\x00\x05I\x02\x01\x00\x00\x03Q\x00\
\x03\x03\x0dC\x00\x01\x01\x04S\x00\x04\x04\x15\x04D\x1b\
@\x1d\x02\x01\x00\x00\x03\x04\x00\x03Y\x00\x01\x00\x04\x05\
\x01\x04[\x02\x01\x00\x00\x05Q\x06\x01\x05\x00\x05EY\
Y@\x0d\x00\x00\x00\x17\x00\x17#\x11\x15#\x11\x07\x14\
+\x17\x113\x11\x14\x1632>\x027\x113\x11#\
5\x0e\x01#\x22&'\x152|>8\x1d, \x15\
\x06||\x14K8\x220\x11\xd5\x02\xc6\xfe\xd49:\
\x12\x1e'\x15\x013\xfe\x0fA\x1e0\x16\x13\xf1\x00\x00\
\x01\x002\xff\xef\x02v\x01\xf1\x00\x19\x00\x9aK\xb0\x0e\
PX@\x0a\x0b\x01\x01\x03\x0c\x01\x02\x01\x02B\x1b@\
\x0a\x0b\x01\x01\x03\x0c\x01\x04\x01\x02BYK\xb0\x0eP\
X@\x18\x00\x01\x03\x02\x03\x01\x02h\x00\x00\x00\x03\x01\
\x00\x03Y\x05\x04\x02\x02\x02\x15\x02D\x1bK\xb0*P\
X@\x1c\x00\x01\x03\x04\x03\x01\x04h\x00\x00\x00\x03\x01\
\x00\x03Y\x05\x01\x04\x04\x0dC\x00\x02\x02\x15\x02D\x1b\
@$\x00\x01\x03\x04\x03\x01\x04h\x05\x01\x04\x02\x03\x04\
\x02f\x00\x02\x02i\x00\x00\x03\x03\x00M\x00\x00\x00\x03\
Q\x00\x03\x00\x03EYY@\x0c\x00\x00\x00\x19\x00\x19\
\x15'%\x11\x06\x13+3\x11!\x11\x14\x1e\x0232\
67\x15\x0e\x03#\x22.\x025\x11#\x112\x01\x9b\
\x0e\x15\x1b\x0d\x147\x13\x07\x1e$'\x10\x1b:1\x1f\
\xa3\x01\xf1\xfe\xa1\x0f\x15\x0c\x06\x06\x0cO\x0f\x12\x0b\x04\
\x0f\x1f2$\x01#\xfej\x00\x00\x00\xff\xff\x00<\x00\
\x00\x02n\x03\xbd\x00\x22\x01\xf4<\x00\x02&\x00'\x00\
\x00\x01\x07\x00B\x00i\x00\xd9\x00\xadK\xb0&PX\
@,\x09\x01\x07\x06\x00\x06\x07\x00h\x00\x02\x00\x03\x04\
\x02\x03Y\x00\x06\x06\x12C\x00\x01\x01\x00Q\x00\x00\x00\
\x0cC\x00\x04\x04\x05Q\x08\x01\x05\x05\x0d\x05D\x1bK\
\xb0*PX@,\x09\x01\x07\x06\x00\x06\x07\x00h\x00\
\x02\x00\x03\x04\x02\x03Y\x00\x06\x06\x12C\x00\x01\x01\x00\
Q\x00\x00\x00\x0eC\x00\x04\x04\x05Q\x08\x01\x05\x05\x0d\
\x05D\x1b@)\x09\x01\x07\x06\x00\x06\x07\x00h\x00\x02\
\x00\x03\x04\x02\x03Y\x00\x04\x08\x01\x05\x04\x05U\x00\x06\
\x06\x12C\x00\x01\x01\x00Q\x00\x00\x00\x0e\x01DYY\
@\x15\x0d\x0d\x01\x01\x0d\x10\x0d\x10\x0f\x0e\x01\x0c\x01\x0c\
\x11\x11\x11\x11\x12\x0a\x1f+\x00\x00\x00\xff\xff\x00<\x00\
\x00\x02n\x03\xb0\x00\x22\x01\xf4<\x00\x02&\x00'\x00\
\x00\x01\x07\x00i\x00a\x00\xd9\x00\xb1K\xb0&PX\
@,\x00\x02\x00\x03\x04\x02\x03Y\x0c\x09\x0b\x03\x07\x07\
\x06Q\x08\x01\x06\x06\x12C\x00\x01\x01\x00Q\x00\x00\x00\
\x0cC\x00\x04\x04\x05Q\x0a\x01\x05\x05\x0d\x05D\x1bK\
\xb0*PX@*\x08\x01\x06\x0c\x09\x0b\x03\x07\x00\x06\
\x07Y\x00\x02\x00\x03\x04\x02\x03Y\x00\x01\x01\x00Q\x00\
\x00\x00\x0eC\x00\x04\x04\x05Q\x0a\x01\x05\x05\x0d\x05D\
\x1b@'\x08\x01\x06\x0c\x09\x0b\x03\x07\x00\x06\x07Y\x00\
\x02\x00\x03\x04\x02\x03Y\x00\x04\x0a\x01\x05\x04\x05U\x00\
\x01\x01\x00Q\x00\x00\x00\x0e\x01DYY@\x1d\x11\x11\
\x0d\x0d\x01\x01\x11\x14\x11\x14\x13\x12\x0d\x10\x0d\x10\x0f\x0e\
\x01\x0c\x01\x0c\x11\x11\x11\x11\x12\x0d\x1f+\x00\x00\x00\x00\
\x01\x00\x13\xff\xee\x02\xfd\x02\xca\x00'\x00\xe5K\xb0\x0d\
PX@\x0f\x07\x01\x06\x03&\x18\x02\x05\x06\x17\x01\x04\
\x05\x03B\x1b@\x10\x07\x01\x06\x03&\x18\x02\x05\x06\x02\
B\x17\x01\x07\x01AYK\xb0\x0dPX@ \x00\x03\
\x00\x06\x05\x03\x06[\x02\x01\x00\x00\x01Q\x00\x01\x01\x0c\
C\x00\x05\x05\x04S\x08\x07\x02\x04\x04\x15\x04D\x1bK\
\xb0&PX@$\x00\x03\x00\x06\x05\x03\x06[\x02\x01\
\x00\x00\x01Q\x00\x01\x01\x0cC\x08\x01\x07\x07\x0dC\x00\
\x05\x05\x04S\x00\x04\x04\x15\x04D\x1bK\xb0*PX\
@$\x00\x03\x00\x06\x05\x03\x06[\x02\x01\x00\x00\x01Q\
\x00\x01\x01\x0eC\x08\x01\x07\x07\x0dC\x00\x05\x05\x04S\
\x00\x04\x04\x15\x04D\x1b@$\x08\x01\x07\x05\x04\x05\x07\
\x04h\x00\x03\x00\x06\x05\x03\x06[\x00\x05\x00\x04\x05\x04\
W\x02\x01\x00\x00\x01Q\x00\x01\x01\x0e\x00DYYY\
@\x0f\x00\x00\x00'\x00'&%(#\x11\x11\x11\x09\
\x16+3\x11#5!\x15#\x15>\x0132\x1e\x02\
\x15\x14\x0e\x02#\x22&'5\x1e\x0132>\x025\
4&#\x22\x06\x07\x11\xf1\xde\x02H\xde\x1cI35\
V<! >\x5c<\x1a'\x17\x14*\x1e\x1a,\x1f\
\x12C69B\x11\x02L~~\xaa!&\x22@[\
9;`D&\x09\x09y\x11\x14\x11'@.CH\
)\x22\xfe\xc6\x00\x00\x00\xff\xff\x00<\x00\x00\x02~\x03\
\xbd\x00\x22\x01\xf4<\x00\x02&\x01U\x00\x00\x01\x07\x00\
t\x00\xbd\x00\xd9\x00\x86K\xb0&PX@\x1f\x06\x01\
\x04\x03\x02\x03\x04\x02h\x00\x03\x03\x12C\x00\x00\x00\x02\
Q\x05\x01\x02\x02\x0cC\x00\x01\x01\x0d\x01D\x1bK\xb0\
*PX@\x1f\x06\x01\x04\x03\x02\x03\x04\x02h\x00\x03\
\x03\x12C\x00\x00\x00\x02Q\x05\x01\x02\x02\x0eC\x00\x01\
\x01\x0d\x01D\x1b@\x1f\x06\x01\x04\x03\x02\x03\x04\x02h\
\x00\x01\x00\x01k\x00\x03\x03\x12C\x00\x00\x00\x02Q\x05\
\x01\x02\x02\x0e\x00DYY@\x12\x07\x07\x01\x01\x07\x0a\
\x07\x0a\x09\x08\x01\x06\x01\x06\x11\x12\x07\x1c+\x00\x00\x00\
\x01\x00\x1f\xff\xee\x02\xf5\x02\xde\x00,\x00\xb1K\xb0&\
PX@.\x00\x04\x05\x06\x05\x04\x06h\x00\x01\x07\x00\
\x07\x01\x00h\x00\x06\x08\x01\x07\x01\x06\x07Y\x00\x05\x05\
\x03S\x00\x03\x03\x14C\x00\x00\x00\x02S\x00\x02\x02\x15\
\x02D\x1bK\xb0*PX@,\x00\x04\x05\x06\x05\x04\
\x06h\x00\x01\x07\x00\x07\x01\x00h\x00\x03\x00\x05\x04\x03\
\x05[\x00\x06\x08\x01\x07\x01\x06\x07Y\x00\x00\x00\x02S\
\x00\x02\x02\x15\x02D\x1b@1\x00\x04\x05\x06\x05\x04\x06\
h\x00\x01\x07\x00\x07\x01\x00h\x00\x03\x00\x05\x04\x03\x05\
[\x00\x06\x08\x01\x07\x01\x06\x07Y\x00\x00\x02\x02\x00O\
\x00\x00\x00\x02S\x00\x02\x00\x02GYY@\x0f\x00\x00\
\x00,\x00,\x14$\x14($\x14$\x09\x16+\x13\x1e\
\x0332>\x0273\x0e\x03#\x22.\x0254>\
\x0232\x1e\x02\x17#.\x03#\x22\x0e\x02\x07!\x15\
\xaf\x07&:N/#D:-\x0b\x85\x0cB^t\
>T\x89b56b\x89SAv_A\x0b\x8a\x0b\
*9D%-M;(\x08\x01|\x017-K5\
\x1e\x17+=&?jN,;g\x8cQL\x86d\
;'KlE(=*\x15\x1b2F*k\x00\xff\
\xff\x00\x13\xff\xee\x02\x89\x02\xde\x00\x22\x01\xf4\x13\x00\x03\
\x06\x005\x00\x00\x00\x98K\xb0&PX@%\x06\x01\
\x05\x00\x02\x00\x05\x02h\x00\x02\x03\x00\x02\x03f\x00\x00\
\x00\x04S\x00\x04\x04\x14C\x00\x03\x03\x01S\x00\x01\x01\
\x15\x01D\x1bK\xb0*PX@#\x06\x01\x05\x00\x02\
\x00\x05\x02h\x00\x02\x03\x00\x02\x03f\x00\x04\x00\x00\x05\
\x04\x00[\x00\x03\x03\x01S\x00\x01\x01\x15\x01D\x1b@\
(\x06\x01\x05\x00\x02\x00\x05\x02h\x00\x02\x03\x00\x02\x03\
f\x00\x04\x00\x00\x05\x04\x00[\x00\x03\x01\x01\x03O\x00\
\x03\x03\x01S\x00\x01\x03\x01GYY@\x11\x01\x01\x01\
B\x01B><'%! \x1c\x1a%\x07\x1b+\xff\
\xff\x00@\x00\x00\x00\xcd\x02\xca\x00\x22\x01\xf4@\x00\x03\
\x06\x00+\x00\x00\x00DK\xb0&PX@\x0c\x00\x00\
\x00\x0cC\x02\x01\x01\x01\x0d\x01D\x1bK\xb0*PX\
@\x0c\x00\x00\x00\x0eC\x02\x01\x01\x01\x0d\x01D\x1b@\
\x0c\x02\x01\x01\x01\x00Q\x00\x00\x00\x0e\x01DYY@\
\x09\x01\x01\x01\x04\x01\x04\x12\x03\x1b+\xff\xff\xff\xcb\x00\
\x00\x01D\x03\xb0\x00\x22\x01\xf4\x00\x00\x02&\x00+\x00\
\x00\x01\x07\x00i\xff\x90\x00\xd9\x00zK\xb0&PX\
@\x1a\x08\x05\x07\x03\x03\x03\x02Q\x04\x01\x02\x02\x12C\
\x00\x00\x00\x0cC\x06\x01\x01\x01\x0d\x01D\x1bK\xb0*\
PX@\x18\x04\x01\x02\x08\x05\x07\x03\x03\x00\x02\x03Y\
\x00\x00\x00\x0eC\x06\x01\x01\x01\x0d\x01D\x1b@\x18\x04\
\x01\x02\x08\x05\x07\x03\x03\x00\x02\x03Y\x06\x01\x01\x01\x00\
Q\x00\x00\x00\x0e\x01DYY@\x19\x09\x09\x05\x05\x01\
\x01\x09\x0c\x09\x0c\x0b\x0a\x05\x08\x05\x08\x07\x06\x01\x04\x01\
\x04\x12\x09\x1b+\x00\x00\xff\xff\x00\x0c\xff\xee\x01\xbb\x02\
\xca\x00\x22\x01\xf4\x0c\x00\x03\x06\x00,\x00\x00\x00_@\
\x0a\x05\x01\x01\x02\x04\x01\x00\x01\x02BK\xb0&PX\
@\x11\x00\x02\x02\x0cC\x00\x01\x01\x00S\x03\x01\x00\x00\
\x15\x00D\x1bK\xb0*PX@\x11\x00\x02\x02\x0eC\
\x00\x01\x01\x00S\x03\x01\x00\x00\x15\x00D\x1b@\x0e\x00\
\x01\x03\x01\x00\x01\x00W\x00\x02\x02\x0e\x02DYY@\
\x0c\x02\x01\x0d\x0c\x09\x07\x01\x12\x02\x12\x04\x1a+\x00\x00\
\x02\x00\x0b\xff\xee\x04\xe3\x02\xca\x00'\x000\x018K\
\xb0\x0dPX@\x0a\x04\x01\x01\x07\x03\x01\x00\x01\x02B\
\x1bK\xb0\x0ePX@\x0a\x04\x01\x01\x07\x03\x01\x04\x01\
\x02B\x1b@\x0a\x04\x01\x06\x07\x03\x01\x04\x01\x02BY\
YK\xb0\x0dPX@!\x00\x03\x00\x07\x01\x03\x07[\
\x00\x05\x05\x02Q\x00\x02\x02\x0cC\x09\x06\x02\x01\x01\x00\
S\x04\x08\x02\x00\x00\x15\x00D\x1bK\xb0\x0ePX@\
,\x00\x03\x00\x07\x01\x03\x07[\x00\x05\x05\x02Q\x00\x02\
\x02\x0cC\x09\x06\x02\x01\x01\x04S\x00\x04\x04\x0dC\x09\
\x06\x02\x01\x01\x00S\x08\x01\x00\x00\x15\x00D\x1bK\xb0\
&PX@)\x00\x03\x00\x07\x06\x03\x07[\x00\x05\x05\
\x02Q\x00\x02\x02\x0cC\x09\x01\x06\x06\x04S\x00\x04\x04\
\x0dC\x00\x01\x01\x00S\x08\x01\x00\x00\x15\x00D\x1bK\
\xb0*PX@)\x00\x03\x00\x07\x06\x03\x07[\x00\x05\
\x05\x02Q\x00\x02\x02\x0eC\x09\x01\x06\x06\x04S\x00\x04\
\x04\x0dC\x00\x01\x01\x00S\x08\x01\x00\x00\x15\x00D\x1b\
@$\x00\x03\x00\x07\x06\x03\x07[\x09\x01\x06\x00\x04\x00\
\x06\x04[\x00\x01\x08\x01\x00\x01\x00W\x00\x05\x05\x02Q\
\x00\x02\x02\x0e\x05DYYYY@\x1a)(\x01\x00\
/-(0)0\x1f\x1e\x1d\x1b\x13\x11\x10\x0f\x08\x06\
\x00'\x01'\x0a\x0f+\x17\x22&'7\x1e\x0132\
7>\x035\x11!\x15!2\x1e\x02\x15\x14\x0e\x02#\
!\x11#\x15\x14\x0e\x02\x07\x0e\x01%2654&\
+\x01\x15\x86'A\x13!\x17\x1a\x177\x1c\x08\x0b\x07\
\x03\x02\x12\x01\x07.T?%\x1a7U;\xfeg\xfa\
\x05\x0c\x14\x0f\x16[\x03 57;.\xf9\x12\x14\x12\
f\x0b\x08(\x0c\x1a.H:\x01e\xf0!;S2\
,YG-\x02T\xe1?ZB3\x19$:\x8aE\
91<\xeb\x00\x00\x00\x00\x02\x00<\x00\x00\x04\x81\x02\
\xca\x00\x16\x00\x1f\x00\xbeK\xb0\x22PX@\x1e\x05\x01\
\x03\x08\x01\x00\x07\x03\x00[\x04\x01\x02\x02\x0cC\x0a\x01\
\x07\x07\x01T\x09\x06\x02\x01\x01\x0d\x01D\x1bK\xb0&\
PX@#\x00\x08\x00\x03\x08O\x05\x01\x03\x00\x00\x07\
\x03\x00Y\x04\x01\x02\x02\x0cC\x0a\x01\x07\x07\x01T\x09\
\x06\x02\x01\x01\x0d\x01D\x1bK\xb0*PX@#\x00\
\x08\x00\x03\x08O\x05\x01\x03\x00\x00\x07\x03\x00Y\x04\x01\
\x02\x02\x0eC\x0a\x01\x07\x07\x01T\x09\x06\x02\x01\x01\x0d\
\x01D\x1b@$\x00\x08\x00\x03\x08O\x05\x01\x03\x00\x00\
\x07\x03\x00Y\x0a\x01\x07\x01\x01\x07O\x09\x06\x02\x01\x01\
\x02Q\x04\x01\x02\x02\x0e\x02DYYY@\x16\x18\x17\
\x00\x00\x1e\x1c\x17\x1f\x18\x1f\x00\x16\x00\x15!\x11\x11\x11\
\x11\x11\x0b\x15+!\x11!\x11#\x113\x11!\x113\
\x11!2\x1e\x02\x15\x14\x0e\x02#'2654&\
+\x01\x15\x02\x0a\xfe\xbf\x8d\x8d\x01A\x8a\x01\x07.T\
?%\x1a7U;\x1857;.\xf9\x014\xfe\xcc\
\x02\xca\xfe\xe8\x01\x18\xfe\xe8\x1b4L2,S@&\
x191(\xc3\x00\x00\x01\x00\x13\x00\x00\x02\xe2\x02\
\xca\x00\x16\x00\x82@\x0a\x07\x01\x05\x03\x15\x01\x04\x05\x02\
BK\xb0&PX@\x1b\x00\x03\x00\x05\x04\x03\x05[\
\x02\x01\x00\x00\x01Q\x00\x01\x01\x0cC\x07\x06\x02\x04\x04\
\x0d\x04D\x1bK\xb0*PX@\x1b\x00\x03\x00\x05\x04\
\x03\x05[\x02\x01\x00\x00\x01Q\x00\x01\x01\x0eC\x07\x06\
\x02\x04\x04\x0d\x04D\x1b@\x1b\x07\x06\x02\x04\x05\x04k\
\x00\x03\x00\x05\x04\x03\x05[\x02\x01\x00\x00\x01Q\x00\x01\
\x01\x0e\x00DYY@\x0e\x00\x00\x00\x16\x00\x16#\x12\
#\x11\x11\x11\x08\x15+3\x11#5!\x15#\x15>\
\x0132\x15\x11#\x114&#\x22\x06\x07\x11\xf1\xde\
\x02H\xde\x1cM6\xc6\x8c6*->\x0e\x02L~\
~\xab#%\xd7\xfe\xee\x01#220(\xfe\xd1\xff\
\xff\x00<\x00\x00\x02\xdc\x03\xbd\x00\x22\x01\xf4<\x00\x02\
&\x01\x5c\x00\x00\x01\x07\x00t\x00\xd3\x00\xd9\x00\x87\xb7\
\x0a\x07\x02\x03\x00\x01\x01BK\xb0&PX@\x1c\x07\
\x01\x05\x04\x01\x04\x05\x01h\x00\x04\x04\x12C\x02\x01\x01\
\x01\x0cC\x06\x03\x02\x00\x00\x0d\x00D\x1bK\xb0*P\
X@\x1c\x07\x01\x05\x04\x01\x04\x05\x01h\x00\x04\x04\x12\
C\x02\x01\x01\x01\x0eC\x06\x03\x02\x00\x00\x0d\x00D\x1b\
@\x1c\x07\x01\x05\x04\x01\x04\x05\x01h\x00\x04\x04\x12C\
\x06\x03\x02\x00\x00\x01Q\x02\x01\x01\x01\x0e\x00DYY\
@\x13\x0c\x0c\x01\x01\x0c\x0f\x0c\x0f\x0e\x0d\x01\x0b\x01\x0b\
\x12\x11\x13\x08\x1d+\x00\xff\xff\x00<\x00\x00\x02\x95\x03\
\xbd\x00\x22\x01\xf4<\x00\x02&\x01Z\x00\x00\x01\x07\x00\
B\x00\x8f\x00\xd9\x00\x86\xb6\x07\x02\x02\x00\x01\x01BK\
\xb0&PX@\x1c\x07\x01\x05\x04\x01\x04\x05\x01h\x00\
\x04\x04\x12C\x02\x01\x01\x01\x0cC\x06\x03\x02\x00\x00\x0d\
\x00D\x1bK\xb0*PX@\x1c\x07\x01\x05\x04\x01\x04\
\x05\x01h\x00\x04\x04\x12C\x02\x01\x01\x01\x0eC\x06\x03\
\x02\x00\x00\x0d\x00D\x1b@\x1c\x07\x01\x05\x04\x01\x04\x05\
\x01h\x00\x04\x04\x12C\x06\x03\x02\x00\x00\x01Q\x02\x01\
\x01\x01\x0e\x00DYY@\x13\x0b\x0b\x01\x01\x0b\x0e\x0b\
\x0e\x0d\x0c\x01\x0a\x01\x0a\x12\x11\x13\x08\x1d+\x00\x00\xff\
\xff\x00\x05\x00\x00\x02\xa7\x03\xbd\x00\x22\x01\xf4\x05\x00\x02\
&\x01e\x00\x00\x01\x07\x018\x00`\x00\xd9\x00\x89\xb6\
\x07\x02\x02\x01\x00\x01BK\xb0&PX@\x1c\x00\x05\
\x08\x01\x03\x00\x05\x03[\x06\x01\x04\x04\x12C\x07\x02\x02\
\x00\x00\x0cC\x00\x01\x01\x0d\x01D\x1bK\xb0*PX\
@\x1c\x00\x05\x08\x01\x03\x00\x05\x03[\x06\x01\x04\x04\x12\
C\x07\x02\x02\x00\x00\x0eC\x00\x01\x01\x0d\x01D\x1b@\
\x1c\x00\x05\x08\x01\x03\x00\x05\x03[\x06\x01\x04\x04\x12C\
\x00\x01\x01\x00Q\x07\x02\x02\x00\x00\x0e\x01DYY@\
\x16\x0a\x09\x01\x01\x18\x17\x13\x11\x0d\x0c\x09\x1a\x0a\x1a\x01\
\x08\x01\x08\x11\x13\x09\x1c+\x00\x00\x00\x00\x01\x00<\xff\
V\x02\x95\x02\xca\x00\x0b\x00jK\xb0&PX@\x18\
\x06\x01\x05\x00\x05k\x03\x01\x01\x01\x0cC\x00\x02\x02\x00\
R\x04\x01\x00\x00\x0d\x00D\x1bK\xb0*PX@\x18\
\x06\x01\x05\x00\x05k\x03\x01\x01\x01\x0eC\x00\x02\x02\x00\
R\x04\x01\x00\x00\x0d\x00D\x1b@\x16\x06\x01\x05\x00\x05\
k\x00\x02\x04\x01\x00\x05\x02\x00Z\x03\x01\x01\x01\x0e\x01\
DYY@\x0d\x00\x00\x00\x0b\x00\x0b\x11\x11\x11\x11\x11\
\x07\x14+\x055#\x113\x11!\x113\x11#\x15\x01\
.\xf2\x8d\x01A\x8b\xec\xaa\xaa\x02\xca\xfd\xac\x02T\xfd\
6\xaa\x00\xff\xff\x00\x05\x00\x00\x02\xe4\x02\xca\x00\x22\x01\
\xf4\x05\x00\x03\x06\x00#\x00\x00\x00`\xb5\x0b\x01\x04\x02\
\x01BK\xb0&PX@\x14\x00\x04\x00\x00\x01\x04\x00\
Z\x00\x02\x02\x0cC\x03\x01\x01\x01\x0d\x01D\x1bK\xb0\
*PX@\x14\x00\x04\x00\x00\x01\x04\x00Z\x00\x02\x02\
\x0eC\x03\x01\x01\x01\x0d\x01D\x1b@\x14\x03\x01\x01\x00\
\x01k\x00\x04\x00\x00\x01\x04\x00Z\x00\x02\x02\x0e\x02D\
YY\xb6\x11\x11\x11\x11\x11\x05\x1f+\x00\x02\x00<\x00\
\x00\x02\xb4\x02\xca\x00\x10\x00\x19\x00\x84K\xb0&PX\
@\x1f\x00\x01\x00\x05\x04\x01\x05[\x00\x00\x00\x03Q\x06\
\x01\x03\x03\x0cC\x07\x01\x04\x04\x02S\x00\x02\x02\x0d\x02\
D\x1bK\xb0*PX@\x1f\x00\x01\x00\x05\x04\x01\x05\
[\x00\x00\x00\x03Q\x06\x01\x03\x03\x0eC\x07\x01\x04\x04\
\x02S\x00\x02\x02\x0d\x02D\x1b@\x1c\x00\x01\x00\x05\x04\
\x01\x05[\x07\x01\x04\x00\x02\x04\x02W\x00\x00\x00\x03Q\
\x06\x01\x03\x03\x0e\x00DYY@\x13\x12\x11\x00\x00\x18\
\x16\x11\x19\x12\x19\x00\x10\x00\x10(!\x11\x08\x12+\x01\
\x15#\x15!2\x1e\x02\x15\x14\x0e\x02#!\x11\x012\
654&+\x01\x15\x01\xbe\xf7\x01\x07.T?%\
\x1a7U;\xfei\x01\x7f57;.\xf7\x02\xca~\
r!;S2,YG-\x02\xca\xfd\xaeE91\
<\xeb\x00\xff\xff\x00<\x00\x00\x02\xb8\x02\xca\x00\x22\x01\
\xf4<\x00\x03\x06\x00$\x00\x00\x00\x94\xb5\x0b\x01\x03\x04\
\x01BK\xb0&PX@ \x08\x01\x04\x07\x01\x03\x02\
\x04\x03[\x00\x05\x05\x00S\x00\x00\x00\x0cC\x00\x02\x02\
\x01S\x06\x01\x01\x01\x0d\x01D\x1bK\xb0*PX@\
 \x08\x01\x04\x07\x01\x03\x02\x04\x03[\x00\x05\x05\x00S\
\x00\x00\x00\x0eC\x00\x02\x02\x01S\x06\x01\x01\x01\x0d\x01\
D\x1b@\x1d\x08\x01\x04\x07\x01\x03\x02\x04\x03[\x00\x02\
\x06\x01\x01\x02\x01W\x00\x05\x05\x00S\x00\x00\x00\x0e\x05\
DYY@\x19$#\x16\x16\x01\x01*(#+$\
+\x16\x22\x16!\x19\x17\x01\x15\x01\x14\x22\x09\x1b+\x00\
\x01\x00<\x00\x00\x02~\x02\xca\x00\x05\x00TK\xb0&\
PX@\x11\x00\x00\x00\x02Q\x03\x01\x02\x02\x0cC\x00\
\x01\x01\x0d\x01D\x1bK\xb0*PX@\x11\x00\x00\x00\
\x02Q\x03\x01\x02\x02\x0eC\x00\x01\x01\x0d\x01D\x1b@\
\x11\x00\x01\x00\x01k\x00\x00\x00\x02Q\x03\x01\x02\x02\x0e\
\x00DYY@\x0a\x00\x00\x00\x05\x00\x05\x11\x11\x04\x11\
+\x01\x15!\x11#\x11\x02~\xfeK\x8d\x02\xca~\xfd\
\xb4\x02\xca\x00\x02\x00\x13\xffV\x03m\x02\xca\x00\x13\x00\
\x1c\x00\x80K\xb0&PX@\x1e\x08\x05\x02\x03\x00\x03\
I\x00\x07\x07\x01Q\x00\x01\x01\x0cC\x06\x02\x02\x00\x00\
\x04Q\x00\x04\x04\x0d\x04D\x1bK\xb0*PX@\x1e\
\x08\x05\x02\x03\x00\x03I\x00\x07\x07\x01Q\x00\x01\x01\x0e\
C\x06\x02\x02\x00\x00\x04Q\x00\x04\x04\x0d\x04D\x1b@\
\x1c\x00\x04\x03\x00\x04M\x06\x02\x02\x00\x08\x05\x02\x03\x00\
\x03U\x00\x07\x07\x01Q\x00\x01\x01\x0e\x07DYY@\
\x11\x00\x00\x1c\x1b\x1a\x19\x00\x13\x00\x13\x11\x11\x11\x19\x11\
\x09\x14+\x17\x113>\x017>\x035\x11!\x113\
\x11#5!\x15\x13\x14\x0e\x02\x07!\x11#\x13s\x14\
\x1f\x0a\x08\x0b\x07\x03\x02\x12{{\xfd\x9d\xdc\x06\x0c\x14\
\x0e\x01.\xfa\xaa\x01\x0d\x06\x18\x0e\x0c\x1a.H:\x01\
e\xfd\x99\xfe\xf3\xaa\xaa\x02\x1d9R?0\x16\x01\xf1\
\x00\x00\x00\xff\xff\x00<\x00\x00\x02n\x02\xca\x00\x22\x01\
\xf4<\x00\x03\x06\x00'\x00\x00\x00{K\xb0&PX\
@\x1e\x00\x02\x00\x03\x04\x02\x03Y\x00\x01\x01\x00Q\x00\
\x00\x00\x0cC\x00\x04\x04\x05Q\x06\x01\x05\x05\x0d\x05D\
\x1bK\xb0*PX@\x1e\x00\x02\x00\x03\x04\x02\x03Y\
\x00\x01\x01\x00Q\x00\x00\x00\x0eC\x00\x04\x04\x05Q\x06\
\x01\x05\x05\x0d\x05D\x1b@\x1b\x00\x02\x00\x03\x04\x02\x03\
Y\x00\x04\x06\x01\x05\x04\x05U\x00\x01\x01\x00Q\x00\x00\
\x00\x0e\x01DYY@\x0d\x01\x01\x01\x0c\x01\x0c\x11\x11\
\x11\x11\x12\x07\x1f+\x00\x00\x01\xff\xff\x00\x00\x04\xb2\x02\
\xca\x00\x11\x00a@\x0b\x10\x0d\x0a\x07\x04\x01\x06\x00\x02\
\x01BK\xb0&PX@\x10\x04\x03\x02\x02\x02\x0cC\
\x06\x05\x01\x03\x00\x00\x0d\x00D\x1bK\xb0*PX@\
\x10\x04\x03\x02\x02\x02\x0eC\x06\x05\x01\x03\x00\x00\x0d\x00\
D\x1b@\x10\x06\x05\x01\x03\x00\x00\x02Q\x04\x03\x02\x02\
\x02\x0e\x00DYY@\x0d\x00\x00\x00\x11\x00\x11\x12\x12\
\x12\x12\x12\x07\x14+!\x01\x11#\x11\x01#\x09\x013\
\x01\x113\x11\x013\x09\x01\x03\xd1\xfe\xce\x8d\xfe\xce\xc5\
\x01Q\xfe\x93\xc1\x01R\x8d\x01R\xc1\xfe\x93\x01Q\x01\
_\xfe\xa1\x01_\xfe\xa1\x01x\x01R\xfe\xb5\x01K\xfe\
\xb5\x01K\xfe\xae\xfe\x88\x00\x01\x00\x1a\xff\xee\x02\x86\x02\
\xde\x00@\x00\xbb\xb5\x1f\x01\x07\x00\x01BK\xb0&P\
X@.\x00\x02\x01\x00\x01\x02\x00h\x00\x05\x07\x06\x07\
\x05\x06h\x00\x00\x08\x01\x07\x05\x00\x07[\x00\x01\x01\x03\
S\x00\x03\x03\x14C\x00\x06\x06\x04S\x00\x04\x04\x15\x04\
D\x1bK\xb0*PX@,\x00\x02\x01\x00\x01\x02\x00\
h\x00\x05\x07\x06\x07\x05\x06h\x00\x03\x00\x01\x02\x03\x01\
[\x00\x00\x08\x01\x07\x05\x00\x07[\x00\x06\x06\x04S\x00\
\x04\x04\x15\x04D\x1b@1\x00\x02\x01\x00\x01\x02\x00h\
\x00\x05\x07\x06\x07\x05\x06h\x00\x03\x00\x01\x02\x03\x01[\
\x00\x00\x08\x01\x07\x05\x00\x07[\x00\x06\x04\x04\x06O\x00\
\x06\x06\x04S\x00\x04\x06\x04GYY@\x12\x00\x00\x00\
@\x00?970/(&$\x14&!\x09\x13+\
\x01532>\x0254&#\x22\x15\x14\x16\x17#\
&54632\x1e\x02\x15\x14\x0e\x02\x07\x1e\x01\x15\
\x14\x0e\x02#\x22.\x0254673\x0e\x01\x15\x14\
\x1e\x0232654.\x02#\x01\x09V\x229*\
\x17UO\xac\x01\x01p\x03\x98\x8d<iP.\x0e\x1b\
*\x1c:9.Pm?BuX3\x02\x02s\x01\
\x01\x13.K8Q\x5c\x15$1\x1c\x01CV\x0c\x18\
&\x1a<1\x88\x08\x08\x02\x10\x17mz\x1b6P5\
#3$\x18\x09\x0eT;2S<!\x1d<]A\
\x0c\x19\x0e\x02\x09\x0d#:*\x17<@\x15%\x1b\x10\
\x00\x00\x00\x00\x01\x00<\x00\x00\x02\x95\x02\xca\x00\x09\x00\
T\xb6\x06\x01\x02\x00\x01\x01BK\xb0&PX@\x0e\
\x02\x01\x01\x01\x0cC\x04\x03\x02\x00\x00\x0d\x00D\x1bK\
\xb0*PX@\x0e\x02\x01\x01\x01\x0eC\x04\x03\x02\x00\
\x00\x0d\x00D\x1b@\x0e\x04\x03\x02\x00\x00\x01Q\x02\x01\
\x01\x01\x0e\x00DYY@\x0b\x00\x00\x00\x09\x00\x09\x12\
\x11\x12\x05\x12+!\x11\x01#\x113\x11\x013\x11\x02\
\x0a\xfe\xbf\x8d\x8d\x01A\x8b\x02\x10\xfd\xf0\x02\xca\xfd\xea\
\x02\x16\xfd6\x00\x00\x00\xff\xff\x00<\x00\x00\x02\x95\x03\
\xbd\x00\x22\x01\xf4<\x00\x02&\x01Z\x00\x00\x01\x07\x01\
8\x00v\x00\xd9\x00\x8d\xb6\x07\x02\x02\x00\x01\x01BK\
\xb0&PX@\x1d\x00\x06\x09\x01\x04\x01\x06\x04[\x07\
\x01\x05\x05\x12C\x02\x01\x01\x01\x0cC\x08\x03\x02\x00\x00\
\x0d\x00D\x1bK\xb0*PX@\x1d\x00\x06\x09\x01\x04\
\x01\x06\x04[\x07\x01\x05\x05\x12C\x02\x01\x01\x01\x0eC\
\x08\x03\x02\x00\x00\x0d\x00D\x1b@\x1d\x00\x06\x09\x01\x04\
\x01\x06\x04[\x07\x01\x05\x05\x12C\x08\x03\x02\x00\x00\x01\
Q\x02\x01\x01\x01\x0e\x00DYY@\x17\x0c\x0b\x01\x01\
\x1a\x19\x15\x13\x0f\x0e\x0b\x1c\x0c\x1c\x01\x0a\x01\x0a\x12\x11\
\x13\x0a\x1d+\x00\x00\x00\x00\x01\x00<\x00\x00\x02\xdc\x02\
\xca\x00\x0a\x00U\xb7\x09\x06\x01\x03\x00\x01\x01BK\xb0\
&PX@\x0e\x02\x01\x01\x01\x0cC\x04\x03\x02\x00\x00\
\x0d\x00D\x1bK\xb0*PX@\x0e\x02\x01\x01\x01\x0e\
C\x04\x03\x02\x00\x00\x0d\x00D\x1b@\x0e\x04\x03\x02\x00\
\x00\x01Q\x02\x01\x01\x01\x0e\x00DYY@\x0b\x00\x00\
\x00\x0a\x00\x0a\x12\x11\x12\x05\x12+!\x01\x11#\x113\
\x11\x013\x09\x01\x01\xfb\xfe\xce\x8d\x8d\x01R\xc1\xfe\x93\
\x01Q\x01_\xfe\xa1\x02\xca\xfe\xb5\x01K\xfe\xae\xfe\x88\
\x00\x00\x00\x00\x01\x00\x0b\xff\xee\x02\xf6\x02\xca\x00\x1c\x00\
\xb7K\xb0\x0dPX@\x0a\x04\x01\x01\x04\x03\x01\x00\x01\
\x02B\x1b@\x0a\x04\x01\x01\x04\x03\x01\x03\x01\x02BY\
K\xb0\x0dPX@\x17\x00\x04\x04\x02Q\x00\x02\x02\x0c\
C\x00\x01\x01\x00S\x03\x05\x02\x00\x00\x15\x00D\x1bK\
\xb0&PX@\x1b\x00\x04\x04\x02Q\x00\x02\x02\x0cC\
\x00\x03\x03\x0dC\x00\x01\x01\x00S\x05\x01\x00\x00\x15\x00\
D\x1bK\xb0*PX@\x1b\x00\x04\x04\x02Q\x00\x02\
\x02\x0eC\x00\x03\x03\x0dC\x00\x01\x01\x00S\x05\x01\x00\
\x00\x15\x00D\x1b@\x1b\x00\x03\x01\x00\x01\x03\x00h\x00\
\x01\x05\x01\x00\x01\x00W\x00\x04\x04\x02Q\x00\x02\x02\x0e\
\x04DYYY@\x10\x01\x00\x14\x13\x12\x11\x10\x0f\x08\
\x06\x00\x1c\x01\x1c\x06\x0f+\x17\x22&'7\x1e\x013\
27>\x035\x11!\x11#\x11#\x15\x14\x0e\x02\x07\
\x0e\x01\x86'A\x13!\x17\x1a\x177\x1c\x08\x0b\x07\x03\
\x02\x12\x8d\xfa\x05\x0c\x14\x0f\x16[\x12\x14\x12f\x0b\x08\
(\x0c\x1a.H:\x01e\xfd6\x02T\xe1?ZB\
3\x19$:\x00\x00\x00\xff\xff\x009\x00\x00\x03*\x02\
\xca\x00\x22\x01\xf49\x00\x03\x06\x00/\x00\x00\x00Y\xb7\
\x0a\x05\x02\x03\x00\x02\x01BK\xb0&PX@\x0f\x03\
\x01\x02\x02\x0cC\x05\x04\x01\x03\x00\x00\x0d\x00D\x1bK\
\xb0*PX@\x0f\x03\x01\x02\x02\x0eC\x05\x04\x01\x03\
\x00\x00\x0d\x00D\x1b@\x0f\x05\x04\x01\x03\x00\x00\x02Q\
\x03\x01\x02\x02\x0e\x00DYY@\x0c\x01\x01\x01\x0d\x01\
\x0d\x12\x11\x12\x13\x06\x1e+\x00\x00\x00\xff\xff\x00<\x00\
\x00\x02\x95\x02\xca\x00\x22\x01\xf4<\x00\x03\x06\x00*\x00\
\x00\x00fK\xb0&PX@\x16\x00\x03\x00\x00\x01\x03\
\x00Y\x04\x01\x02\x02\x0cC\x06\x05\x02\x01\x01\x0d\x01D\
\x1bK\xb0*PX@\x16\x00\x03\x00\x00\x01\x03\x00Y\
\x04\x01\x02\x02\x0eC\x06\x05\x02\x01\x01\x0d\x01D\x1b@\
\x16\x00\x03\x00\x00\x01\x03\x00Y\x06\x05\x02\x01\x01\x02Q\
\x04\x01\x02\x02\x0e\x01DYY@\x0d\x01\x01\x01\x0c\x01\
\x0c\x11\x11\x11\x11\x12\x07\x1f+\x00\x00\xff\xff\x00\x1f\xff\
\xee\x02\xf8\x02\xde\x00\x22\x01\xf4\x1f\x00\x03\x06\x001\x00\
\x00\x00pK\xb0&PX@\x17\x00\x03\x03\x01S\x00\
\x01\x01\x14C\x05\x01\x02\x02\x00S\x04\x01\x00\x00\x15\x00\
D\x1bK\xb0*PX@\x15\x00\x01\x00\x03\x02\x01\x03\
[\x05\x01\x02\x02\x00S\x04\x01\x00\x00\x15\x00D\x1b@\
\x1b\x00\x01\x00\x03\x02\x01\x03[\x05\x01\x02\x00\x00\x02O\
\x05\x01\x02\x02\x00S\x04\x01\x00\x02\x00GYY@\x12\
\x16\x15\x02\x01 \x1e\x15(\x16(\x0c\x0a\x01\x14\x02\x14\
\x06\x1a+\x00\x01\x00<\x00\x00\x02\x95\x02\xca\x00\x07\x00\
XK\xb0&PX@\x12\x00\x00\x00\x02Q\x00\x02\x02\
\x0cC\x04\x03\x02\x01\x01\x0d\x01D\x1bK\xb0*PX\
@\x12\x00\x00\x00\x02Q\x00\x02\x02\x0eC\x04\x03\x02\x01\
\x01\x0d\x01D\x1b@\x12\x04\x03\x02\x01\x00\x01k\x00\x00\
\x00\x02Q\x00\x02\x02\x0e\x00DYY@\x0b\x00\x00\x00\
\x07\x00\x07\x11\x11\x11\x05\x12+!\x11!\x11#\x11!\
\x11\x02\x0a\xfe\xbf\x8d\x02Y\x02T\xfd\xac\x02\xca\xfd6\
\x00\x00\x00\xff\xff\x00<\x00\x00\x02\xb8\x02\xca\x00\x22\x01\
\xf4<\x00\x03\x06\x002\x00\x00\x00wK\xb0&PX\
@\x1a\x00\x03\x00\x01\x02\x03\x01[\x06\x01\x04\x04\x00S\
\x00\x00\x00\x0cC\x05\x01\x02\x02\x0d\x02D\x1bK\xb0*\
PX@\x1a\x00\x03\x00\x01\x02\x03\x01[\x06\x01\x04\x04\
\x00S\x00\x00\x00\x0eC\x05\x01\x02\x02\x0d\x02D\x1b@\
\x1a\x05\x01\x02\x01\x02k\x00\x03\x00\x01\x02\x03\x01[\x06\
\x01\x04\x04\x00S\x00\x00\x00\x0e\x04DYY@\x12\x10\
\x10\x01\x01\x10\x18\x10\x17\x13\x11\x01\x0f\x01\x0f(\x22\x07\
\x1c+\x00\xff\xff\x00\x1f\xff\xee\x02\xf9\x02\xde\x00\x22\x01\
\xf4\x1f\x00\x03\x06\x00%\x00\x00\x00\x99K\xb0&PX\
@%\x00\x01\x02\x04\x02\x01\x04h\x00\x04\x03\x02\x04\x03\
f\x00\x02\x02\x00S\x06\x01\x00\x00\x14C\x00\x03\x03\x05\
S\x00\x05\x05\x15\x05D\x1bK\xb0*PX@#\x00\
\x01\x02\x04\x02\x01\x04h\x00\x04\x03\x02\x04\x03f\x06\x01\
\x00\x00\x02\x01\x00\x02[\x00\x03\x03\x05S\x00\x05\x05\x15\
\x05D\x1b@(\x00\x01\x02\x04\x02\x01\x04h\x00\x04\x03\
\x02\x04\x03f\x06\x01\x00\x00\x02\x01\x00\x02[\x00\x03\x05\
\x05\x03O\x00\x03\x03\x05S\x00\x05\x03\x05GYY@\
\x12\x02\x01\x22 \x1c\x1b\x17\x15\x0d\x0b\x07\x06\x01*\x02\
*\x07\x1a+\x00\x00\x00\xff\xff\x00\x13\x00\x00\x02[\x02\
\xca\x00\x22\x01\xf4\x13\x00\x03\x06\x006\x00\x00\x00XK\
\xb0&PX@\x12\x02\x01\x00\x00\x01Q\x00\x01\x01\x0c\
C\x04\x01\x03\x03\x0d\x03D\x1bK\xb0*PX@\x12\
\x02\x01\x00\x00\x01Q\x00\x01\x01\x0eC\x04\x01\x03\x03\x0d\
\x03D\x1b@\x12\x04\x01\x03\x00\x03k\x02\x01\x00\x00\x01\
Q\x00\x01\x01\x0e\x00DYY@\x0b\x01\x01\x01\x08\x01\
\x08\x11\x11\x12\x05\x1d+\x00\x01\x00\x05\x00\x00\x02\xa7\x02\
\xca\x00\x07\x00P\xb6\x06\x01\x02\x01\x00\x01BK\xb0&\
PX@\x0d\x03\x02\x02\x00\x00\x0cC\x00\x01\x01\x0d\x01\
D\x1bK\xb0*PX@\x0d\x03\x02\x02\x00\x00\x0eC\
\x00\x01\x01\x0d\x01D\x1b@\x0d\x00\x01\x01\x00Q\x03\x02\
\x02\x00\x00\x0e\x01DYY@\x0a\x00\x00\x00\x07\x00\x07\
\x11\x12\x04\x11+\x1b\x023\x01#\x13\x01\xac\xab\xb8\x98\
\xfe\x08\x98\xf2\xfe\xfc\x02\xca\xfe\xfb\x01\x05\xfd6\x01W\
\x01s\x00\x00\x03\x00\x1f\x00\x00\x03>\x02\xca\x00\x19\x00\
&\x003\x00\x92K\xb0&PX@!\x03\x01\x01\x08\
\x01\x07\x06\x01\x07[\x0b\x09\x0a\x03\x06\x04\x01\x00\x05\x06\
\x00[\x00\x02\x02\x0cC\x00\x05\x05\x0d\x05D\x1bK\xb0\
*PX@!\x03\x01\x01\x08\x01\x07\x06\x01\x07[\x0b\
\x09\x0a\x03\x06\x04\x01\x00\x05\x06\x00[\x00\x02\x02\x0eC\
\x00\x05\x05\x0d\x05D\x1b@!\x03\x01\x01\x08\x01\x07\x06\
\x01\x07[\x0b\x09\x0a\x03\x06\x04\x01\x00\x05\x06\x00[\x00\
\x05\x05\x02Q\x00\x02\x02\x0e\x05DYY@\x18''\
\x1b\x1a'3'2*(%#\x1a&\x1b&\x11&\
!\x11& \x0c\x15+%#\x22.\x02546;\
\x0153\x1532\x16\x15\x14\x0e\x02+\x01\x15#7\
2>\x0254.\x02+\x01\x11#\x11#\x22\x0e\x02\
\x15\x14\x1e\x023\x01m*DlL(\x96\x8f)\x8d\
\x1f\x8f\x96(LlD \x8d\x96\x22?0\x1d\x1b.\
A%\x08\x8d\x12&@.\x1b\x1d0?\x22P%F\
gA\x85\x92PP\x92\x85AgF%P\xbf\x0f$\
=/3B'\x10\xfe\xb5\x01K\x10'B3/=\
$\x0f\x00\xff\xff\x00\x08\x00\x00\x02\xb2\x02\xca\x00\x22\x01\
\xf4\x08\x00\x03\x06\x00:\x00\x00\x00W@\x09\x0b\x08\x05\
\x02\x04\x00\x01\x01BK\xb0&PX@\x0e\x02\x01\x01\
\x01\x0cC\x04\x03\x02\x00\x00\x0d\x00D\x1bK\xb0*P\
X@\x0e\x02\x01\x01\x01\x0eC\x04\x03\x02\x00\x00\x0d\x00\
D\x1b@\x0e\x04\x03\x02\x00\x00\x01Q\x02\x01\x01\x01\x0e\
\x00DYY@\x0b\x01\x01\x01\x0c\x01\x0c\x12\x12\x13\x05\
\x1d+\x00\x00\x01\x00<\xffV\x03\x10\x02\xca\x00\x0b\x00\
\x8eK\xb0\x0dPX@\x18\x00\x04\x01\x04J\x02\x01\x00\
\x00\x0cC\x03\x01\x01\x01\x05R\x06\x01\x05\x05\x0d\x05D\
\x1bK\xb0&PX@\x19\x00\x03\x00\x04\x03\x04U\x02\
\x01\x00\x00\x0cC\x00\x01\x01\x05R\x06\x01\x05\x05\x0d\x05\
D\x1bK\xb0*PX@\x19\x00\x03\x00\x04\x03\x04U\
\x02\x01\x00\x00\x0eC\x00\x01\x01\x05R\x06\x01\x05\x05\x0d\
\x05D\x1b@\x17\x00\x01\x06\x01\x05\x04\x01\x05Z\x00\x03\
\x00\x04\x03\x04U\x02\x01\x00\x00\x0e\x00DYYY@\
\x0d\x00\x00\x00\x0b\x00\x0b\x11\x11\x11\x11\x11\x07\x14+3\
\x113\x11!\x113\x113\x11#5<\x8d\x01A\x8b\
{{\x02\xca\xfd\xac\x02T\xfd\x99\xfe\xf3\xaa\x00\x00\x00\
\x01\x00:\x00\x00\x02c\x02\xca\x00\x13\x00n@\x0a\x12\
\x01\x03\x02\x03\x01\x01\x03\x02BK\xb0&PX@\x15\
\x00\x03\x00\x01\x00\x03\x01\x5c\x05\x04\x02\x02\x02\x0cC\x00\
\x00\x00\x0d\x00D\x1bK\xb0*PX@\x15\x00\x03\x00\
\x01\x00\x03\x01\x5c\x05\x04\x02\x02\x02\x0eC\x00\x00\x00\x0d\
\x00D\x1b@\x15\x00\x03\x00\x01\x00\x03\x01\x5c\x00\x00\x00\
\x02Q\x05\x04\x02\x02\x02\x0e\x00DYY@\x0c\x00\x00\
\x00\x13\x00\x13#\x13#\x11\x06\x13+\x01\x11#\x11\x0e\
\x01#\x22&5\x113\x11\x14\x163267\x11\x02\
c\x8c\x1cX?pz\x8cH<6I\x0e\x02\xca\xfd\
6\x01\x0f#%gp\x01,\xfe\xc3220(\x01\
I\x00\x00\x00\x01\x00<\x00\x00\x03K\x02\xca\x00\x0b\x00\
]K\xb0&PX@\x14\x06\x05\x03\x03\x01\x01\x0cC\
\x04\x01\x02\x02\x00R\x00\x00\x00\x0d\x00D\x1bK\xb0*\
PX@\x14\x06\x05\x03\x03\x01\x01\x0eC\x04\x01\x02\x02\
\x00R\x00\x00\x00\x0d\x00D\x1b@\x11\x04\x01\x02\x00\x00\
\x02\x00V\x06\x05\x03\x03\x01\x01\x0e\x01DYY@\x0d\
\x00\x00\x00\x0b\x00\x0b\x11\x11\x11\x11\x11\x07\x14+\x01\x11\
!\x113\x113\x113\x113\x11\x03K\xfc\xf1\x8a\xbe\
\x81\xbe\x02\xca\xfd6\x02\xca\xfd\xac\x02T\xfd\xac\x02T\
\x00\x00\x00\x00\x01\x00<\xffV\x03\xc6\x02\xca\x00\x0f\x00\
\x98K\xb0\x0dPX@\x1a\x00\x06\x01\x06J\x04\x02\x02\
\x00\x00\x0cC\x05\x03\x02\x01\x01\x07R\x08\x01\x07\x07\x0d\
\x07D\x1bK\xb0&PX@\x1b\x00\x05\x00\x06\x05\x06\
U\x04\x02\x02\x00\x00\x0cC\x03\x01\x01\x01\x07R\x08\x01\
\x07\x07\x0d\x07D\x1bK\xb0*PX@\x1b\x00\x05\x00\
\x06\x05\x06U\x04\x02\x02\x00\x00\x0eC\x03\x01\x01\x01\x07\
R\x08\x01\x07\x07\x0d\x07D\x1b@\x19\x03\x01\x01\x08\x01\
\x07\x06\x01\x07Z\x00\x05\x00\x06\x05\x06U\x04\x02\x02\x00\
\x00\x0e\x00DYYY@\x0f\x00\x00\x00\x0f\x00\x0f\x11\
\x11\x11\x11\x11\x11\x11\x09\x16+3\x113\x113\x113\
\x113\x113\x113\x11#5<\x8a\xbe\x81\xbe\x88{\
{\x02\xca\xfd\xac\x02T\xfd\xac\x02T\xfd\x99\xfe\xf3\xaa\
\x00\x00\x00\x00\x02\x00\x13\x00\x00\x03m\x02\xca\x00\x10\x00\
\x19\x00\x84K\xb0&PX@\x1f\x00\x02\x00\x05\x04\x02\
\x05[\x00\x00\x00\x01Q\x00\x01\x01\x0cC\x07\x01\x04\x04\
\x03S\x06\x01\x03\x03\x0d\x03D\x1bK\xb0*PX@\
\x1f\x00\x02\x00\x05\x04\x02\x05[\x00\x00\x00\x01Q\x00\x01\
\x01\x0eC\x07\x01\x04\x04\x03S\x06\x01\x03\x03\x0d\x03D\
\x1b@\x1c\x00\x02\x00\x05\x04\x02\x05[\x07\x01\x04\x06\x01\
\x03\x04\x03W\x00\x00\x00\x01Q\x00\x01\x01\x0e\x00DY\
Y@\x13\x12\x11\x00\x00\x18\x16\x11\x19\x12\x19\x00\x10\x00\
\x0f!\x11\x11\x08\x12+3\x11#5!\x15!2\x1e\
\x02\x15\x14\x0e\x02#'2654&+\x01\x15\xf1\
\xde\x01m\x01\x07.T?%\x1a7U;\x1857\
;.\xf9\x02L~\xf0!;S2,YG-x\
E91<\xeb\x00\x00\xff\xff\x00<\x00\x00\x03\x9e\x02\
\xca\x00\x22\x01\xf4<\x00\x00&\x01n\x00\x00\x01\x07\x00\
+\x02\xd1\x00\x00\x00\x8bK\xb0&PX@\x1d\x00\x02\
\x00\x01\x00\x02\x01[\x05\x08\x02\x04\x04\x0cC\x07\x01\x00\
\x00\x03T\x09\x06\x02\x03\x03\x0d\x03D\x1bK\xb0*P\
X@\x1d\x00\x02\x00\x01\x00\x02\x01[\x05\x08\x02\x04\x04\
\x0eC\x07\x01\x00\x00\x03T\x09\x06\x02\x03\x03\x0d\x03D\
\x1b@\x1e\x00\x02\x00\x01\x00\x02\x01[\x07\x01\x00\x03\x03\
\x00O\x09\x06\x02\x03\x03\x04Q\x05\x08\x02\x04\x04\x0e\x04\
DYY@\x1c\x19\x19\x0a\x0a\x02\x01\x19\x1c\x19\x1c\x1b\
\x1a\x0a\x18\x0a\x18\x17\x15\x0d\x0b\x08\x06\x01\x09\x02\x09\x0a\
\x1a+\x00\x00\x02\x00<\x00\x00\x02\xb8\x02\xca\x00\x08\x00\
\x17\x00vK\xb0&PX@\x1a\x00\x02\x00\x01\x00\x02\
\x01[\x06\x01\x04\x04\x0cC\x05\x01\x00\x00\x03T\x00\x03\
\x03\x0d\x03D\x1bK\xb0*PX@\x1a\x00\x02\x00\x01\
\x00\x02\x01[\x06\x01\x04\x04\x0eC\x05\x01\x00\x00\x03T\
\x00\x03\x03\x0d\x03D\x1b@\x17\x00\x02\x00\x01\x00\x02\x01\
[\x05\x01\x00\x00\x03\x00\x03X\x06\x01\x04\x04\x0e\x04D\
YY@\x14\x09\x09\x01\x00\x09\x17\x09\x17\x16\x14\x0c\x0a\
\x07\x05\x00\x08\x01\x08\x07\x0f+%2654&+\
\x01\x15\x13\x15!2\x1e\x02\x15\x14\x0e\x02#!\x11\x01\
\xbf57;.\xf9\x02\x01\x07.T?%\x1a7U\
;\xfeexE91<\xeb\x02R\xf0!;S2\
,YG-\x02\xca\x00\x00\x01\x00\x1f\xff\xee\x02\xf5\x02\
\xde\x00,\x00\xb1K\xb0&PX@.\x00\x02\x01\x00\
\x01\x02\x00h\x00\x05\x07\x06\x07\x05\x06h\x00\x00\x08\x01\
\x07\x05\x00\x07Y\x00\x01\x01\x03S\x00\x03\x03\x14C\x00\
\x06\x06\x04S\x00\x04\x04\x15\x04D\x1bK\xb0*PX\
@,\x00\x02\x01\x00\x01\x02\x00h\x00\x05\x07\x06\x07\x05\
\x06h\x00\x03\x00\x01\x02\x03\x01[\x00\x00\x08\x01\x07\x05\
\x00\x07Y\x00\x06\x06\x04S\x00\x04\x04\x15\x04D\x1b@\
1\x00\x02\x01\x00\x01\x02\x00h\x00\x05\x07\x06\x07\x05\x06\
h\x00\x03\x00\x01\x02\x03\x01[\x00\x00\x08\x01\x07\x05\x00\
\x07Y\x00\x06\x04\x04\x06O\x00\x06\x06\x04S\x00\x04\x06\
\x04GYY@\x0f\x00\x00\x00,\x00,$\x14($\
\x14$\x11\x09\x16+\x135!.\x03#\x22\x0e\x02\x07\
#>\x0332\x1e\x02\x15\x14\x0e\x02#\x22.\x02'\
3\x1e\x0332>\x027\xe9\x01|\x08(;M-\
%D9+\x0a\x8a\x0bA_vAS\x89b65\
b\x89T>t_A\x0c\x85\x0b-:D#/N\
:&\x07\x017k*F2\x1b\x15*=(El\
K';d\x86LQ\x8cg;,Nj?&=\
+\x17\x1e5K-\x00\x00\x02\x00@\xff\xee\x04\x06\x02\
\xde\x00\x1a\x00.\x00\xf8K\xb0\x0cPX@!\x00\x01\
\x00\x04\x06\x01\x04Y\x00\x07\x07\x00S\x02\x01\x00\x00\x0c\
C\x09\x01\x06\x06\x03S\x08\x05\x02\x03\x03\x15\x03D\x1b\
K\xb0\x0dPX@%\x00\x01\x00\x04\x06\x01\x04Y\x00\
\x00\x00\x0cC\x00\x07\x07\x02S\x00\x02\x02\x14C\x09\x01\
\x06\x06\x03S\x08\x05\x02\x03\x03\x15\x03D\x1bK\xb0&\
PX@)\x00\x01\x00\x04\x06\x01\x04Y\x00\x00\x00\x0c\
C\x00\x07\x07\x02S\x00\x02\x02\x14C\x08\x01\x05\x05\x0d\
C\x09\x01\x06\x06\x03S\x00\x03\x03\x15\x03D\x1bK\xb0\
*PX@'\x00\x02\x00\x07\x01\x02\x07[\x00\x01\x00\
\x04\x06\x01\x04Y\x00\x00\x00\x0eC\x08\x01\x05\x05\x0dC\
\x09\x01\x06\x06\x03S\x00\x03\x03\x15\x03D\x1b@$\x00\
\x02\x00\x07\x01\x02\x07[\x00\x01\x00\x04\x06\x01\x04Y\x09\
\x01\x06\x00\x03\x06\x03W\x08\x01\x05\x05\x00Q\x00\x00\x00\
\x0e\x05DYYYY@\x15\x1c\x1b\x00\x00&$\x1b\
.\x1c.\x00\x1a\x00\x1a\x14($\x11\x11\x0a\x14+3\
\x113\x113>\x0332\x1e\x02\x15\x14\x0e\x02#\x22\
.\x02'#\x11%2>\x0254.\x02#\x22\x0e\
\x02\x15\x14\x1e\x02@\x8dc\x09@c~FO\x83_\
57a\x85MK~^<\x09c\x01\xce0R<\
\x22 ;T41Q;  :S\x02\xca\xfe\xd8\
HuR-5`\x88SQ\x8dg;0VyJ\
\xfe\xc9l'CZ37]C%&B[46\
\x5cD&\x00\x02\x00\x13\x00\x00\x02\xa7\x02\xca\x00\x1d\x00\
(\x00\x88@\x0b\x08\x01\x02\x05\x1a\x03\x02\x01\x02\x02B\
K\xb0&PX@\x1b\x00\x05\x00\x02\x01\x05\x02[\x07\
\x01\x04\x04\x00S\x00\x00\x00\x0cC\x06\x03\x02\x01\x01\x0d\
\x01D\x1bK\xb0*PX@\x1b\x00\x05\x00\x02\x01\x05\
\x02[\x07\x01\x04\x04\x00S\x00\x00\x00\x0eC\x06\x03\x02\
\x01\x01\x0d\x01D\x1b@\x1b\x06\x03\x02\x01\x02\x01k\x00\
\x05\x00\x02\x01\x05\x02[\x07\x01\x04\x04\x00S\x00\x00\x00\
\x0e\x04DYY@\x13\x1f\x1e\x00\x00'%\x1e(\x1f\
(\x00\x1d\x00\x1d!\x11/\x08\x12+3>\x017>\
\x037.\x0154>\x023!\x11#\x11#\x22\x0e\
\x02\x07\x0e\x01\x07\x13\x22\x0e\x02\x15\x14\x163!5\x13\
\x13\x07\x02\x03\x0d\x1c/'?H/K`2\x01q\
\x8d\xe6(-\x17\x07\x02\x03\x0c\x0b\x88\x18+ \x136\
-\x01\x00\x166\x1d$G<0\x0e\x10\x5c@AR\
-\x10\xfd6\x01\x1b\x226B!*'\x0f\x02W\x0a\
\x19)\x1e03\xcd\x00\xff\xff\x00\x05\x00\x00\x02\xe4\x02\
\xca\x00\x22\x01\xf4\x05\x00\x03\x06\x00#\x00\x00\x00`\xb5\
\x0b\x01\x04\x02\x01BK\xb0&PX@\x14\x00\x04\x00\
\x00\x01\x04\x00Z\x00\x02\x02\x0cC\x03\x01\x01\x01\x0d\x01\
D\x1bK\xb0*PX@\x14\x00\x04\x00\x00\x01\x04\x00\
Z\x00\x02\x02\x0eC\x03\x01\x01\x01\x0d\x01D\x1b@\x14\
\x03\x01\x01\x00\x01k\x00\x04\x00\x00\x01\x04\x00Z\x00\x02\
\x02\x0e\x02DYY\xb6\x11\x11\x11\x11\x11\x05\x1f+\xff\
\xff\x00<\x00\x00\x02\xb4\x02\xca\x00\x22\x01\xf4<\x00\x03\
\x06\x01S\x00\x00\x00\x84K\xb0&PX@\x1f\x00\x01\
\x00\x05\x04\x01\x05[\x00\x00\x00\x03Q\x06\x01\x03\x03\x0c\
C\x07\x01\x04\x04\x02S\x00\x02\x02\x0d\x02D\x1bK\xb0\
*PX@\x1f\x00\x01\x00\x05\x04\x01\x05[\x00\x00\x00\
\x03Q\x06\x01\x03\x03\x0eC\x07\x01\x04\x04\x02S\x00\x02\
\x02\x0d\x02D\x1b@\x1c\x00\x01\x00\x05\x04\x01\x05[\x07\
\x01\x04\x00\x02\x04\x02W\x00\x00\x00\x03Q\x06\x01\x03\x03\
\x0e\x00DYY@\x13\x13\x12\x01\x01\x19\x17\x12\x1a\x13\
\x1a\x01\x11\x01\x11(!\x12\x08\x1d+\xff\xff\x00<\x00\
\x00\x02\xb8\x02\xca\x00\x22\x01\xf4<\x00\x03\x06\x00$\x00\
\x00\x00\x94\xb5\x0b\x01\x03\x04\x01BK\xb0&PX@\
 \x08\x01\x04\x07\x01\x03\x02\x04\x03[\x00\x05\x05\x00S\
\x00\x00\x00\x0cC\x00\x02\x02\x01S\x06\x01\x01\x01\x0d\x01\
D\x1bK\xb0*PX@ \x08\x01\x04\x07\x01\x03\x02\
\x04\x03[\x00\x05\x05\x00S\x00\x00\x00\x0eC\x00\x02\x02\
\x01S\x06\x01\x01\x01\x0d\x01D\x1b@\x1d\x08\x01\x04\x07\
\x01\x03\x02\x04\x03[\x00\x02\x06\x01\x01\x02\x01W\x00\x05\
\x05\x00S\x00\x00\x00\x0e\x05DYY@\x19$#\x16\
\x16\x01\x01*(#+$+\x16\x22\x16!\x19\x17\x01\
\x15\x01\x14\x22\x09\x1b+\xff\xff\x00<\x00\x00\x02~\x02\
\xca\x00\x22\x01\xf4<\x00\x03\x06\x01U\x00\x00\x00TK\
\xb0&PX@\x11\x00\x00\x00\x02Q\x03\x01\x02\x02\x0c\
C\x00\x01\x01\x0d\x01D\x1bK\xb0*PX@\x11\x00\
\x00\x00\x02Q\x03\x01\x02\x02\x0eC\x00\x01\x01\x0d\x01D\
\x1b@\x11\x00\x01\x00\x01k\x00\x00\x00\x02Q\x03\x01\x02\
\x02\x0e\x00DYY@\x0a\x01\x01\x01\x06\x01\x06\x11\x12\
\x04\x1c+\xff\xff\x00\x13\xffV\x03m\x02\xca\x00\x22\x01\
\xf4\x13\x00\x03\x06\x01V\x00\x00\x00\x80K\xb0&PX\
@\x1e\x08\x05\x02\x03\x00\x03I\x00\x07\x07\x01Q\x00\x01\
\x01\x0cC\x06\x02\x02\x00\x00\x04Q\x00\x04\x04\x0d\x04D\
\x1bK\xb0*PX@\x1e\x08\x05\x02\x03\x00\x03I\x00\
\x07\x07\x01Q\x00\x01\x01\x0eC\x06\x02\x02\x00\x00\x04Q\
\x00\x04\x04\x0d\x04D\x1b@\x1c\x00\x04\x03\x00\x04M\x06\
\x02\x02\x00\x08\x05\x02\x03\x00\x03U\x00\x07\x07\x01Q\x00\
\x01\x01\x0e\x07DYY@\x11\x01\x01\x1d\x1c\x1b\x1a\x01\
\x14\x01\x14\x11\x11\x11\x19\x12\x09\x1f+\xff\xff\x00<\x00\
\x00\x02n\x02\xca\x00\x22\x01\xf4<\x00\x03\x06\x00'\x00\
\x00\x00{K\xb0&PX@\x1e\x00\x02\x00\x03\x04\x02\
\x03Y\x00\x01\x01\x00Q\x00\x00\x00\x0cC\x00\x04\x04\x05\
Q\x06\x01\x05\x05\x0d\x05D\x1bK\xb0*PX@\x1e\
\x00\x02\x00\x03\x04\x02\x03Y\x00\x01\x01\x00Q\x00\x00\x00\
\x0eC\x00\x04\x04\x05Q\x06\x01\x05\x05\x0d\x05D\x1b@\
\x1b\x00\x02\x00\x03\x04\x02\x03Y\x00\x04\x06\x01\x05\x04\x05\
U\x00\x01\x01\x00Q\x00\x00\x00\x0e\x01DYY@\x0d\
\x01\x01\x01\x0c\x01\x0c\x11\x11\x11\x11\x12\x07\x1f+\x00\xff\
\xff\xff\xff\x00\x00\x04\xb2\x02\xca\x00\x22\x01\xf4\x00\x00\x03\
\x06\x01X\x00\x00\x00a@\x0b\x11\x0e\x0b\x08\x05\x02\x06\
\x00\x02\x01BK\xb0&PX@\x10\x04\x03\x02\x02\x02\
\x0cC\x06\x05\x01\x03\x00\x00\x0d\x00D\x1bK\xb0*P\
X@\x10\x04\x03\x02\x02\x02\x0eC\x06\x05\x01\x03\x00\x00\
\x0d\x00D\x1b@\x10\x06\x05\x01\x03\x00\x00\x02Q\x04\x03\
\x02\x02\x02\x0e\x00DYY@\x0d\x01\x01\x01\x12\x01\x12\
\x12\x12\x12\x12\x13\x07\x1f+\x00\x00\x00\xff\xff\x00\x1a\xff\
\xee\x02\x86\x02\xde\x00\x22\x01\xf4\x1a\x00\x03\x06\x01Y\x00\
\x00\x00\xbb\xb5 \x01\x07\x00\x01BK\xb0&PX@\
.\x00\x02\x01\x00\x01\x02\x00h\x00\x05\x07\x06\x07\x05\x06\
h\x00\x00\x08\x01\x07\x05\x00\x07[\x00\x01\x01\x03S\x00\
\x03\x03\x14C\x00\x06\x06\x04S\x00\x04\x04\x15\x04D\x1b\
K\xb0*PX@,\x00\x02\x01\x00\x01\x02\x00h\x00\
\x05\x07\x06\x07\x05\x06h\x00\x03\x00\x01\x02\x03\x01[\x00\
\x00\x08\x01\x07\x05\x00\x07[\x00\x06\x06\x04S\x00\x04\x04\
\x15\x04D\x1b@1\x00\x02\x01\x00\x01\x02\x00h\x00\x05\
\x07\x06\x07\x05\x06h\x00\x03\x00\x01\x02\x03\x01[\x00\x00\
\x08\x01\x07\x05\x00\x07[\x00\x06\x04\x04\x06O\x00\x06\x06\
\x04S\x00\x04\x06\x04GYY@\x12\x01\x01\x01A\x01\
@:810)'$\x14&\x22\x09\x1e+\x00\xff\
\xff\x00<\x00\x00\x02\x95\x02\xca\x00\x22\x01\xf4<\x00\x03\
\x06\x01Z\x00\x00\x00T\xb6\x07\x02\x02\x00\x01\x01BK\
\xb0&PX@\x0e\x02\x01\x01\x01\x0cC\x04\x03\x02\x00\
\x00\x0d\x00D\x1bK\xb0*PX@\x0e\x02\x01\x01\x01\
\x0eC\x04\x03\x02\x00\x00\x0d\x00D\x1b@\x0e\x04\x03\x02\
\x00\x00\x01Q\x02\x01\x01\x01\x0e\x00DYY@\x0b\x01\
\x01\x01\x0a\x01\x0a\x12\x11\x13\x05\x1d+\xff\xff\x00<\x00\
\x00\x02\x95\x03\xbd\x00\x22\x01\xf4<\x00\x02&\x01Z\x00\
\x00\x01\x07\x018\x00v\x00\xd9\x00\x8d\xb6\x07\x02\x02\x00\
\x01\x01BK\xb0&PX@\x1d\x00\x06\x09\x01\x04\x01\
\x06\x04[\x07\x01\x05\x05\x12C\x02\x01\x01\x01\x0cC\x08\
\x03\x02\x00\x00\x0d\x00D\x1bK\xb0*PX@\x1d\x00\
\x06\x09\x01\x04\x01\x06\x04[\x07\x01\x05\x05\x12C\x02\x01\
\x01\x01\x0eC\x08\x03\x02\x00\x00\x0d\x00D\x1b@\x1d\x00\
\x06\x09\x01\x04\x01\x06\x04[\x07\x01\x05\x05\x12C\x08\x03\
\x02\x00\x00\x01Q\x02\x01\x01\x01\x0e\x00DYY@\x17\
\x0c\x0b\x01\x01\x1a\x19\x15\x13\x0f\x0e\x0b\x1c\x0c\x1c\x01\x0a\
\x01\x0a\x12\x11\x13\x0a\x1d+\x00\x00\x00\xff\xff\x00<\x00\
\x00\x02\xdc\x02\xca\x00\x22\x01\xf4<\x00\x03\x06\x01\x5c\x00\
\x00\x00U\xb7\x0a\x07\x02\x03\x00\x01\x01BK\xb0&P\
X@\x0e\x02\x01\x01\x01\x0cC\x04\x03\x02\x00\x00\x0d\x00\
D\x1bK\xb0*PX@\x0e\x02\x01\x01\x01\x0eC\x04\
\x03\x02\x00\x00\x0d\x00D\x1b@\x0e\x04\x03\x02\x00\x00\x01\
Q\x02\x01\x01\x01\x0e\x00DYY@\x0b\x01\x01\x01\x0b\
\x01\x0b\x12\x11\x13\x05\x1d+\x00\x00\x00\xff\xff\x00\x0b\xff\
\xee\x02\xf6\x02\xca\x00\x22\x01\xf4\x0b\x00\x03\x06\x01]\x00\
\x00\x00\xb7K\xb0\x0dPX@\x0a\x05\x01\x01\x04\x04\x01\
\x00\x01\x02B\x1b@\x0a\x05\x01\x01\x04\x04\x01\x03\x01\x02\
BYK\xb0\x0dPX@\x17\x00\x04\x04\x02Q\x00\x02\
\x02\x0cC\x00\x01\x01\x00S\x03\x05\x02\x00\x00\x15\x00D\
\x1bK\xb0&PX@\x1b\x00\x04\x04\x02Q\x00\x02\x02\
\x0cC\x00\x03\x03\x0dC\x00\x01\x01\x00S\x05\x01\x00\x00\
\x15\x00D\x1bK\xb0*PX@\x1b\x00\x04\x04\x02Q\
\x00\x02\x02\x0eC\x00\x03\x03\x0dC\x00\x01\x01\x00S\x05\
\x01\x00\x00\x15\x00D\x1b@\x1b\x00\x03\x01\x00\x01\x03\x00\
h\x00\x01\x05\x01\x00\x01\x00W\x00\x04\x04\x02Q\x00\x02\
\x02\x0e\x04DYYY@\x10\x02\x01\x15\x14\x13\x12\x11\
\x10\x09\x07\x01\x1d\x02\x1d\x06\x1a+\x00\xff\xff\x009\x00\
\x00\x03*\x02\xca\x00\x22\x01\xf49\x00\x03\x06\x00/\x00\
\x00\x00Y\xb7\x0a\x05\x02\x03\x00\x02\x01BK\xb0&P\
X@\x0f\x03\x01\x02\x02\x0cC\x05\x04\x01\x03\x00\x00\x0d\
\x00D\x1bK\xb0*PX@\x0f\x03\x01\x02\x02\x0eC\
\x05\x04\x01\x03\x00\x00\x0d\x00D\x1b@\x0f\x05\x04\x01\x03\
\x00\x00\x02Q\x03\x01\x02\x02\x0e\x00DYY@\x0c\x01\
\x01\x01\x0d\x01\x0d\x12\x11\x12\x13\x06\x1e+\x00\x00\x00\xff\
\xff\x00<\x00\x00\x02\x95\x02\xca\x00\x22\x01\xf4<\x00\x03\
\x06\x00*\x00\x00\x00fK\xb0&PX@\x16\x00\x03\
\x00\x00\x01\x03\x00Y\x04\x01\x02\x02\x0cC\x06\x05\x02\x01\
\x01\x0d\x01D\x1bK\xb0*PX@\x16\x00\x03\x00\x00\
\x01\x03\x00Y\x04\x01\x02\x02\x0eC\x06\x05\x02\x01\x01\x0d\
\x01D\x1b@\x16\x00\x03\x00\x00\x01\x03\x00Y\x06\x05\x02\
\x01\x01\x02Q\x04\x01\x02\x02\x0e\x01DYY@\x0d\x01\
\x01\x01\x0c\x01\x0c\x11\x11\x11\x11\x12\x07\x1f+\x00\x00\xff\
\xff\x00\x1f\xff\xee\x02\xf8\x02\xde\x00\x22\x01\xf4\x1f\x00\x03\
\x06\x001\x00\x00\x00pK\xb0&PX@\x17\x00\x03\
\x03\x01S\x00\x01\x01\x14C\x05\x01\x02\x02\x00S\x04\x01\
\x00\x00\x15\x00D\x1bK\xb0*PX@\x15\x00\x01\x00\
\x03\x02\x01\x03[\x05\x01\x02\x02\x00S\x04\x01\x00\x00\x15\
\x00D\x1b@\x1b\x00\x01\x00\x03\x02\x01\x03[\x05\x01\x02\
\x00\x00\x02O\x05\x01\x02\x02\x00S\x04\x01\x00\x02\x00G\
YY@\x12\x16\x15\x02\x01 \x1e\x15(\x16(\x0c\x0a\
\x01\x14\x02\x14\x06\x1a+\xff\xff\x00<\x00\x00\x02\x95\x02\
\xca\x00\x22\x01\xf4<\x00\x03\x06\x01a\x00\x00\x00XK\
\xb0&PX@\x12\x00\x00\x00\x02Q\x00\x02\x02\x0cC\
\x04\x03\x02\x01\x01\x0d\x01D\x1bK\xb0*PX@\x12\
\x00\x00\x00\x02Q\x00\x02\x02\x0eC\x04\x03\x02\x01\x01\x0d\
\x01D\x1b@\x12\x04\x03\x02\x01\x00\x01k\x00\x00\x00\x02\
Q\x00\x02\x02\x0e\x00DYY@\x0b\x01\x01\x01\x08\x01\
\x08\x11\x11\x12\x05\x1d+\xff\xff\x00<\x00\x00\x02\xb8\x02\
\xca\x00\x22\x01\xf4<\x00\x03\x06\x002\x00\x00\x00wK\
\xb0&PX@\x1a\x00\x03\x00\x01\x02\x03\x01[\x06\x01\
\x04\x04\x00S\x00\x00\x00\x0cC\x05\x01\x02\x02\x0d\x02D\
\x1bK\xb0*PX@\x1a\x00\x03\x00\x01\x02\x03\x01[\
\x06\x01\x04\x04\x00S\x00\x00\x00\x0eC\x05\x01\x02\x02\x0d\
\x02D\x1b@\x1a\x05\x01\x02\x01\x02k\x00\x03\x00\x01\x02\
\x03\x01[\x06\x01\x04\x04\x00S\x00\x00\x00\x0e\x04DY\
Y@\x12\x10\x10\x01\x01\x10\x18\x10\x17\x13\x11\x01\x0f\x01\
\x0f(\x22\x07\x1c+\x00\xff\xff\x00\x1f\xff\xee\x02\xf9\x02\
\xde\x00\x22\x01\xf4\x1f\x00\x03\x06\x00%\x00\x00\x00\x99K\
\xb0&PX@%\x00\x01\x02\x04\x02\x01\x04h\x00\x04\
\x03\x02\x04\x03f\x00\x02\x02\x00S\x06\x01\x00\x00\x14C\
\x00\x03\x03\x05S\x00\x05\x05\x15\x05D\x1bK\xb0*P\
X@#\x00\x01\x02\x04\x02\x01\x04h\x00\x04\x03\x02\x04\
\x03f\x06\x01\x00\x00\x02\x01\x00\x02[\x00\x03\x03\x05S\
\x00\x05\x05\x15\x05D\x1b@(\x00\x01\x02\x04\x02\x01\x04\
h\x00\x04\x03\x02\x04\x03f\x06\x01\x00\x00\x02\x01\x00\x02\
[\x00\x03\x05\x05\x03O\x00\x03\x03\x05S\x00\x05\x03\x05\
GYY@\x12\x02\x01\x22 \x1c\x1b\x17\x15\x0d\x0b\x07\
\x06\x01*\x02*\x07\x1a+\x00\x00\x00\xff\xff\x00\x13\x00\
\x00\x02[\x02\xca\x00\x22\x01\xf4\x13\x00\x03\x06\x006\x00\
\x00\x00XK\xb0&PX@\x12\x02\x01\x00\x00\x01Q\
\x00\x01\x01\x0cC\x04\x01\x03\x03\x0d\x03D\x1bK\xb0*\
PX@\x12\x02\x01\x00\x00\x01Q\x00\x01\x01\x0eC\x04\
\x01\x03\x03\x0d\x03D\x1b@\x12\x04\x01\x03\x00\x03k\x02\
\x01\x00\x00\x01Q\x00\x01\x01\x0e\x00DYY@\x0b\x01\
\x01\x01\x08\x01\x08\x11\x11\x12\x05\x1d+\xff\xff\x00\x05\x00\
\x00\x02\xa7\x02\xca\x00\x22\x01\xf4\x05\x00\x03\x06\x01e\x00\
\x00\x00P\xb6\x07\x02\x02\x01\x00\x01BK\xb0&PX\
@\x0d\x03\x02\x02\x00\x00\x0cC\x00\x01\x01\x0d\x01D\x1b\
K\xb0*PX@\x0d\x03\x02\x02\x00\x00\x0eC\x00\x01\
\x01\x0d\x01D\x1b@\x0d\x00\x01\x01\x00Q\x03\x02\x02\x00\
\x00\x0e\x01DYY@\x0a\x01\x01\x01\x08\x01\x08\x11\x13\
\x04\x1c+\xff\xff\x00\x1f\x00\x00\x03>\x02\xca\x00\x22\x01\
\xf4\x1f\x00\x03\x06\x01f\x00\x00\x00\x92K\xb0&PX\
@!\x03\x01\x01\x08\x01\x07\x06\x01\x07[\x0b\x09\x0a\x03\
\x06\x04\x01\x00\x05\x06\x00[\x00\x02\x02\x0cC\x00\x05\x05\
\x0d\x05D\x1bK\xb0*PX@!\x03\x01\x01\x08\x01\
\x07\x06\x01\x07[\x0b\x09\x0a\x03\x06\x04\x01\x00\x05\x06\x00\
[\x00\x02\x02\x0eC\x00\x05\x05\x0d\x05D\x1b@!\x03\
\x01\x01\x08\x01\x07\x06\x01\x07[\x0b\x09\x0a\x03\x06\x04\x01\
\x00\x05\x06\x00[\x00\x05\x05\x02Q\x00\x02\x02\x0e\x05D\
YY@\x18((\x1c\x1b(4(3+)&$\
\x1b'\x1c'\x11&!\x11&!\x0c +\x00\x00\xff\
\xff\x00\x08\x00\x00\x02\xb2\x02\xca\x00\x22\x01\xf4\x08\x00\x03\
\x06\x00:\x00\x00\x00W@\x09\x0b\x08\x05\x02\x04\x00\x01\
\x01BK\xb0&PX@\x0e\x02\x01\x01\x01\x0cC\x04\
\x03\x02\x00\x00\x0d\x00D\x1bK\xb0*PX@\x0e\x02\
\x01\x01\x01\x0eC\x04\x03\x02\x00\x00\x0d\x00D\x1b@\x0e\
\x04\x03\x02\x00\x00\x01Q\x02\x01\x01\x01\x0e\x00DYY\
@\x0b\x01\x01\x01\x0c\x01\x0c\x12\x12\x13\x05\x1d+\x00\xff\
\xff\x00<\xffV\x03\x10\x02\xca\x00\x22\x01\xf4<\x00\x03\
\x06\x01h\x00\x00\x00\x8eK\xb0\x0dPX@\x18\x00\x04\
\x01\x04J\x02\x01\x00\x00\x0cC\x03\x01\x01\x01\x05R\x06\
\x01\x05\x05\x0d\x05D\x1bK\xb0&PX@\x19\x00\x03\
\x00\x04\x03\x04U\x02\x01\x00\x00\x0cC\x00\x01\x01\x05R\
\x06\x01\x05\x05\x0d\x05D\x1bK\xb0*PX@\x19\x00\
\x03\x00\x04\x03\x04U\x02\x01\x00\x00\x0eC\x00\x01\x01\x05\
R\x06\x01\x05\x05\x0d\x05D\x1b@\x17\x00\x01\x06\x01\x05\
\x04\x01\x05Z\x00\x03\x00\x04\x03\x04U\x02\x01\x00\x00\x0e\
\x00DYYY@\x0d\x01\x01\x01\x0c\x01\x0c\x11\x11\x11\
\x11\x12\x07\x1f+\x00\x00\xff\xff\x00:\x00\x00\x02c\x02\
\xca\x00\x22\x01\xf4:\x00\x03\x06\x01i\x00\x00\x00n@\
\x0a\x13\x01\x03\x02\x04\x01\x01\x03\x02BK\xb0&PX\
@\x15\x00\x03\x00\x01\x00\x03\x01\x5c\x05\x04\x02\x02\x02\x0c\
C\x00\x00\x00\x0d\x00D\x1bK\xb0*PX@\x15\x00\
\x03\x00\x01\x00\x03\x01\x5c\x05\x04\x02\x02\x02\x0eC\x00\x00\
\x00\x0d\x00D\x1b@\x15\x00\x03\x00\x01\x00\x03\x01\x5c\x00\
\x00\x00\x02Q\x05\x04\x02\x02\x02\x0e\x00DYY@\x0c\
\x01\x01\x01\x14\x01\x14#\x13#\x12\x06\x1e+\x00\x00\xff\
\xff\x00<\x00\x00\x03K\x02\xca\x00\x22\x01\xf4<\x00\x03\
\x06\x01j\x00\x00\x00]K\xb0&PX@\x14\x06\x05\
\x03\x03\x01\x01\x0cC\x04\x01\x02\x02\x00R\x00\x00\x00\x0d\
\x00D\x1bK\xb0*PX@\x14\x06\x05\x03\x03\x01\x01\
\x0eC\x04\x01\x02\x02\x00R\x00\x00\x00\x0d\x00D\x1b@\
\x11\x04\x01\x02\x00\x00\x02\x00V\x06\x05\x03\x03\x01\x01\x0e\
\x01DYY@\x0d\x01\x01\x01\x0c\x01\x0c\x11\x11\x11\x11\
\x12\x07\x1f+\x00\x00\x00\xff\xff\x00<\xffV\x03\xc6\x02\
\xca\x00\x22\x01\xf4<\x00\x03\x06\x01k\x00\x00\x00\x98K\
\xb0\x0dPX@\x1a\x00\x06\x01\x06J\x04\x02\x02\x00\x00\
\x0cC\x05\x03\x02\x01\x01\x07R\x08\x01\x07\x07\x0d\x07D\
\x1bK\xb0&PX@\x1b\x00\x05\x00\x06\x05\x06U\x04\
\x02\x02\x00\x00\x0cC\x03\x01\x01\x01\x07R\x08\x01\x07\x07\
\x0d\x07D\x1bK\xb0*PX@\x1b\x00\x05\x00\x06\x05\
\x06U\x04\x02\x02\x00\x00\x0eC\x03\x01\x01\x01\x07R\x08\
\x01\x07\x07\x0d\x07D\x1b@\x19\x03\x01\x01\x08\x01\x07\x06\
\x01\x07Z\x00\x05\x00\x06\x05\x06U\x04\x02\x02\x00\x00\x0e\
\x00DYYY@\x0f\x01\x01\x01\x10\x01\x10\x11\x11\x11\
\x11\x11\x11\x12\x09!+\xff\xff\x00\x13\x00\x00\x03m\x02\
\xca\x00\x22\x01\xf4\x13\x00\x03\x06\x01l\x00\x00\x00\x84K\
\xb0&PX@\x1f\x00\x02\x00\x05\x04\x02\x05[\x00\x00\
\x00\x01Q\x00\x01\x01\x0cC\x07\x01\x04\x04\x03S\x06\x01\
\x03\x03\x0d\x03D\x1bK\xb0*PX@\x1f\x00\x02\x00\
\x05\x04\x02\x05[\x00\x00\x00\x01Q\x00\x01\x01\x0eC\x07\
\x01\x04\x04\x03S\x06\x01\x03\x03\x0d\x03D\x1b@\x1c\x00\
\x02\x00\x05\x04\x02\x05[\x07\x01\x04\x06\x01\x03\x04\x03W\
\x00\x00\x00\x01Q\x00\x01\x01\x0e\x00DYY@\x13\x13\
\x12\x01\x01\x19\x17\x12\x1a\x13\x1a\x01\x11\x01\x10!\x11\x12\
\x08\x1d+\xff\xff\x00<\x00\x00\x03\x9e\x02\xca\x00\x22\x01\
\xf4<\x00\x00&\x01n\x00\x00\x01\x07\x00+\x02\xd1\x00\
\x00\x00\x8bK\xb0&PX@\x1d\x00\x02\x00\x01\x00\x02\
\x01[\x05\x08\x02\x04\x04\x0cC\x07\x01\x00\x00\x03T\x09\
\x06\x02\x03\x03\x0d\x03D\x1bK\xb0*PX@\x1d\x00\
\x02\x00\x01\x00\x02\x01[\x05\x08\x02\x04\x04\x0eC\x07\x01\
\x00\x00\x03T\x09\x06\x02\x03\x03\x0d\x03D\x1b@\x1e\x00\
\x02\x00\x01\x00\x02\x01[\x07\x01\x00\x03\x03\x00O\x09\x06\
\x02\x03\x03\x04Q\x05\x08\x02\x04\x04\x0e\x04DYY@\
\x1c\x19\x19\x0a\x0a\x02\x01\x19\x1c\x19\x1c\x1b\x1a\x0a\x18\x0a\
\x18\x17\x15\x0d\x0b\x08\x06\x01\x09\x02\x09\x0a\x1a+\x00\xff\
\xff\x00<\x00\x00\x02\xb8\x02\xca\x00\x22\x01\xf4<\x00\x03\
\x06\x01n\x00\x00\x00vK\xb0&PX@\x1a\x00\x02\
\x00\x01\x00\x02\x01[\x06\x01\x04\x04\x0cC\x05\x01\x00\x00\
\x03T\x00\x03\x03\x0d\x03D\x1bK\xb0*PX@\x1a\
\x00\x02\x00\x01\x00\x02\x01[\x06\x01\x04\x04\x0eC\x05\x01\
\x00\x00\x03T\x00\x03\x03\x0d\x03D\x1b@\x17\x00\x02\x00\
\x01\x00\x02\x01[\x05\x01\x00\x00\x03\x00\x03X\x06\x01\x04\
\x04\x0e\x04DYY@\x14\x0a\x0a\x02\x01\x0a\x18\x0a\x18\
\x17\x15\x0d\x0b\x08\x06\x01\x09\x02\x09\x07\x1a+\x00\x00\xff\
\xff\x00\x1f\xff\xee\x02\xf5\x02\xde\x00\x22\x01\xf4\x1f\x00\x03\
\x06\x01o\x00\x00\x00\xb1K\xb0&PX@.\x00\x02\
\x01\x00\x01\x02\x00h\x00\x05\x07\x06\x07\x05\x06h\x00\x00\
\x08\x01\x07\x05\x00\x07Y\x00\x01\x01\x03S\x00\x03\x03\x14\
C\x00\x06\x06\x04S\x00\x04\x04\x15\x04D\x1bK\xb0*\
PX@,\x00\x02\x01\x00\x01\x02\x00h\x00\x05\x07\x06\
\x07\x05\x06h\x00\x03\x00\x01\x02\x03\x01[\x00\x00\x08\x01\
\x07\x05\x00\x07Y\x00\x06\x06\x04S\x00\x04\x04\x15\x04D\
\x1b@1\x00\x02\x01\x00\x01\x02\x00h\x00\x05\x07\x06\x07\
\x05\x06h\x00\x03\x00\x01\x02\x03\x01[\x00\x00\x08\x01\x07\
\x05\x00\x07Y\x00\x06\x04\x04\x06O\x00\x06\x06\x04S\x00\
\x04\x06\x04GYY@\x0f\x01\x01\x01-\x01-$\x14\
($\x14$\x12\x09!+\x00\x00\x00\xff\xff\x00@\xff\
\xee\x04\x06\x02\xde\x00\x22\x01\xf4@\x00\x03\x06\x01p\x00\
\x00\x00\xf8K\xb0\x0cPX@!\x00\x01\x00\x04\x06\x01\
\x04Y\x00\x07\x07\x00S\x02\x01\x00\x00\x0cC\x09\x01\x06\
\x06\x03S\x08\x05\x02\x03\x03\x15\x03D\x1bK\xb0\x0dP\
X@%\x00\x01\x00\x04\x06\x01\x04Y\x00\x00\x00\x0cC\
\x00\x07\x07\x02S\x00\x02\x02\x14C\x09\x01\x06\x06\x03S\
\x08\x05\x02\x03\x03\x15\x03D\x1bK\xb0&PX@)\
\x00\x01\x00\x04\x06\x01\x04Y\x00\x00\x00\x0cC\x00\x07\x07\
\x02S\x00\x02\x02\x14C\x08\x01\x05\x05\x0dC\x09\x01\x06\
\x06\x03S\x00\x03\x03\x15\x03D\x1bK\xb0*PX@\
'\x00\x02\x00\x07\x01\x02\x07[\x00\x01\x00\x04\x06\x01\x04\
Y\x00\x00\x00\x0eC\x08\x01\x05\x05\x0dC\x09\x01\x06\x06\
\x03S\x00\x03\x03\x15\x03D\x1b@$\x00\x02\x00\x07\x01\
\x02\x07[\x00\x01\x00\x04\x06\x01\x04Y\x09\x01\x06\x00\x03\
\x06\x03W\x08\x01\x05\x05\x00Q\x00\x00\x00\x0e\x05DY\
YYY@\x15\x1d\x1c\x01\x01'%\x1c/\x1d/\x01\
\x1b\x01\x1b\x14($\x11\x12\x0a\x1f+\xff\xff\x00\x13\x00\
\x00\x02\xa7\x02\xca\x00\x22\x01\xf4\x13\x00\x03\x06\x01q\x00\
\x00\x00\x8b@\x0b\x09\x01\x02\x05\x1b\x04\x02\x01\x02\x02B\
K\xb0&PX@\x1b\x00\x05\x00\x02\x01\x05\x02[\x07\
\x01\x04\x04\x00S\x00\x00\x00\x0cC\x06\x03\x02\x01\x01\x0d\
\x01D\x1bK\xb0*PX@\x1b\x00\x05\x00\x02\x01\x05\
\x02[\x07\x01\x04\x04\x00S\x00\x00\x00\x0eC\x06\x03\x02\
\x01\x01\x0d\x01D\x1b@\x1b\x06\x03\x02\x01\x02\x01k\x00\
\x05\x00\x02\x01\x05\x02[\x07\x01\x04\x04\x00S\x00\x00\x00\
\x0e\x04DYY@\x16 \x1f\x01\x01(&\x1f) \
)\x01\x1e\x01\x1e\x17\x15\x14\x13\x12\x10\x08\x1a+\x00\xff\
\xff\x00<\x00\x00\x02n\x03\xbd\x00\x22\x01\xf4<\x00\x02\
&\x00'\x00\x00\x01\x07\x00B\x00i\x00\xd9\x00\xadK\
\xb0&PX@,\x09\x01\x07\x06\x00\x06\x07\x00h\x00\
\x02\x00\x03\x04\x02\x03Y\x00\x06\x06\x12C\x00\x01\x01\x00\
Q\x00\x00\x00\x0cC\x00\x04\x04\x05Q\x08\x01\x05\x05\x0d\
\x05D\x1bK\xb0*PX@,\x09\x01\x07\x06\x00\x06\
\x07\x00h\x00\x02\x00\x03\x04\x02\x03Y\x00\x06\x06\x12C\
\x00\x01\x01\x00Q\x00\x00\x00\x0eC\x00\x04\x04\x05Q\x08\
\x01\x05\x05\x0d\x05D\x1b@)\x09\x01\x07\x06\x00\x06\x07\
\x00h\x00\x02\x00\x03\x04\x02\x03Y\x00\x04\x08\x01\x05\x04\
\x05U\x00\x06\x06\x12C\x00\x01\x01\x00Q\x00\x00\x00\x0e\
\x01DYY@\x15\x0d\x0d\x01\x01\x0d\x10\x0d\x10\x0f\x0e\
\x01\x0c\x01\x0c\x11\x11\x11\x11\x12\x0a\x1f+\x00\x00\x00\xff\
\xff\x00<\x00\x00\x02n\x03\xb0\x00\x22\x01\xf4<\x00\x02\
&\x00'\x00\x00\x01\x07\x00i\x00a\x00\xd9\x00\xb1K\
\xb0&PX@,\x00\x02\x00\x03\x04\x02\x03Y\x0c\x09\
\x0b\x03\x07\x07\x06Q\x08\x01\x06\x06\x12C\x00\x01\x01\x00\
Q\x00\x00\x00\x0cC\x00\x04\x04\x05Q\x0a\x01\x05\x05\x0d\
\x05D\x1bK\xb0*PX@*\x08\x01\x06\x0c\x09\x0b\
\x03\x07\x00\x06\x07Y\x00\x02\x00\x03\x04\x02\x03Y\x00\x01\
\x01\x00Q\x00\x00\x00\x0eC\x00\x04\x04\x05Q\x0a\x01\x05\
\x05\x0d\x05D\x1b@'\x08\x01\x06\x0c\x09\x0b\x03\x07\x00\
\x06\x07Y\x00\x02\x00\x03\x04\x02\x03Y\x00\x04\x0a\x01\x05\
\x04\x05U\x00\x01\x01\x00Q\x00\x00\x00\x0e\x01DYY\
@\x1d\x11\x11\x0d\x0d\x01\x01\x11\x14\x11\x14\x13\x12\x0d\x10\
\x0d\x10\x0f\x0e\x01\x0c\x01\x0c\x11\x11\x11\x11\x12\x0d\x1f+\
\x00\x00\x00\xff\xff\x00\x13\xff\xee\x02\xfd\x02\xca\x00\x22\x01\
\xf4\x13\x00\x03\x06\x01D\x00\x00\x00\xe5K\xb0\x0dPX\
@\x0f\x08\x01\x06\x03'\x19\x02\x05\x06\x18\x01\x04\x05\x03\
B\x1b@\x10\x08\x01\x06\x03'\x19\x02\x05\x06\x02B\x18\
\x01\x07\x01AYK\xb0\x0dPX@ \x00\x03\x00\x06\
\x05\x03\x06[\x02\x01\x00\x00\x01Q\x00\x01\x01\x0cC\x00\
\x05\x05\x04S\x08\x07\x02\x04\x04\x15\x04D\x1bK\xb0&\
PX@$\x00\x03\x00\x06\x05\x03\x06[\x02\x01\x00\x00\
\x01Q\x00\x01\x01\x0cC\x08\x01\x07\x07\x0dC\x00\x05\x05\
\x04S\x00\x04\x04\x15\x04D\x1bK\xb0*PX@$\
\x00\x03\x00\x06\x05\x03\x06[\x02\x01\x00\x00\x01Q\x00\x01\
\x01\x0eC\x08\x01\x07\x07\x0dC\x00\x05\x05\x04S\x00\x04\
\x04\x15\x04D\x1b@$\x08\x01\x07\x05\x04\x05\x07\x04h\
\x00\x03\x00\x06\x05\x03\x06[\x00\x05\x00\x04\x05\x04W\x02\
\x01\x00\x00\x01Q\x00\x01\x01\x0e\x00DYYY@\x0f\
\x01\x01\x01(\x01(&%(#\x11\x11\x12\x09!+\
\x00\x00\x00\xff\xff\x00<\x00\x00\x02~\x03\xbd\x00\x22\x01\
\xf4<\x00\x02&\x01U\x00\x00\x01\x07\x00t\x00\xbd\x00\
\xd9\x00\x86K\xb0&PX@\x1f\x06\x01\x04\x03\x02\x03\
\x04\x02h\x00\x03\x03\x12C\x00\x00\x00\x02Q\x05\x01\x02\
\x02\x0cC\x00\x01\x01\x0d\x01D\x1bK\xb0*PX@\
\x1f\x06\x01\x04\x03\x02\x03\x04\x02h\x00\x03\x03\x12C\x00\
\x00\x00\x02Q\x05\x01\x02\x02\x0eC\x00\x01\x01\x0d\x01D\
\x1b@\x1f\x06\x01\x04\x03\x02\x03\x04\x02h\x00\x01\x00\x01\
k\x00\x03\x03\x12C\x00\x00\x00\x02Q\x05\x01\x02\x02\x0e\
\x00DYY@\x12\x07\x07\x01\x01\x07\x0a\x07\x0a\x09\x08\
\x01\x06\x01\x06\x11\x12\x07\x1c+\x00\x00\xff\xff\x00\x1f\xff\
\xee\x02\xf5\x02\xde\x00\x22\x01\xf4\x1f\x00\x03\x06\x01F\x00\
\x00\x00\xb1K\xb0&PX@.\x00\x04\x05\x06\x05\x04\
\x06h\x00\x01\x07\x00\x07\x01\x00h\x00\x06\x08\x01\x07\x01\
\x06\x07Y\x00\x05\x05\x03S\x00\x03\x03\x14C\x00\x00\x00\
\x02S\x00\x02\x02\x15\x02D\x1bK\xb0*PX@,\
\x00\x04\x05\x06\x05\x04\x06h\x00\x01\x07\x00\x07\x01\x00h\
\x00\x03\x00\x05\x04\x03\x05[\x00\x06\x08\x01\x07\x01\x06\x07\
Y\x00\x00\x00\x02S\x00\x02\x02\x15\x02D\x1b@1\x00\
\x04\x05\x06\x05\x04\x06h\x00\x01\x07\x00\x07\x01\x00h\x00\
\x03\x00\x05\x04\x03\x05[\x00\x06\x08\x01\x07\x01\x06\x07Y\
\x00\x00\x02\x02\x00O\x00\x00\x00\x02S\x00\x02\x00\x02G\
YY@\x0f\x01\x01\x01-\x01-\x14$\x14($\x14\
%\x09!+\x00\x00\x00\xff\xff\x00\x13\xff\xee\x02\x89\x02\
\xde\x00\x22\x01\xf4\x13\x00\x03\x06\x005\x00\x00\x00\x98K\
\xb0&PX@%\x06\x01\x05\x00\x02\x00\x05\x02h\x00\
\x02\x03\x00\x02\x03f\x00\x00\x00\x04S\x00\x04\x04\x14C\
\x00\x03\x03\x01S\x00\x01\x01\x15\x01D\x1bK\xb0*P\
X@#\x06\x01\x05\x00\x02\x00\x05\x02h\x00\x02\x03\x00\
\x02\x03f\x00\x04\x00\x00\x05\x04\x00[\x00\x03\x03\x01S\
\x00\x01\x01\x15\x01D\x1b@(\x06\x01\x05\x00\x02\x00\x05\
\x02h\x00\x02\x03\x00\x02\x03f\x00\x04\x00\x00\x05\x04\x00\
[\x00\x03\x01\x01\x03O\x00\x03\x03\x01S\x00\x01\x03\x01\
GYY@\x11\x01\x01\x01B\x01B><'%!\
 \x1c\x1a%\x07\x1b+\xff\xff\x00@\x00\x00\x00\xcd\x02\
\xca\x00\x22\x01\xf4@\x00\x03\x06\x00+\x00\x00\x00DK\
\xb0&PX@\x0c\x00\x00\x00\x0cC\x02\x01\x01\x01\x0d\
\x01D\x1bK\xb0*PX@\x0c\x00\x00\x00\x0eC\x02\
\x01\x01\x01\x0d\x01D\x1b@\x0c\x02\x01\x01\x01\x00Q\x00\
\x00\x00\x0e\x01DYY@\x09\x01\x01\x01\x04\x01\x04\x12\
\x03\x1b+\xff\xff\xff\xcb\x00\x00\x01D\x03\xb0\x00\x22\x01\
\xf4\x00\x00\x02&\x00+\x00\x00\x01\x07\x00i\xff\x90\x00\
\xd9\x00zK\xb0&PX@\x1a\x08\x05\x07\x03\x03\x03\
\x02Q\x04\x01\x02\x02\x12C\x00\x00\x00\x0cC\x06\x01\x01\
\x01\x0d\x01D\x1bK\xb0*PX@\x18\x04\x01\x02\x08\
\x05\x07\x03\x03\x00\x02\x03Y\x00\x00\x00\x0eC\x06\x01\x01\
\x01\x0d\x01D\x1b@\x18\x04\x01\x02\x08\x05\x07\x03\x03\x00\
\x02\x03Y\x06\x01\x01\x01\x00Q\x00\x00\x00\x0e\x01DY\
Y@\x19\x09\x09\x05\x05\x01\x01\x09\x0c\x09\x0c\x0b\x0a\x05\
\x08\x05\x08\x07\x06\x01\x04\x01\x04\x12\x09\x1b+\x00\x00\xff\
\xff\x00\x0c\xff\xee\x01\xbb\x02\xca\x00\x22\x01\xf4\x0c\x00\x03\
\x06\x00,\x00\x00\x00_@\x0a\x05\x01\x01\x02\x04\x01\x00\
\x01\x02BK\xb0&PX@\x11\x00\x02\x02\x0cC\x00\
\x01\x01\x00S\x03\x01\x00\x00\x15\x00D\x1bK\xb0*P\
X@\x11\x00\x02\x02\x0eC\x00\x01\x01\x00S\x03\x01\x00\
\x00\x15\x00D\x1b@\x0e\x00\x01\x03\x01\x00\x01\x00W\x00\
\x02\x02\x0e\x02DYY@\x0c\x02\x01\x0d\x0c\x09\x07\x01\
\x12\x02\x12\x04\x1a+\x00\xff\xff\x00\x0b\xff\xee\x04\xe3\x02\
\xca\x00\x22\x01\xf4\x0b\x00\x03\x06\x01K\x00\x00\x018K\
\xb0\x0dPX@\x0a\x05\x01\x01\x07\x04\x01\x00\x01\x02B\
\x1bK\xb0\x0ePX@\x0a\x05\x01\x01\x07\x04\x01\x04\x01\
\x02B\x1b@\x0a\x05\x01\x06\x07\x04\x01\x04\x01\x02BY\
YK\xb0\x0dPX@!\x00\x03\x00\x07\x01\x03\x07[\
\x00\x05\x05\x02Q\x00\x02\x02\x0cC\x09\x06\x02\x01\x01\x00\
S\x04\x08\x02\x00\x00\x15\x00D\x1bK\xb0\x0ePX@\
,\x00\x03\x00\x07\x01\x03\x07[\x00\x05\x05\x02Q\x00\x02\
\x02\x0cC\x09\x06\x02\x01\x01\x04S\x00\x04\x04\x0dC\x09\
\x06\x02\x01\x01\x00S\x08\x01\x00\x00\x15\x00D\x1bK\xb0\
&PX@)\x00\x03\x00\x07\x06\x03\x07[\x00\x05\x05\
\x02Q\x00\x02\x02\x0cC\x09\x01\x06\x06\x04S\x00\x04\x04\
\x0dC\x00\x01\x01\x00S\x08\x01\x00\x00\x15\x00D\x1bK\
\xb0*PX@)\x00\x03\x00\x07\x06\x03\x07[\x00\x05\
\x05\x02Q\x00\x02\x02\x0eC\x09\x01\x06\x06\x04S\x00\x04\
\x04\x0dC\x00\x01\x01\x00S\x08\x01\x00\x00\x15\x00D\x1b\
@$\x00\x03\x00\x07\x06\x03\x07[\x09\x01\x06\x00\x04\x00\
\x06\x04[\x00\x01\x08\x01\x00\x01\x00W\x00\x05\x05\x02Q\
\x00\x02\x02\x0e\x05DYYYY@\x1a*)\x02\x01\
0.)1*1 \x1f\x1e\x1c\x14\x12\x11\x10\x09\x07\
\x01(\x02(\x0a\x1a+\xff\xff\x00<\x00\x00\x04\x81\x02\
\xca\x00\x22\x01\xf4<\x00\x03\x06\x01L\x00\x00\x00\xbeK\
\xb0\x22PX@\x1e\x05\x01\x03\x08\x01\x00\x07\x03\x00[\
\x04\x01\x02\x02\x0cC\x0a\x01\x07\x07\x01T\x09\x06\x02\x01\
\x01\x0d\x01D\x1bK\xb0&PX@#\x00\x08\x00\x03\
\x08O\x05\x01\x03\x00\x00\x07\x03\x00Y\x04\x01\x02\x02\x0c\
C\x0a\x01\x07\x07\x01T\x09\x06\x02\x01\x01\x0d\x01D\x1b\
K\xb0*PX@#\x00\x08\x00\x03\x08O\x05\x01\x03\
\x00\x00\x07\x03\x00Y\x04\x01\x02\x02\x0eC\x0a\x01\x07\x07\
\x01T\x09\x06\x02\x01\x01\x0d\x01D\x1b@$\x00\x08\x00\
\x03\x08O\x05\x01\x03\x00\x00\x07\x03\x00Y\x0a\x01\x07\x01\
\x01\x07O\x09\x06\x02\x01\x01\x02Q\x04\x01\x02\x02\x0e\x02\
DYYY@\x16\x19\x18\x01\x01\x1f\x1d\x18 \x19 \
\x01\x17\x01\x16!\x11\x11\x11\x11\x12\x0b +\x00\x00\xff\
\xff\x00\x13\x00\x00\x02\xe2\x02\xca\x00\x22\x01\xf4\x13\x00\x03\
\x06\x01M\x00\x00\x00\x82@\x0a\x08\x01\x05\x03\x16\x01\x04\
\x05\x02BK\xb0&PX@\x1b\x00\x03\x00\x05\x04\x03\
\x05[\x02\x01\x00\x00\x01Q\x00\x01\x01\x0cC\x07\x06\x02\
\x04\x04\x0d\x04D\x1bK\xb0*PX@\x1b\x00\x03\x00\
\x05\x04\x03\x05[\x02\x01\x00\x00\x01Q\x00\x01\x01\x0eC\
\x07\x06\x02\x04\x04\x0d\x04D\x1b@\x1b\x07\x06\x02\x04\x05\
\x04k\x00\x03\x00\x05\x04\x03\x05[\x02\x01\x00\x00\x01Q\
\x00\x01\x01\x0e\x00DYY@\x0e\x01\x01\x01\x17\x01\x17\
#\x12#\x11\x11\x12\x08 +\x00\x00\xff\xff\x00<\x00\
\x00\x02\xdc\x03\xbd\x00\x22\x01\xf4<\x00\x02&\x01\x5c\x00\
\x00\x01\x07\x00t\x00\xd3\x00\xd9\x00\x87\xb7\x0a\x07\x02\x03\
\x00\x01\x01BK\xb0&PX@\x1c\x07\x01\x05\x04\x01\
\x04\x05\x01h\x00\x04\x04\x12C\x02\x01\x01\x01\x0cC\x06\
\x03\x02\x00\x00\x0d\x00D\x1bK\xb0*PX@\x1c\x07\
\x01\x05\x04\x01\x04\x05\x01h\x00\x04\x04\x12C\x02\x01\x01\
\x01\x0eC\x06\x03\x02\x00\x00\x0d\x00D\x1b@\x1c\x07\x01\
\x05\x04\x01\x04\x05\x01h\x00\x04\x04\x12C\x06\x03\x02\x00\
\x00\x01Q\x02\x01\x01\x01\x0e\x00DYY@\x13\x0c\x0c\
\x01\x01\x0c\x0f\x0c\x0f\x0e\x0d\x01\x0b\x01\x0b\x12\x11\x13\x08\
\x1d+\x00\xff\xff\x00<\x00\x00\x02\x95\x03\xbd\x00\x22\x01\
\xf4<\x00\x02&\x01Z\x00\x00\x01\x07\x00B\x00\x8f\x00\
\xd9\x00\x86\xb6\x07\x02\x02\x00\x01\x01BK\xb0&PX\
@\x1c\x07\x01\x05\x04\x01\x04\x05\x01h\x00\x04\x04\x12C\
\x02\x01\x01\x01\x0cC\x06\x03\x02\x00\x00\x0d\x00D\x1bK\
\xb0*PX@\x1c\x07\x01\x05\x04\x01\x04\x05\x01h\x00\
\x04\x04\x12C\x02\x01\x01\x01\x0eC\x06\x03\x02\x00\x00\x0d\
\x00D\x1b@\x1c\x07\x01\x05\x04\x01\x04\x05\x01h\x00\x04\
\x04\x12C\x06\x03\x02\x00\x00\x01Q\x02\x01\x01\x01\x0e\x00\
DYY@\x13\x0b\x0b\x01\x01\x0b\x0e\x0b\x0e\x0d\x0c\x01\
\x0a\x01\x0a\x12\x11\x13\x08\x1d+\x00\x00\xff\xff\x00\x05\x00\
\x00\x02\xa7\x03\xbd\x00\x22\x01\xf4\x05\x00\x02&\x01e\x00\
\x00\x01\x07\x018\x00`\x00\xd9\x00\x89\xb6\x07\x02\x02\x01\
\x00\x01BK\xb0&PX@\x1c\x00\x05\x08\x01\x03\x00\
\x05\x03[\x06\x01\x04\x04\x12C\x07\x02\x02\x00\x00\x0cC\
\x00\x01\x01\x0d\x01D\x1bK\xb0*PX@\x1c\x00\x05\
\x08\x01\x03\x00\x05\x03[\x06\x01\x04\x04\x12C\x07\x02\x02\
\x00\x00\x0eC\x00\x01\x01\x0d\x01D\x1b@\x1c\x00\x05\x08\
\x01\x03\x00\x05\x03[\x06\x01\x04\x04\x12C\x00\x01\x01\x00\
Q\x07\x02\x02\x00\x00\x0e\x01DYY@\x16\x0a\x09\x01\
\x01\x18\x17\x13\x11\x0d\x0c\x09\x1a\x0a\x1a\x01\x08\x01\x08\x11\
\x13\x09\x1c+\x00\x00\x00\xff\xff\x00<\xffV\x02\x95\x02\
\xca\x00\x22\x01\xf4<\x00\x03\x06\x01Q\x00\x00\x00jK\
\xb0&PX@\x18\x06\x01\x05\x00\x05k\x03\x01\x01\x01\
\x0cC\x00\x02\x02\x00R\x04\x01\x00\x00\x0d\x00D\x1bK\
\xb0*PX@\x18\x06\x01\x05\x00\x05k\x03\x01\x01\x01\
\x0eC\x00\x02\x02\x00R\x04\x01\x00\x00\x0d\x00D\x1b@\
\x16\x06\x01\x05\x00\x05k\x00\x02\x04\x01\x00\x05\x02\x00Z\
\x03\x01\x01\x01\x0e\x01DYY@\x0d\x01\x01\x01\x0c\x01\
\x0c\x11\x11\x11\x11\x12\x07\x1f+\x00\x00\xff\xff\x00\x09\x00\
\x00\x04\x11\x03\xbd\x00\x22\x01\xf4\x09\x00\x02&\x009\x00\
\x00\x01\x07\x00B\x01\x1a\x00\xd9\x00\x8b\xb7\x0a\x07\x02\x03\
\x00\x01\x01BK\xb0&PX@\x1d\x08\x01\x06\x05\x01\
\x05\x06\x01h\x00\x05\x05\x12C\x03\x02\x02\x01\x01\x0cC\
\x07\x04\x02\x00\x00\x0d\x00D\x1bK\xb0*PX@\x1d\
\x08\x01\x06\x05\x01\x05\x06\x01h\x00\x05\x05\x12C\x03\x02\
\x02\x01\x01\x0eC\x07\x04\x02\x00\x00\x0d\x00D\x1b@\x1d\
\x08\x01\x06\x05\x01\x05\x06\x01h\x03\x02\x02\x01\x01\x0eC\
\x07\x04\x02\x00\x00\x05Q\x00\x05\x05\x12\x00DYY@\
\x14\x0e\x0e\x01\x01\x0e\x11\x0e\x11\x10\x0f\x01\x0d\x01\x0d\x12\
\x12\x11\x13\x09\x1e+\x00\xff\xff\x00\x09\x00\x00\x04\x11\x03\
\xbd\x00\x22\x01\xf4\x09\x00\x02&\x009\x00\x00\x01\x07\x00\
B\x01\x1a\x00\xd9\x00\x8b\xb7\x0a\x07\x02\x03\x00\x01\x01B\
K\xb0&PX@\x1d\x08\x01\x06\x05\x01\x05\x06\x01h\
\x00\x05\x05\x12C\x03\x02\x02\x01\x01\x0cC\x07\x04\x02\x00\
\x00\x0d\x00D\x1bK\xb0*PX@\x1d\x08\x01\x06\x05\
\x01\x05\x06\x01h\x00\x05\x05\x12C\x03\x02\x02\x01\x01\x0e\
C\x07\x04\x02\x00\x00\x0d\x00D\x1b@\x1d\x08\x01\x06\x05\
\x01\x05\x06\x01h\x03\x02\x02\x01\x01\x0eC\x07\x04\x02\x00\
\x00\x05Q\x00\x05\x05\x12\x00DYY@\x14\x0e\x0e\x01\
\x01\x0e\x11\x0e\x11\x10\x0f\x01\x0d\x01\x0d\x12\x12\x11\x13\x09\
\x1e+\x00\xff\xff\x00\x09\x00\x00\x04\x11\x03\xbd\x00\x22\x01\
\xf4\x09\x00\x02&\x009\x00\x00\x01\x07\x00t\x01\x89\x00\
\xd9\x00\x8b\xb7\x0a\x07\x02\x03\x00\x01\x01BK\xb0&P\
X@\x1d\x08\x01\x06\x05\x01\x05\x06\x01h\x00\x05\x05\x12\
C\x03\x02\x02\x01\x01\x0cC\x07\x04\x02\x00\x00\x0d\x00D\
\x1bK\xb0*PX@\x1d\x08\x01\x06\x05\x01\x05\x06\x01\
h\x00\x05\x05\x12C\x03\x02\x02\x01\x01\x0eC\x07\x04\x02\
\x00\x00\x0d\x00D\x1b@\x1d\x08\x01\x06\x05\x01\x05\x06\x01\
h\x03\x02\x02\x01\x01\x0eC\x07\x04\x02\x00\x00\x05Q\x00\
\x05\x05\x12\x00DYY@\x14\x0e\x0e\x01\x01\x0e\x11\x0e\
\x11\x10\x0f\x01\x0d\x01\x0d\x12\x12\x11\x13\x09\x1e+\x00\xff\
\xff\x00\x09\x00\x00\x04\x11\x03\xbd\x00\x22\x01\xf4\x09\x00\x02\
&\x009\x00\x00\x01\x07\x00t\x01\x89\x00\xd9\x00\x8b\xb7\
\x0a\x07\x02\x03\x00\x01\x01BK\xb0&PX@\x1d\x08\
\x01\x06\x05\x01\x05\x06\x01h\x00\x05\x05\x12C\x03\x02\x02\
\x01\x01\x0cC\x07\x04\x02\x00\x00\x0d\x00D\x1bK\xb0*\
PX@\x1d\x08\x01\x06\x05\x01\x05\x06\x01h\x00\x05\x05\
\x12C\x03\x02\x02\x01\x01\x0eC\x07\x04\x02\x00\x00\x0d\x00\
D\x1b@\x1d\x08\x01\x06\x05\x01\x05\x06\x01h\x03\x02\x02\
\x01\x01\x0eC\x07\x04\x02\x00\x00\x05Q\x00\x05\x05\x12\x00\
DYY@\x14\x0e\x0e\x01\x01\x0e\x11\x0e\x11\x10\x0f\x01\
\x0d\x01\x0d\x12\x12\x11\x13\x09\x1e+\x00\xff\xff\x00\x09\x00\
\x00\x04\x11\x03\xb0\x00\x22\x01\xf4\x09\x00\x02&\x009\x00\
\x00\x01\x07\x00i\x01\x13\x00\xd9\x00\x8f\xb7\x0a\x07\x02\x03\
\x00\x01\x01BK\xb0&PX@\x1d\x0b\x08\x0a\x03\x06\
\x06\x05Q\x07\x01\x05\x05\x12C\x03\x02\x02\x01\x01\x0cC\
\x09\x04\x02\x00\x00\x0d\x00D\x1bK\xb0*PX@\x1b\
\x07\x01\x05\x0b\x08\x0a\x03\x06\x01\x05\x06Y\x03\x02\x02\x01\
\x01\x0eC\x09\x04\x02\x00\x00\x0d\x00D\x1b@\x1b\x09\x04\
\x02\x00\x01\x00k\x07\x01\x05\x0b\x08\x0a\x03\x06\x01\x05\x06\
Y\x03\x02\x02\x01\x01\x0e\x01DYY@\x1c\x12\x12\x0e\
\x0e\x01\x01\x12\x15\x12\x15\x14\x13\x0e\x11\x0e\x11\x10\x0f\x01\
\x0d\x01\x0d\x12\x12\x11\x13\x0c\x1e+\x00\xff\xff\x00\x09\x00\
\x00\x04\x11\x03\xb0\x00\x22\x01\xf4\x09\x00\x02&\x009\x00\
\x00\x01\x07\x00i\x01\x13\x00\xd9\x00\x8f\xb7\x0a\x07\x02\x03\
\x00\x01\x01BK\xb0&PX@\x1d\x0b\x08\x0a\x03\x06\
\x06\x05Q\x07\x01\x05\x05\x12C\x03\x02\x02\x01\x01\x0cC\
\x09\x04\x02\x00\x00\x0d\x00D\x1bK\xb0*PX@\x1b\
\x07\x01\x05\x0b\x08\x0a\x03\x06\x01\x05\x06Y\x03\x02\x02\x01\
\x01\x0eC\x09\x04\x02\x00\x00\x0d\x00D\x1b@\x1b\x09\x04\
\x02\x00\x01\x00k\x07\x01\x05\x0b\x08\x0a\x03\x06\x01\x05\x06\
Y\x03\x02\x02\x01\x01\x0e\x01DYY@\x1c\x12\x12\x0e\
\x0e\x01\x01\x12\x15\x12\x15\x14\x13\x0e\x11\x0e\x11\x10\x0f\x01\
\x0d\x01\x0d\x12\x12\x11\x13\x0c\x1e+\x00\xff\xff\x00\x05\x00\
\x00\x02\xb4\x03\xbd\x00\x22\x01\xf4\x05\x00\x02&\x00;\x00\
\x00\x01\x07\x00B\x00v\x00\xd9\x00\x83\xb7\x08\x05\x02\x03\
\x02\x00\x01BK\xb0&PX@\x1b\x06\x01\x04\x03\x00\
\x03\x04\x00h\x00\x03\x03\x12C\x01\x01\x00\x00\x0cC\x05\
\x01\x02\x02\x0d\x02D\x1bK\xb0*PX@\x1b\x06\x01\
\x04\x03\x00\x03\x04\x00h\x00\x03\x03\x12C\x01\x01\x00\x00\
\x0eC\x05\x01\x02\x02\x0d\x02D\x1b@\x1b\x06\x01\x04\x03\
\x00\x03\x04\x00h\x01\x01\x00\x00\x0eC\x05\x01\x02\x02\x03\
Q\x00\x03\x03\x12\x02DYY@\x12\x0a\x0a\x01\x01\x0a\
\x0d\x0a\x0d\x0c\x0b\x01\x09\x01\x09\x12\x13\x07\x1c+\x00\xff\
\xff\x00\x05\x00\x00\x02\xb4\x03\xbd\x00\x22\x01\xf4\x05\x00\x02\
&\x00;\x00\x00\x01\x07\x00B\x00v\x00\xd9\x00\x83\xb7\
\x08\x05\x02\x03\x02\x00\x01BK\xb0&PX@\x1b\x06\
\x01\x04\x03\x00\x03\x04\x00h\x00\x03\x03\x12C\x01\x01\x00\
\x00\x0cC\x05\x01\x02\x02\x0d\x02D\x1bK\xb0*PX\
@\x1b\x06\x01\x04\x03\x00\x03\x04\x00h\x00\x03\x03\x12C\
\x01\x01\x00\x00\x0eC\x05\x01\x02\x02\x0d\x02D\x1b@\x1b\
\x06\x01\x04\x03\x00\x03\x04\x00h\x01\x01\x00\x00\x0eC\x05\
\x01\x02\x02\x03Q\x00\x03\x03\x12\x02DYY@\x12\x0a\
\x0a\x01\x01\x0a\x0d\x0a\x0d\x0c\x0b\x01\x09\x01\x09\x12\x13\x07\
\x1c+\x00\x00\x01\x00\x16\x00\xfa\x02\x22\x01J\x00\x03\x00\
\x1d@\x1a\x00\x00\x01\x01\x00M\x00\x00\x00\x01Q\x02\x01\
\x01\x00\x01E\x00\x00\x00\x03\x00\x03\x11\x03\x10+75\
!\x15\x16\x02\x0c\xfaPP\x00\x00\x00\x00\x01\x00\x04\x00\
\xfa\x03S\x01J\x00\x03\x00\x1d@\x1a\x00\x00\x01\x01\x00\
M\x00\x00\x00\x01Q\x02\x01\x01\x00\x01E\x00\x00\x00\x03\
\x00\x03\x11\x03\x10+75!\x15\x04\x03O\xfaPP\
\x00\x00\x00\x00\x01\x00<\x01\xf9\x00\xbc\x02\xfe\x00\x0d\x00\
EK\xb0\x0cPX@\x17\x03\x01\x02\x00\x00\x02^\x00\
\x00\x01\x01\x00M\x00\x00\x00\x01R\x00\x01\x00\x01F\x1b\
@\x16\x03\x01\x02\x00\x02j\x00\x00\x01\x01\x00M\x00\x00\
\x00\x01R\x00\x01\x00\x01FY@\x0a\x00\x00\x00\x0d\x00\
\x0d\x11\x15\x04\x11+\x13\x07\x0e\x01\x1d\x013\x15#5\
46?\x01\xb4\x1d\x04\x03,\x80\x06\x02/\x02\xfeB\
\x09\x0c\x0b\x0d\x96x\x08\x12\x07l\x00\x00\x01\x00>\x01\
\xd9\x00\xbd\x02\xde\x00\x0d\x00ZK\xb0\x0cPX@\x12\
\x03\x01\x02\x00\x00\x02_\x00\x00\x00\x01Q\x00\x01\x01\x0c\
\x00D\x1bK\xb0\x1aPX@\x11\x03\x01\x02\x00\x02k\
\x00\x00\x00\x01Q\x00\x01\x01\x0c\x00D\x1b@\x16\x03\x01\
\x02\x00\x02k\x00\x01\x00\x00\x01M\x00\x01\x01\x00Q\x00\
\x00\x01\x00EYY@\x0a\x00\x00\x00\x0d\x00\x0d\x11\x15\
\x04\x11+\x137>\x01=\x01#53\x15\x14\x06\x0f\
\x01F\x1c\x04\x03+\x7f\x06\x02.\x01\xd9A\x09\x0c\x0b\
\x0d\x97y\x08\x12\x07k\x00\x01\x00>\xff\x91\x00\xbd\x00\
\x97\x00\x0d\x00ZK\xb0\x0cPX@\x12\x03\x01\x02\x00\
\x00\x02_\x00\x01\x01\x00Q\x00\x00\x00\x0d\x00D\x1bK\
\xb0*PX@\x11\x03\x01\x02\x00\x02k\x00\x01\x01\x00\
Q\x00\x00\x00\x0d\x00D\x1b@\x16\x03\x01\x02\x00\x02k\
\x00\x01\x00\x00\x01M\x00\x01\x01\x00Q\x00\x00\x01\x00E\
YY@\x0a\x00\x00\x00\x0d\x00\x0d\x11\x15\x04\x11+\x17\
7>\x01=\x01#53\x15\x14\x06\x0f\x01F\x1c\x04\
\x03+\x7f\x06\x02.oB\x09\x0c\x0b\x0d\x97y\x08\x12\
\x07l\x00\xff\xff\x00<\x01\xf9\x01\x85\x02\xfe\x00#\x01\
\xf4\x00<\x01\xf9\x00&\x01\xac\x00\x00\x01\x07\x01\xac\x00\
\xc9\x00\x00\x00YK\xb0\x0cPX@\x1c\x07\x05\x06\x03\
\x02\x00\x00\x02^\x03\x01\x00\x01\x01\x00M\x03\x01\x00\x00\
\x01R\x04\x01\x01\x00\x01F\x1b@\x1b\x07\x05\x06\x03\x02\
\x00\x02j\x03\x01\x00\x01\x01\x00M\x03\x01\x00\x00\x01R\
\x04\x01\x01\x00\x01FY@\x14\x0f\x0f\x01\x01\x0f\x1c\x0f\
\x1c\x17\x16\x15\x14\x01\x0e\x01\x0e\x11\x16\x08\x1c+\x00\xff\
\xff\x00>\x01\xd9\x01\x86\x02\xde\x00#\x01\xf4\x00>\x01\
\xd9\x00&\x01\xad\x00\x00\x01\x07\x01\xad\x00\xc9\x00\x00\x00\
qK\xb0\x0cPX@\x16\x07\x05\x06\x03\x02\x00\x00\x02\
_\x03\x01\x00\x00\x01Q\x04\x01\x01\x01\x0c\x00D\x1bK\
\xb0\x1aPX@\x15\x07\x05\x06\x03\x02\x00\x02k\x03\x01\
\x00\x00\x01Q\x04\x01\x01\x01\x0c\x00D\x1b@\x1b\x07\x05\
\x06\x03\x02\x00\x02k\x04\x01\x01\x00\x00\x01M\x04\x01\x01\
\x01\x00Q\x03\x01\x00\x01\x00EYY@\x14\x0f\x0f\x01\
\x01\x0f\x1c\x0f\x1c\x17\x16\x15\x14\x01\x0e\x01\x0e\x11\x16\x08\
\x1c+\x00\xff\xff\x00>\xff\x91\x01\x86\x00\x97\x00\x22\x01\
\xf4>\x00\x00&\x01\xae\x00\x00\x01\x07\x01\xae\x00\xc9\x00\
\x00\x00qK\xb0\x0cPX@\x16\x07\x05\x06\x03\x02\x00\
\x00\x02_\x04\x01\x01\x01\x00Q\x03\x01\x00\x00\x0d\x00D\
\x1bK\xb0*PX@\x15\x07\x05\x06\x03\x02\x00\x02k\
\x04\x01\x01\x01\x00Q\x03\x01\x00\x00\x0d\x00D\x1b@\x1b\
\x07\x05\x06\x03\x02\x00\x02k\x04\x01\x01\x00\x00\x01M\x04\
\x01\x01\x01\x00Q\x03\x01\x00\x01\x00EYY@\x14\x0f\
\x0f\x01\x01\x0f\x1c\x0f\x1c\x17\x16\x15\x14\x01\x0e\x01\x0e\x11\
\x16\x08\x1c+\x00\x00\x00\x00\x01\x00<\xff\xf5\x01\xa3\x02\
\xc6\x00;\x00\xa0\xb5#\x1e\x19\x03\x03?K\xb0\x1bP\
X@\x14\x08\x07\x02\x03\x01\x06\x05\x04\x03\x03\x01\x03W\
\x09\x01\x00\x00\x0c\x00D\x1bK\xb0\x1ePX@\x19\x07\
\x01\x02\x01\x03\x02O\x08\x01\x01\x06\x05\x04\x03\x03\x01\x03\
W\x09\x01\x00\x00\x0c\x00D\x1bK\xb0&PX@\x1a\
\x08\x01\x01\x05\x01\x04\x03\x01\x04[\x07\x01\x02\x06\x01\x03\
\x02\x03W\x09\x01\x00\x00\x0c\x00D\x1b@\x1a\x08\x01\x01\
\x05\x01\x04\x03\x01\x04[\x07\x01\x02\x06\x01\x03\x02\x03W\
\x09\x01\x00\x00\x0e\x00DYYY@\x18\x01\x0053\
20,*)'\x15\x13\x12\x10\x0c\x0a\x09\x07\x00;\
\x01;\x0a\x0f+\x132\x16\x15\x14\x06\x1d\x01326\
32\x16\x15\x14\x06#\x22&+\x01\x15\x14\x16\x17\x0e\
\x03\x07.\x03'>\x01=\x01#\x22\x06#\x22&5\
4632\x16;\x0154&546\xf0\x09\x0f\
\x08(\x172\x13\x12\x0d\x0d\x12\x134\x17&\x10\x16\x02\
\x07\x0c\x13\x0e\x0f\x13\x0c\x07\x02\x16\x10&\x174\x13\x13\
\x0c\x0c\x13\x133\x17'\x08\x0f\x02\xc6\x0d\x13\x16( \
0\x09\x0f\x0a\x08\x10\x08 \x1c\x15\x07N\x81iS \
 Si\x81N\x07\x15\x1c \x08\x10\x08\x0a\x0f\x090\
 (\x16\x13\x0d\x00\x00\x00\x01\x00;\xff\xf0\x01\xa5\x02\
\xc6\x00e\x01IK\xb0\x1bPX\xb64\x00\x02\x09\x00\
\x01B\x1b\xb64\x00\x02\x0a\x01\x01BYK\xb0\x18P\
X@'\x06\x05\x03\x03\x02\x08\x07\x01\x03\x00\x09\x02\x00\
[\x11\x10\x0a\x03\x09\x0f\x0e\x0c\x03\x0b\x0d\x09\x0b[\x00\
\x04\x04\x0cC\x00\x0d\x0d\x15\x0dD\x1bK\xb0\x1bPX\
@,\x06\x01\x02\x03\x00\x02O\x05\x01\x03\x08\x07\x01\x03\
\x00\x09\x03\x00[\x11\x10\x0a\x03\x09\x0f\x0e\x0c\x03\x0b\x0d\
\x09\x0b[\x00\x04\x04\x0cC\x00\x0d\x0d\x15\x0dD\x1bK\
\xb0&PX@3\x05\x01\x03\x08\x01\x00\x01\x03\x00[\
\x06\x01\x02\x07\x01\x01\x0a\x02\x01[\x11\x01\x09\x0e\x01\x0c\
\x0b\x09\x0c[\x10\x01\x0a\x0f\x01\x0b\x0d\x0a\x0b[\x00\x04\
\x04\x0cC\x00\x0d\x0d\x15\x0dD\x1bK\xb0*PX@\
3\x05\x01\x03\x08\x01\x00\x01\x03\x00[\x06\x01\x02\x07\x01\
\x01\x0a\x02\x01[\x11\x01\x09\x0e\x01\x0c\x0b\x09\x0c[\x10\
\x01\x0a\x0f\x01\x0b\x0d\x0a\x0b[\x00\x04\x04\x0eC\x00\x0d\
\x0d\x15\x0dD\x1b@3\x05\x01\x03\x08\x01\x00\x01\x03\x00\
[\x06\x01\x02\x07\x01\x01\x0a\x02\x01[\x11\x01\x09\x0e\x01\
\x0c\x0b\x09\x0c[\x10\x01\x0a\x0f\x01\x0b\x0d\x0a\x0b[\x00\
\x0d\x0d\x04S\x00\x04\x04\x0e\x0dDYYYY@\x1d\
b`_]YWVTNLFDCA=;\
:8!$!&&!$!$\x12\x18+\x13>\
\x01=\x01#\x22\x06#\x22&54632\x16;\
\x0154&54632\x16\x15\x14\x06\x1d\x013\
2632\x16\x15\x14\x06#\x22&+\x01\x15\x14\x1e\
\x02\x17\x0e\x01\x1d\x0132632\x16\x15\x14\x06#\
\x22&+\x01\x15\x14\x16\x15\x14\x06#\x22&546\
=\x01#\x22\x06#\x22&54632\x16;\x01\
54&\xb2\x18\x14(\x14)\x16\x17\x11\x10\x18\x17'\
\x14)\x09\x11\x0a\x0a\x12\x09(\x14'\x17\x17\x11\x11\x17\
\x17(\x14'\x04\x0b\x11\x0c\x19\x13'\x14(\x17\x19\x0f\
\x10\x18\x17'\x14(\x09\x12\x0a\x0a\x11\x09)\x14'\x17\
\x19\x0f\x0f\x19\x16)\x14(\x14\x01[\x07H,!\x09\
\x11\x0a\x0a\x12\x0a-\x14/\x17\x15\x0f\x0f\x15\x17/\x14\
-\x0a\x12\x0a\x0a\x11\x09!\x16)\x22\x17\x03\x08H-\
 \x09\x14\x08\x09\x13\x090\x16-\x13\x14\x0e\x0e\x14\x13\
-\x160\x09\x13\x09\x08\x14\x09 -H\x00\x00\x00\x00\
\x01\x00<\x00\xd5\x015\x01\xd4\x00\x13\x00\x1e@\x1b\x00\
\x01\x00\x00\x01O\x00\x01\x01\x00S\x02\x01\x00\x01\x00G\
\x01\x00\x0b\x09\x00\x13\x01\x13\x03\x0f+7\x22.\x025\
4>\x0232\x1e\x02\x15\x14\x0e\x02\xb9\x1b-\x22\x13\
\x13\x22-\x1b\x19-\x22\x14\x14\x22-\xd5\x13\x22/\x1c\
\x1d/!\x12\x12!/\x1d\x1c/\x22\x13\x00\x00\x00\xff\
\xff\x00<\x00\x00\x04\xa0\x00\xab\x00\x22\x01\xf4<\x00\x00\
&\x00\x10\x00\x00\x00'\x00\x10\x01\xf2\x00\x00\x01\x07\x00\
\x10\x03\xe4\x00\x00\x00RK\xb0*PX@\x12\x04\x02\
\x02\x00\x00\x01Q\x08\x05\x07\x03\x06\x05\x01\x01\x0d\x01D\
\x1b@\x19\x04\x02\x02\x00\x01\x01\x00M\x04\x02\x02\x00\x00\
\x01Q\x08\x05\x07\x03\x06\x05\x01\x00\x01EY@\x19\x09\
\x09\x05\x05\x01\x01\x09\x0c\x09\x0c\x0b\x0a\x05\x08\x05\x08\x07\
\x06\x01\x04\x01\x04\x12\x09\x1b+\x00\x00\xff\xff\x00\x1d\xff\
\xec\x03\xad\x02\xde\x00\x22\x01\xf4\x1d\x00\x00'\x01\xc1\xff\
\xfc\x01x\x00'\x01\xb9\x00\xdf\x00\x00\x00'\x01\xc1\x01\
L\x00\x00\x01\x07\x01\xc1\x02\x80\x00\x00\x00\xebK\xb0&\
PX@2\x0f\x01\x02\x0e\x01\x00\x07\x02\x00[\x0b\x01\
\x07\x0d\x01\x09\x08\x07\x09[\x00\x03\x03\x01S\x04\x01\x01\
\x01\x14C\x14\x0c\x12\x03\x08\x08\x05T\x13\x0a\x11\x06\x10\
\x05\x05\x05\x15\x05D\x1bK\xb0*PX@0\x04\x01\
\x01\x00\x03\x02\x01\x03[\x0f\x01\x02\x0e\x01\x00\x07\x02\x00\
[\x0b\x01\x07\x0d\x01\x09\x08\x07\x09[\x14\x0c\x12\x03\x08\
\x08\x05T\x13\x0a\x11\x06\x10\x05\x05\x05\x15\x05D\x1b@\
8\x04\x01\x01\x00\x03\x02\x01\x03[\x0f\x01\x02\x0e\x01\x00\
\x07\x02\x00[\x0b\x01\x07\x0d\x01\x09\x08\x07\x09[\x14\x0c\
\x12\x03\x08\x05\x05\x08O\x14\x0c\x12\x03\x08\x08\x05T\x13\
\x0a\x11\x06\x10\x05\x05\x08\x05HYY@:XWF\
E87&%!!\x14\x13\x02\x01`^WdX\
dPNEVFV@>7D8D0.%\
6&6!$!$#\x22\x1c\x1a\x13 \x14 \x0c\
\x0a\x01\x12\x02\x12\x15\x1a+\x00\x00\x00\x00\x01\x00\x16\x00\
S\x00\xf0\x02\x0c\x00\x06\x00\x06\xb3\x05\x02\x01(+\x13\
\x17\x15'57\x15d\x8c\xda\xda\x01/kq\xad^\
\xaer\x00\x00\x01\x00\x16\x00S\x00\xf0\x02\x0c\x00\x06\x00\
\x06\xb3\x04\x01\x01(+\x135\x17\x15\x0757\x16\xda\
\xda\x8d\x01\x9ar\xae^\xadqk\x00\x00\x01\xffB\xff\
\xec\x01\x90\x02\xde\x00\x03\x00-K\xb0\x1aPX@\x0c\
\x00\x00\x00\x0cC\x02\x01\x01\x01\x0d\x01D\x1b@\x0a\x00\
\x00\x01\x00j\x02\x01\x01\x01aY@\x09\x00\x00\x00\x03\
\x00\x03\x11\x03\x10+\x07\x013\x01\xbe\x01\xf0^\xfe\x12\
\x14\x02\xf2\xfd\x0e\x00\x00\xff\xff\x00!\x01f\x01-\x02\
\xde\x00#\x01\xf4\x00!\x01f\x03\x07\x01\xc1\x00\x00\x01\
x\x00OK\xb0&PX@\x14\x05\x01\x02\x04\x01\x00\
\x02\x00W\x00\x03\x03\x01S\x00\x01\x01\x14\x03D\x1b@\
\x1b\x00\x01\x00\x03\x02\x01\x03[\x05\x01\x02\x00\x00\x02O\
\x05\x01\x02\x02\x00S\x04\x01\x00\x02\x00GY@\x12\x14\
\x13\x02\x01\x1c\x1a\x13 \x14 \x0c\x0a\x01\x12\x02\x12\x06\
\x1a+\x00\xff\xff\x00\x1a\x01o\x01S\x02\xd4\x00#\x01\
\xf4\x00\x1a\x01o\x03\x07\x01\xc5\x00\x00\x01x\x00x@\
\x0a\x0c\x01\x02\x01\x04\x01\x00\x02\x02BK\xb0&PX\
@\x16\x05\x01\x02\x03\x01\x00\x04\x02\x00Y\x06\x01\x04\x04\
\x01Q\x00\x01\x01\x0c\x04D\x1bK\xb02PX@\x16\
\x05\x01\x02\x03\x01\x00\x04\x02\x00Y\x06\x01\x04\x04\x01Q\
\x00\x01\x01\x0e\x04D\x1b@\x1b\x00\x01\x02\x04\x01M\x05\
\x01\x02\x03\x01\x00\x04\x02\x00Y\x00\x01\x01\x04Q\x06\x01\
\x04\x01\x04EYY@\x0e\x01\x01\x0e\x0d\x01\x0b\x01\x0b\
\x11\x11\x12\x12\x07\x1e+\xff\xff\x00\x19\x01f\x01@\x02\
\xd4\x00#\x01\xf4\x00\x19\x01f\x03\x07\x01\xc6\x00\x00\x01\
x\x00\x8a@\x0d\x1e\x02\x02\x03\x00\x1d\x11\x10\x03\x02\x03\
\x02BK\xb0&PX@\x1b\x00\x00\x00\x03\x02\x00\x03\
[\x00\x02\x00\x01\x02\x01W\x06\x01\x05\x05\x04Q\x00\x04\
\x04\x0c\x05D\x1bK\xb02PX@\x1b\x00\x00\x00\x03\
\x02\x00\x03[\x00\x02\x00\x01\x02\x01W\x06\x01\x05\x05\x04\
Q\x00\x04\x04\x0e\x05D\x1b@!\x00\x04\x06\x01\x05\x00\
\x04\x05Y\x00\x00\x00\x03\x02\x00\x03[\x00\x02\x01\x01\x02\
O\x00\x02\x02\x01S\x00\x01\x02\x01GYY@\x0d\x01\
\x01\x01!\x01!\x14$%&$\x07\x1f+\x00\x00\xff\
\xff\x00\x1c\x01f\x01L\x02\xde\x00#\x01\xf4\x00\x1c\x01\
f\x03\x07\x01\xc7\x00\x00\x01x\x00u@\x0a\x01\x01\x05\
\x00&\x01\x06\x05\x02BK\xb0&PX@#\x00\x03\
\x04\x00\x04\x03\x00h\x00\x00\x07\x01\x05\x06\x00\x05[\x00\
\x06\x00\x01\x06\x01W\x00\x04\x04\x02S\x00\x02\x02\x14\x04\
D\x1b@)\x00\x03\x04\x00\x04\x03\x00h\x00\x02\x00\x04\
\x03\x02\x04[\x00\x00\x07\x01\x05\x06\x00\x05[\x00\x06\x01\
\x01\x06O\x00\x06\x06\x01S\x00\x01\x06\x01GY@\x0f\
$#,*#0$0\x22\x12((\x22\x08\x1f+\
\x00\x00\x00\xff\xff\x00\x1f\x01o\x01E\x02\xd4\x00#\x01\
\xf4\x00\x1f\x01o\x03\x07\x01\xc8\x00\x00\x01x\x00`\xb5\
\x0a\x01\x00\x01\x01BK\xb0&PX@\x11\x03\x01\x02\
\x00\x02k\x00\x00\x00\x01Q\x00\x01\x01\x0c\x00D\x1bK\
\xb02PX@\x11\x03\x01\x02\x00\x02k\x00\x00\x00\x01\
Q\x00\x01\x01\x0e\x00D\x1b@\x16\x03\x01\x02\x00\x02k\
\x00\x01\x00\x00\x01M\x00\x01\x01\x00Q\x00\x00\x01\x00E\
YY@\x0a\x01\x01\x01\x0d\x01\x0d\x11\x16\x04\x1c+\xff\
\xff\x00\x1f\x01f\x01R\x02\xde\x00#\x01\xf4\x00\x1f\x01\
f\x03\x07\x01\xc9\x00\x00\x01x\x00H@\x09.!\x11\
\x01\x04\x02\x03\x01BK\xb0&PX@\x12\x00\x02\x00\
\x00\x02\x00W\x00\x03\x03\x01S\x00\x01\x01\x14\x03D\x1b\
@\x18\x00\x01\x00\x03\x02\x01\x03[\x00\x02\x00\x00\x02O\
\x00\x02\x02\x00S\x00\x00\x02\x00GY\xb5.+.(\
\x04\x1e+\xff\xff\x00 \x01f\x01P\x02\xde\x00#\x01\
\xf4\x00 \x01f\x03\x07\x01\xca\x00\x00\x01x\x00u@\
\x0a&\x01\x05\x06\x01\x01\x00\x05\x02BK\xb0&PX\
@#\x00\x03\x00\x04\x00\x03\x04h\x07\x01\x05\x00\x00\x03\
\x05\x00[\x00\x04\x00\x02\x04\x02W\x00\x06\x06\x01S\x00\
\x01\x01\x14\x06D\x1b@)\x00\x03\x00\x04\x00\x03\x04h\
\x00\x01\x00\x06\x05\x01\x06[\x07\x01\x05\x00\x00\x03\x05\x00\
[\x00\x04\x02\x02\x04O\x00\x04\x04\x02S\x00\x02\x04\x02\
GY@\x0f$#*(#.$.\x22\x12((\
\x22\x08\x1f+\x00\x00\x00\x00\x02\x00!\xff\xee\x01-\x01\
f\x00\x11\x00\x1f\x00PK\xb0*PX@\x15\x00\x01\
\x00\x03\x02\x01\x03[\x05\x01\x02\x02\x00S\x04\x01\x00\x00\
\x15\x00D\x1b@\x1b\x00\x01\x00\x03\x02\x01\x03[\x05\x01\
\x02\x00\x00\x02O\x05\x01\x02\x02\x00S\x04\x01\x00\x02\x00\
GY@\x12\x13\x12\x01\x00\x1b\x19\x12\x1f\x13\x1f\x0b\x09\
\x00\x11\x01\x11\x06\x0f+\x17\x22.\x0254>\x023\
2\x1e\x02\x15\x14\x06'2654.\x02#\x22\x06\
\x15\x14\x16\xa5\x1b0$\x15\x18'3\x1a\x1a/#\x14\
M9\x16\x1c\x07\x0c\x13\x0c\x17\x1b\x1b\x12\x181H0\
0F,\x15\x18/E-YfF*>&2\x1e\
\x0d7>>8\x00\x00\x00\x01\x00\x1f\xff\xf7\x00\xb2\x01\
\x5c\x00\x0a\x00FK\xb0*PX@\x14\x00\x01\x00\x00\
\x03\x01\x00Y\x00\x02\x02\x03Q\x04\x01\x03\x03\x0d\x03D\
\x1b@\x19\x00\x02\x01\x03\x02M\x00\x01\x00\x00\x03\x01\x00\
Y\x00\x02\x02\x03Q\x04\x01\x03\x02\x03EY@\x0b\x00\
\x00\x00\x0a\x00\x0a\x14\x11\x11\x05\x12+\x175#52\
>\x0273\x11^?\x13\x1b\x12\x0b\x03E\x09\xf1A\
\x09\x0f\x12\x09\xfe\x9b\x00\x00\x01\x00\x1e\xff\xf7\x01H\x01\
f\x00$\x00^\xb5\x01\x01\x04\x03\x01BK\xb0*P\
X@\x1c\x00\x01\x00\x03\x00\x01\x03h\x00\x02\x00\x00\x01\
\x02\x00[\x00\x03\x03\x04Q\x05\x01\x04\x04\x0d\x04D\x1b\
@!\x00\x01\x00\x03\x00\x01\x03h\x00\x02\x00\x00\x01\x02\
\x00[\x00\x03\x04\x04\x03M\x00\x03\x03\x04Q\x05\x01\x04\
\x03\x04EY@\x0c\x00\x00\x00$\x00$\x19&\x14*\
\x06\x13+\x17567>\x0354&#\x22\x06\x15\
\x14\x17#&54>\x0232\x1e\x02\x15\x14\x0e\x02\
\x073\x15\x1e1-\x12*#\x18!\x16\x1d'\x03J\
\x05\x17(3\x1d\x1a2(\x19\x222;\x18\xa2\x09<\
\x1c\x1e\x0b\x1e!#\x11\x1a\x16!\x1f\x0d\x0c\x14\x11\x1f\
0 \x10\x0f\x1e,\x1d 5,!\x0dJ\x00\x00\x00\
\x01\x00\x19\xff\xee\x01A\x01f\x003\x00\x81\xb5\x19\x01\
\x07\x00\x01BK\xb0*PX@,\x00\x02\x01\x00\x01\
\x02\x00h\x00\x05\x07\x06\x07\x05\x06h\x00\x03\x00\x01\x02\
\x03\x01[\x00\x00\x08\x01\x07\x05\x00\x07[\x00\x06\x06\x04\
S\x00\x04\x04\x15\x04D\x1b@1\x00\x02\x01\x00\x01\x02\
\x00h\x00\x05\x07\x06\x07\x05\x06h\x00\x03\x00\x01\x02\x03\
\x01[\x00\x00\x08\x01\x07\x05\x00\x07[\x00\x06\x04\x04\x06\
O\x00\x06\x06\x04S\x00\x04\x06\x04GY@\x0f\x00\x00\
\x003\x002\x22\x17.$\x12$!\x09\x16+75\
32654&#\x22\x06\x15#&5463\
2\x1e\x02\x15\x14\x06\x07\x1e\x03\x15\x14\x06#\x22.\x02\
54673\x14\x1632654&#\x84)\
\x1d!$\x17 !D\x02L@\x1b1&\x17\x1a\x19\
\x0d\x14\x0e\x07O?\x1d7,\x1a\x01\x01F&%\x1b\
&\x18\x17\x934\x13\x19\x1a\x12\x1d#\x0a\x0a6=\x0e\
\x1b(\x1b\x1a*\x09\x04\x12\x16\x18\x0b1?\x0d\x1d/\
!\x07\x0d\x07%)\x17\x1a\x14\x19\x00\x00\x02\x00\x1a\xff\
\xf7\x01S\x01\x5c\x00\x0a\x00\x0d\x00Y@\x0a\x0b\x01\x02\
\x01\x03\x01\x00\x02\x02BK\xb0*PX@\x16\x05\x01\
\x02\x03\x01\x00\x04\x02\x00Y\x00\x01\x01\x04Q\x06\x01\x04\
\x04\x0d\x04D\x1b@\x1b\x00\x01\x02\x04\x01M\x05\x01\x02\
\x03\x01\x00\x04\x02\x00Y\x00\x01\x01\x04Q\x06\x01\x04\x01\
\x04EY@\x0e\x00\x00\x0d\x0c\x00\x0a\x00\x0a\x11\x11\x12\
\x11\x07\x13+\x175#573\x153\x15#\x15\x03\
\x073\xcc\xb2\xa3a55P__\x09M<\xdc\xd3\
EM\x01\x10~\x00\x00\x00\x01\x00\x19\xff\xee\x01@\x01\
\x5c\x00 \x00g@\x0d\x1d\x01\x02\x03\x00\x1c\x10\x0f\x03\
\x02\x03\x02BK\xb0*PX@\x1c\x00\x04\x06\x01\x05\
\x00\x04\x05Y\x00\x00\x00\x03\x02\x00\x03[\x00\x02\x02\x01\
S\x00\x01\x01\x15\x01D\x1b@!\x00\x04\x06\x01\x05\x00\
\x04\x05Y\x00\x00\x00\x03\x02\x00\x03[\x00\x02\x01\x01\x02\
O\x00\x02\x02\x01S\x00\x01\x02\x01GY@\x0d\x00\x00\
\x00 \x00 \x14$%&#\x07\x14+\x13\x07>\x01\
32\x16\x15\x14\x0e\x02#\x22&'7\x1e\x0132\
654&#\x22\x06\x07'73\x07\x80\x07\x12!\
\x166H\x18)4\x1b-P\x1a;\x14% \x1d\x22\
\x22\x1d\x12&\x0b;\x0c\xee\x03\x01\x11G\x0b\x08::\
\x1e.\x1f\x10#('\x17\x16\x17\x1c\x1c\x19\x0a\x0b#\
\xb3K\x00\x00\x02\x00\x1c\xff\xee\x01L\x01f\x00!\x00\
/\x00v@\x0a\x00\x01\x05\x00%\x01\x06\x05\x02BK\
\xb0*PX@$\x00\x03\x04\x00\x04\x03\x00h\x00\x02\
\x00\x04\x03\x02\x04[\x00\x00\x07\x01\x05\x06\x00\x05[\x00\
\x06\x06\x01S\x00\x01\x01\x15\x01D\x1b@)\x00\x03\x04\
\x00\x04\x03\x00h\x00\x02\x00\x04\x03\x02\x04[\x00\x00\x07\
\x01\x05\x06\x00\x05[\x00\x06\x01\x01\x06O\x00\x06\x06\x01\
S\x00\x01\x06\x01GY@\x0f#\x22+)\x22/#\
/\x22\x12((!\x08\x14+7632\x1e\x02\x15\
\x14\x0e\x02#\x22.\x0254>\x0232\x16\x17#\
.\x01#\x22\x0e\x02\x17\x22\x06\x07\x14\x1e\x02326\
54&n%<\x19-#\x14\x16&3\x1d&<\
+\x17\x12'=*7I\x08J\x06#\x14\x12\x1d\x14\
\x0bK\x1d'\x04\x0a\x12\x1b\x11\x1a%&\xc4*\x13!\
/\x1b 0!\x11\x1b/@&\x22G:%/6\
\x14\x0f\x11\x1b\x22)\x1b\x1b\x0d\x1a\x14\x0d\x1f#\x1a\x22\
\x00\x00\x00\x00\x01\x00\x1f\xff\xf7\x01E\x01\x5c\x00\x0c\x00\
D\xb5\x09\x01\x00\x01\x01BK\xb0*PX@\x0f\x00\
\x01\x00\x00\x02\x01\x00Y\x03\x01\x02\x02\x0d\x02D\x1b@\
\x16\x03\x01\x02\x00\x02k\x00\x01\x00\x00\x01M\x00\x01\x01\
\x00Q\x00\x00\x01\x00EY@\x0a\x00\x00\x00\x0c\x00\x0c\
\x11\x15\x04\x11+\x17>\x037#5!\x15\x0e\x01\x07\
d\x02\x19%.\x17\xca\x01&8>\x0e\x09$MJ\
D\x1bKE:\x92T\x00\x03\x00\x1f\xff\xee\x01R\x01\
f\x00\x1f\x00,\x00<\x00I@\x09- \x10\x00\x04\
\x02\x03\x01BK\xb0*PX@\x13\x00\x01\x00\x03\x02\
\x01\x03[\x00\x02\x02\x00S\x00\x00\x00\x15\x00D\x1b@\
\x18\x00\x01\x00\x03\x02\x01\x03[\x00\x02\x00\x00\x02O\x00\
\x02\x02\x00S\x00\x00\x02\x00GY\xb5.+.'\x04\
\x13+%\x1e\x01\x15\x14\x0e\x02#\x22.\x02546\
7.\x0154>\x0232\x1e\x02\x15\x14\x06\x07\x06\
\x15\x14\x1632654.\x027>\x0154.\
\x02#\x22\x06\x15\x14\x1e\x02\x01\x0b\x1d*\x1d0<\x1e\
\x1b3'\x17$\x1d\x1c\x1e\x1a*4\x19\x1a1'\x17\
\x1d\x88.+\x1a\x1d0\x16 \x22'\x11\x16\x0d\x14\x18\
\x0b\x12&\x10\x18\x1e\xbb\x08+$!-\x1c\x0c\x0a\x18\
'\x1d -\x09\x0e\x22\x1b\x1e+\x1b\x0d\x0b\x19&\x1b\
\x18\x224\x0c%\x1b\x18\x15\x17\x0b\x13\x0e\x09@\x07\x14\
\x10\x0d\x12\x0a\x04\x11\x15\x0c\x11\x0c\x07\x00\x02\x00 \xff\
\xee\x01P\x01f\x00!\x00-\x00v@\x0a%\x01\x05\
\x06\x00\x01\x00\x05\x02BK\xb0*PX@$\x00\x03\
\x00\x04\x00\x03\x04h\x00\x01\x00\x06\x05\x01\x06[\x07\x01\
\x05\x00\x00\x03\x05\x00[\x00\x04\x04\x02S\x00\x02\x02\x15\
\x02D\x1b@)\x00\x03\x00\x04\x00\x03\x04h\x00\x01\x00\
\x06\x05\x01\x06[\x07\x01\x05\x00\x00\x03\x05\x00[\x00\x04\
\x02\x02\x04O\x00\x04\x04\x02S\x00\x02\x04\x02GY@\
\x0f#\x22)'\x22-#-\x22\x12((!\x08\x14\
+7\x06#\x22.\x0254>\x0232\x1e\x02\x15\
\x14\x0e\x02#\x22&'3\x1e\x0132>\x02'2\
674&#\x22\x06\x15\x14\x16\xff$=\x19.\x22\
\x15\x16&3\x1d%=+\x17\x12&=*8I\x08\
J\x07\x22\x14\x13\x1d\x14\x0bL\x1d(\x04&\x22\x1a%\
&\x90*\x13\x22/\x1b\x1f0!\x11\x1b/A&!\
G:%/6\x14\x0e\x10\x1b\x22(\x1b\x1c\x1a.\x1f\
\x22\x1c\x22\x00\x01\x00\x15\xff\xee\x02\xbc\x02\xde\x006\x00\
\xc8@\x12\x19\x01\x06\x05\x1a\x01\x04\x063\x01\x0b\x014\
\x01\x00\x0b\x04BK\xb0&PX@*\x07\x01\x04\x08\
\x01\x03\x02\x04\x03Y\x09\x01\x02\x0a\x01\x01\x0b\x02\x01Y\
\x00\x06\x06\x05S\x00\x05\x05\x14C\x00\x0b\x0b\x00S\x0c\
\x01\x00\x00\x15\x00D\x1bK\xb0*PX@(\x00\x05\
\x00\x06\x04\x05\x06[\x07\x01\x04\x08\x01\x03\x02\x04\x03Y\
\x09\x01\x02\x0a\x01\x01\x0b\x02\x01Y\x00\x0b\x0b\x00S\x0c\
\x01\x00\x00\x15\x00D\x1b@-\x00\x05\x00\x06\x04\x05\x06\
[\x07\x01\x04\x08\x01\x03\x02\x04\x03Y\x09\x01\x02\x0a\x01\
\x01\x0b\x02\x01Y\x00\x0b\x00\x00\x0bO\x00\x0b\x0b\x00S\
\x0c\x01\x00\x0b\x00GYY@\x1e\x01\x001/+*\
)(#\x22! \x1e\x1c\x17\x15\x11\x10\x0f\x0e\x08\x07\
\x06\x05\x006\x016\x0d\x0f+\x05\x22.\x02'#7\
3&45467#73>\x0332\x16\x17\
\x07.\x01#\x22\x06\x07!\x07!\x06\x15\x1c\x01\x173\
\x07#\x1e\x033267\x17\x0e\x01\x01\xc4Gx\x5c\
?\x0dH\x0d2\x01\x01\x01?\x0e>\x10A[sC\
7b+<\x1cD&Jm\x1a\x01+!\xfe\xe3\x03\
\x02\xf5\x1f\xca\x0b(7D)-T W1\x80\x12\
*Mi?<\x08\x11\x09\x0b\x18\x0d=9`F'\
\x1b\x1aw\x17\x16J==\x1a\x19\x08\x0f\x08<$;\
*\x18$\x22^06\x00\x01\x00!\x00\x00\x02\xc8\x02\
\xca\x00)\x00\xa0@\x0a\x03\x01\x01\x02\x0f\x01\x00\x01\x02\
BK\xb0&PX@$\x08\x01\x04\x0a\x09\x02\x03\x02\
\x04\x03Y\x00\x02\x00\x01\x00\x02\x01[\x07\x01\x05\x05\x06\
Q\x00\x06\x06\x0cC\x00\x00\x00\x0d\x00D\x1bK\xb0*\
PX@$\x08\x01\x04\x0a\x09\x02\x03\x02\x04\x03Y\x00\
\x02\x00\x01\x00\x02\x01[\x07\x01\x05\x05\x06Q\x00\x06\x06\
\x0eC\x00\x00\x00\x0d\x00D\x1b@$\x00\x00\x01\x00k\
\x08\x01\x04\x0a\x09\x02\x03\x02\x04\x03Y\x00\x02\x00\x01\x00\
\x02\x01[\x07\x01\x05\x05\x06Q\x00\x06\x06\x0e\x05DY\
Y@\x11\x00\x00\x00)\x00)\x12\x11\x11\x22\x11\x12!\
'\x1b\x0b\x18+\x01\x0e\x01\x07\x1e\x01\x17\x1e\x03\x17#\
.\x01'.\x03+\x0153267!5!.\
\x01#!5!\x15#\x16\x173\x15\x02F\x0bF1\
B:\x06\x01\x02\x05\x0a\x0a\x92\x0b\x0c\x03\x03\x07\x16-\
(\x0e(&3\x07\xfef\x01\x98\x0830\xfe\xd3\x02\
\xa7\xa7\x1e\x09\x80\x01\xb3?U\x0d\x13OG\x0d\x1b\x1c\
\x1a\x0b\x0f&+\x220\x1f\x0eo/6\x5c.2[\
['9\x5c\x00\x00\x00\x00\x01\x00!\x00\x00\x02\x90\x02\
\xca\x00\x1b\x00l@\x17\x1a\x19\x18\x17\x16\x15\x14\x13\x10\
\x0f\x0e\x0d\x0c\x0b\x0a\x09\x04\x03\x12\x00\x02\x01BK\xb0\
&PX@\x11\x00\x02\x02\x0cC\x03\x01\x00\x00\x01T\
\x00\x01\x01\x0d\x01D\x1bK\xb0*PX@\x11\x00\x02\
\x02\x0eC\x03\x01\x00\x00\x01T\x00\x01\x01\x0d\x01D\x1b\
@\x0e\x03\x01\x00\x00\x01\x00\x01X\x00\x02\x02\x0e\x02D\
YY@\x0c\x01\x00\x12\x11\x08\x06\x00\x1b\x01\x1b\x04\x0f\
+%267\x17\x0e\x01#!\x11\x07575\x07\
5753\x157\x15\x07\x157\x15\x07\x15\x01e9\
d\x1dq-\x95e\xfe\xfbCCCC\x8d\xc1\xc1\xc1\
\xc1y14EET\x01\x0c\x19\x5c\x19~\x19[\x19\
\x89TH[H~H\x5cH\xc8\x00\x00\x02\x00(\x00\
\x00\x02\x9a\x02\xca\x00\x1a\x00#\x00\xa1K\xb0&PX\
@&\x09\x01\x03\x05\x01\x02\x01\x03\x02[\x06\x01\x01\x07\
\x01\x00\x08\x01\x00Y\x0c\x01\x0a\x0a\x04S\x00\x04\x04\x0c\
C\x0b\x01\x08\x08\x0d\x08D\x1bK\xb0*PX@&\
\x09\x01\x03\x05\x01\x02\x01\x03\x02[\x06\x01\x01\x07\x01\x00\
\x08\x01\x00Y\x0c\x01\x0a\x0a\x04S\x00\x04\x04\x0eC\x0b\
\x01\x08\x08\x0d\x08D\x1b@&\x0b\x01\x08\x00\x08k\x09\
\x01\x03\x05\x01\x02\x01\x03\x02[\x06\x01\x01\x07\x01\x00\x08\
\x01\x00Y\x0c\x01\x0a\x0a\x04S\x00\x04\x04\x0e\x0aDY\
Y@\x18\x1b\x1b\x00\x00\x1b#\x1b\x22\x1e\x1c\x00\x1a\x00\
\x1a\x11\x11(!\x11\x11\x11\x11\x0d\x17+35#5\
35#53\x11!2\x1e\x02\x15\x14\x0e\x02+\x01\
\x15!\x15!\x15\x03\x1532654&#qI\
III\x01H;U7\x1a%?T.\xb4\x01<\
\xfe\xc4\x02\xa6.;75P\x5c`[\x01c*C\
R'1P8\x1f`\x5cP\x02R\xeb;73F\
\x00\x00\x00\x00\x04\x00\x1e\xff\xee\x02\xff\x02\xde\x00\x13\x00\
'\x006\x00?\x00\x0d@\x0a87)(\x1d\x14\x09\
\x00\x04(+\x05\x22.\x0254>\x0232\x1e\x02\
\x15\x14\x0e\x02'2>\x0254.\x02#\x22\x0e\x02\
\x15\x14\x1e\x02'\x1132\x1e\x02\x15\x14\x0e\x02+\x01\
\x15\x11\x1532654&#\x01\x92S\x89b6\
;f\x88MP\x85`68b\x85QAoQ.\
*MnEHqO**Np9\xbc\x1a&\x19\
\x0c\x11\x1e&\x15pg\x14\x18\x18\x17\x129f\x8eU\
S\x87`45`\x88SQ\x8dg;>1Uv\
E@pS/1So>FvV0\x8f\x01K\
\x15!)\x14\x17'\x1c\x0fo\x01\x0fd\x19\x15\x1a\x1c\
\x00\x00\x00\x00\x02\x00;\x01A\x038\x02\xca\x00\x07\x00\
\x14\x00\x08\xb5\x0f\x08\x03\x00\x02(+\x13\x11#5!\
\x15#\x11!5\x07#'\x15#\x113\x1b\x013\x11\
\x9ec\x01\x1a`\x01\xf2WWZQv`cq\x01\
A\x01FCC\xfe\xba\xe8\xe5\xe5\xe8\x01\x89\xfe\xed\x01\
\x13\xfew\xff\xff\x001\x00\x00\x02\x93\x02\xde\x00\x22\x01\
\xf41\x00\x02&\x01?\x00\x00\x01\x06\x00\x02\x00\x00\x00\
\x06\xb3#\x01\x01)+\xff\xff\x00\x1f\xff\xec\x02\xc2\x02\
\xde\x00\x22\x01\xf4\x1f\x00\x00'\x01\xc2\x00\x0d\x01x\x00\
'\x01\xb9\x00\xdd\x00\x00\x01\x07\x01\xc4\x01\x81\x00\x00\x02\
\x00\xb5)\x01\x0d\x06\x01BK\xb0\x18PX@B\x00\
\x08\x07\x06\x07\x08\x06h\x00\x0b\x0d\x0c\x0d\x0b\x0ch\x00\
\x01\x00\x00\x03\x01\x00Y\x00\x09\x00\x07\x08\x09\x07\x5c\x00\
\x06\x10\x01\x0d\x0b\x06\x0d[\x0e\x01\x03\x03\x02Q\x04\x01\
\x02\x02\x0cC\x00\x0c\x0c\x05S\x0a\x0f\x02\x05\x05\x15\x05\
D\x1bK\xb0\x1aPX@F\x00\x08\x07\x06\x07\x08\x06\
h\x00\x0b\x0d\x0c\x0d\x0b\x0ch\x00\x01\x00\x00\x03\x01\x00\
Y\x00\x09\x00\x07\x08\x09\x07\x5c\x00\x06\x10\x01\x0d\x0b\x06\
\x0d[\x00\x04\x04\x0cC\x0e\x01\x03\x03\x02Q\x00\x02\x02\
\x0cC\x00\x0c\x0c\x05S\x0a\x0f\x02\x05\x05\x15\x05D\x1b\
K\xb0&PX@F\x00\x04\x02\x04j\x00\x08\x07\x06\
\x07\x08\x06h\x00\x0b\x0d\x0c\x0d\x0b\x0ch\x00\x01\x00\x00\
\x03\x01\x00Y\x00\x09\x00\x07\x08\x09\x07\x5c\x00\x06\x10\x01\
\x0d\x0b\x06\x0d[\x0e\x01\x03\x03\x02Q\x00\x02\x02\x0cC\
\x00\x0c\x0c\x05S\x0a\x0f\x02\x05\x05\x15\x05D\x1bK\xb0\
*PX@F\x00\x04\x02\x04j\x00\x08\x07\x06\x07\x08\
\x06h\x00\x0b\x0d\x0c\x0d\x0b\x0ch\x00\x01\x00\x00\x03\x01\
\x00Y\x00\x09\x00\x07\x08\x09\x07\x5c\x00\x06\x10\x01\x0d\x0b\
\x06\x0d[\x0e\x01\x03\x03\x02Q\x00\x02\x02\x0eC\x00\x0c\
\x0c\x05S\x0a\x0f\x02\x05\x05\x15\x05D\x1bK\xb02P\
X@C\x00\x04\x02\x04j\x00\x08\x07\x06\x07\x08\x06h\
\x00\x0b\x0d\x0c\x0d\x0b\x0ch\x00\x01\x00\x00\x03\x01\x00Y\
\x00\x09\x00\x07\x08\x09\x07\x5c\x00\x06\x10\x01\x0d\x0b\x06\x0d\
[\x00\x0c\x0a\x0f\x02\x05\x0c\x05W\x0e\x01\x03\x03\x02Q\
\x00\x02\x02\x0e\x03D\x1b@I\x00\x04\x02\x04j\x00\x08\
\x07\x06\x07\x08\x06h\x00\x0b\x0d\x0c\x0d\x0b\x0ch\x00\x01\
\x00\x00\x03\x01\x00Y\x00\x02\x0e\x01\x03\x09\x02\x03Y\x00\
\x09\x00\x07\x08\x09\x07\x5c\x00\x06\x10\x01\x0d\x0b\x06\x0d[\
\x00\x0c\x05\x05\x0cO\x00\x0c\x0c\x05S\x0a\x0f\x02\x05\x0c\
\x05GYYYYY@'\x10\x10\x0c\x0c\x01\x01\x10\
C\x10B><:920\x22 \x1c\x1b\x19\x17\x13\
\x11\x0c\x0f\x0c\x0f\x0e\x0d\x01\x0b\x01\x0b\x14\x11\x12\x11\x1d\
+\x00\x00\xff\xff\x00\x1e\xff\xec\x03\x03\x02\xde\x00\x22\x01\
\xf4\x1e\x00\x00'\x01\xc3\x00\x00\x01x\x00'\x01\xb9\x01\
1\x00\x00\x01\x07\x01\xc4\x01\xc2\x00\x00\x01*@\x0a\x02\
\x01\x04\x03C\x01\x0e\x07\x02BK\xb0&PX@J\
\x00\x01\x00\x03\x00\x01\x03h\x00\x09\x08\x07\x08\x09\x07h\
\x00\x0c\x0e\x0d\x0e\x0c\x0dh\x00\x03\x0f\x01\x04\x0a\x03\x04\
Y\x00\x0a\x00\x08\x09\x0a\x08\x5c\x00\x07\x11\x01\x0e\x0c\x07\
\x0e[\x00\x00\x00\x02S\x05\x01\x02\x02\x14C\x00\x0d\x0d\
\x06S\x0b\x10\x02\x06\x06\x15\x06D\x1bK\xb0*PX\
@H\x00\x01\x00\x03\x00\x01\x03h\x00\x09\x08\x07\x08\x09\
\x07h\x00\x0c\x0e\x0d\x0e\x0c\x0dh\x05\x01\x02\x00\x00\x01\
\x02\x00[\x00\x03\x0f\x01\x04\x0a\x03\x04Y\x00\x0a\x00\x08\
\x09\x0a\x08\x5c\x00\x07\x11\x01\x0e\x0c\x07\x0e[\x00\x0d\x0d\
\x06S\x0b\x10\x02\x06\x06\x15\x06D\x1b@M\x00\x01\x00\
\x03\x00\x01\x03h\x00\x09\x08\x07\x08\x09\x07h\x00\x0c\x0e\
\x0d\x0e\x0c\x0dh\x05\x01\x02\x00\x00\x01\x02\x00[\x00\x03\
\x0f\x01\x04\x0a\x03\x04Y\x00\x0a\x00\x08\x09\x0a\x08\x5c\x00\
\x07\x11\x01\x0e\x0c\x07\x0e[\x00\x0d\x06\x06\x0dO\x00\x0d\
\x0d\x06S\x0b\x10\x02\x06\x0d\x06GYY@(**\
&&\x01\x01*]*\x5cXVTSLJ<:\
6531-+&)&)('\x01%\x01%\
\x19&\x14+\x12\x1e+\xff\xff\x00\x1f\xff\xec\x02\xca\x02\
\xde\x00\x22\x01\xf4\x1f\x00\x00'\x01\xc2\x00\x0d\x01x\x00\
'\x01\xb9\x00\xdd\x00\x00\x01\x07\x01\xc9\x01x\x00\x00\x01\
b@\x09=0 \x10\x04\x08\x09\x01BK\xb0\x18P\
X@)\x00\x01\x00\x00\x03\x01\x00Y\x00\x07\x00\x09\x08\
\x07\x09\x5c\x0a\x01\x03\x03\x02Q\x04\x01\x02\x02\x0cC\x00\
\x08\x08\x05S\x06\x0b\x02\x05\x05\x15\x05D\x1bK\xb0\x1a\
PX@-\x00\x01\x00\x00\x03\x01\x00Y\x00\x07\x00\x09\
\x08\x07\x09\x5c\x00\x04\x04\x0cC\x0a\x01\x03\x03\x02Q\x00\
\x02\x02\x0cC\x00\x08\x08\x05S\x06\x0b\x02\x05\x05\x15\x05\
D\x1bK\xb0&PX@-\x00\x04\x02\x04j\x00\x01\
\x00\x00\x03\x01\x00Y\x00\x07\x00\x09\x08\x07\x09\x5c\x0a\x01\
\x03\x03\x02Q\x00\x02\x02\x0cC\x00\x08\x08\x05S\x06\x0b\
\x02\x05\x05\x15\x05D\x1bK\xb0*PX@-\x00\x04\
\x02\x04j\x00\x01\x00\x00\x03\x01\x00Y\x00\x07\x00\x09\x08\
\x07\x09\x5c\x0a\x01\x03\x03\x02Q\x00\x02\x02\x0eC\x00\x08\
\x08\x05S\x06\x0b\x02\x05\x05\x15\x05D\x1bK\xb02P\
X@*\x00\x04\x02\x04j\x00\x01\x00\x00\x03\x01\x00Y\
\x00\x07\x00\x09\x08\x07\x09\x5c\x00\x08\x06\x0b\x02\x05\x08\x05\
W\x0a\x01\x03\x03\x02Q\x00\x02\x02\x0e\x03D\x1b@0\
\x00\x04\x02\x04j\x00\x01\x00\x00\x03\x01\x00Y\x00\x02\x0a\
\x01\x03\x07\x02\x03Y\x00\x07\x00\x09\x08\x07\x09\x5c\x00\x08\
\x05\x05\x08O\x00\x08\x08\x05S\x06\x0b\x02\x05\x08\x05G\
YYYYY@\x1b\x0c\x0c\x01\x01FD64)\
'\x19\x17\x0c\x0f\x0c\x0f\x0e\x0d\x01\x0b\x01\x0b\x14\x11\x12\
\x0c\x1d+\xff\xff\x00\x1d\xff\xec\x02\xf6\x02\xde\x00\x22\x01\
\xf4\x1d\x00\x00'\x01\xc4\x00\x04\x01x\x00'\x01\xb9\x01\
\x1c\x00\x00\x01\x07\x01\xc9\x01\xa4\x00\x00\x01R@\x0d\x1a\
\x01\x07\x00fYI9\x04\x0c\x0d\x02BK\xb0\x10P\
X@@\x00\x02\x01\x00\x01\x02\x00h\x00\x05\x07\x06\x06\
\x05`\x00\x00\x0e\x01\x07\x05\x00\x07[\x00\x06\x00\x04\x0b\
\x06\x04\x5c\x00\x0b\x00\x0d\x0c\x0b\x0d\x5c\x00\x01\x01\x03S\
\x08\x01\x03\x03\x14C\x00\x0c\x0c\x09S\x0a\x0f\x02\x09\x09\
\x15\x09D\x1bK\xb0&PX@A\x00\x02\x01\x00\x01\
\x02\x00h\x00\x05\x07\x06\x07\x05\x06h\x00\x00\x0e\x01\x07\
\x05\x00\x07[\x00\x06\x00\x04\x0b\x06\x04\x5c\x00\x0b\x00\x0d\
\x0c\x0b\x0d\x5c\x00\x01\x01\x03S\x08\x01\x03\x03\x14C\x00\
\x0c\x0c\x09S\x0a\x0f\x02\x09\x09\x15\x09D\x1bK\xb0*\
PX@?\x00\x02\x01\x00\x01\x02\x00h\x00\x05\x07\x06\
\x07\x05\x06h\x08\x01\x03\x00\x01\x02\x03\x01[\x00\x00\x0e\
\x01\x07\x05\x00\x07[\x00\x06\x00\x04\x0b\x06\x04\x5c\x00\x0b\
\x00\x0d\x0c\x0b\x0d\x5c\x00\x0c\x0c\x09S\x0a\x0f\x02\x09\x09\
\x15\x09D\x1b@D\x00\x02\x01\x00\x01\x02\x00h\x00\x05\
\x07\x06\x07\x05\x06h\x08\x01\x03\x00\x01\x02\x03\x01[\x00\
\x00\x0e\x01\x07\x05\x00\x07[\x00\x06\x00\x04\x0b\x06\x04\x5c\
\x00\x0b\x00\x0d\x0c\x0b\x0d\x5c\x00\x0c\x09\x09\x0cO\x00\x0c\
\x0c\x09S\x0a\x0f\x02\x09\x0c\x09GYYY@\x1f5\
5\x01\x01om_]RPB@58587\
6\x014\x013\x22\x17.$\x12$\x22\x10!+\xff\
\xff\x00\x1d\xff\xec\x02\xec\x02\xde\x00\x22\x01\xf4\x1d\x00\x00\
'\x01\xc6\x00\x04\x01x\x00'\x01\xb9\x01\x11\x00\x00\x01\
\x07\x01\xc9\x01\x9a\x00\x00\x01\x9f@\x14\x1e\x02\x02\x03\x00\
\x1d\x11\x10\x03\x02\x03SF6&\x04\x0a\x0b\x03BK\
\xb0\x18PX@1\x00\x00\x00\x03\x02\x00\x03[\x00\x02\
\x00\x01\x09\x02\x01[\x00\x09\x00\x0b\x0a\x09\x0b\x5c\x0c\x01\
\x05\x05\x04Q\x06\x01\x04\x04\x0cC\x00\x0a\x0a\x07S\x08\
\x0d\x02\x07\x07\x15\x07D\x1bK\xb0\x1aPX@5\x00\
\x00\x00\x03\x02\x00\x03[\x00\x02\x00\x01\x09\x02\x01[\x00\
\x09\x00\x0b\x0a\x09\x0b\x5c\x00\x06\x06\x0cC\x0c\x01\x05\x05\
\x04Q\x00\x04\x04\x0cC\x00\x0a\x0a\x07S\x08\x0d\x02\x07\
\x07\x15\x07D\x1bK\xb0&PX@5\x00\x06\x04\x06\
j\x00\x00\x00\x03\x02\x00\x03[\x00\x02\x00\x01\x09\x02\x01\
[\x00\x09\x00\x0b\x0a\x09\x0b\x5c\x0c\x01\x05\x05\x04Q\x00\
\x04\x04\x0cC\x00\x0a\x0a\x07S\x08\x0d\x02\x07\x07\x15\x07\
D\x1bK\xb0*PX@5\x00\x06\x04\x06j\x00\x00\
\x00\x03\x02\x00\x03[\x00\x02\x00\x01\x09\x02\x01[\x00\x09\
\x00\x0b\x0a\x09\x0b\x5c\x0c\x01\x05\x05\x04Q\x00\x04\x04\x0e\
C\x00\x0a\x0a\x07S\x08\x0d\x02\x07\x07\x15\x07D\x1bK\
\xb02PX@2\x00\x06\x04\x06j\x00\x00\x00\x03\x02\
\x00\x03[\x00\x02\x00\x01\x09\x02\x01[\x00\x09\x00\x0b\x0a\
\x09\x0b\x5c\x00\x0a\x08\x0d\x02\x07\x0a\x07W\x0c\x01\x05\x05\
\x04Q\x00\x04\x04\x0e\x05D\x1b@8\x00\x06\x04\x06j\
\x00\x04\x0c\x01\x05\x00\x04\x05Y\x00\x00\x00\x03\x02\x00\x03\
[\x00\x02\x00\x01\x09\x02\x01[\x00\x09\x00\x0b\x0a\x09\x0b\
\x5c\x00\x0a\x07\x07\x0aO\x00\x0a\x0a\x07S\x08\x0d\x02\x07\
\x0a\x07GYYYYY@\x1d\x22\x22\x01\x01\x5cZ\
LJ?=/-\x22%\x22%$#\x01!\x01!\
\x14$%&$\x0e\x1f+\x00\x00\x00\xff\xff\x00\x1d\xff\
\xec\x02\xdb\x02\xde\x00\x22\x01\xf4\x1d\x00\x00'\x01\xc8\xff\
\xfe\x01x\x00'\x01\xb9\x00\xf7\x00\x00\x01\x07\x01\xc9\x01\
\x89\x00\x00\x01e@\x0d\x0a\x01\x00\x01?2\x22\x12\x04\
\x07\x08\x02BK\xb0\x18PX@)\x09\x01\x02\x00\x06\
\x00\x02\x06h\x00\x06\x00\x08\x07\x06\x08\x5c\x00\x00\x00\x01\
Q\x03\x01\x01\x01\x0cC\x00\x07\x07\x04S\x05\x0a\x02\x04\
\x04\x15\x04D\x1bK\xb0\x1aPX@-\x09\x01\x02\x00\
\x06\x00\x02\x06h\x00\x06\x00\x08\x07\x06\x08\x5c\x00\x03\x03\
\x0cC\x00\x00\x00\x01Q\x00\x01\x01\x0cC\x00\x07\x07\x04\
S\x05\x0a\x02\x04\x04\x15\x04D\x1bK\xb0&PX@\
-\x00\x03\x01\x03j\x09\x01\x02\x00\x06\x00\x02\x06h\x00\
\x06\x00\x08\x07\x06\x08\x5c\x00\x00\x00\x01Q\x00\x01\x01\x0c\
C\x00\x07\x07\x04S\x05\x0a\x02\x04\x04\x15\x04D\x1bK\
\xb0*PX@-\x00\x03\x01\x03j\x09\x01\x02\x00\x06\
\x00\x02\x06h\x00\x06\x00\x08\x07\x06\x08\x5c\x00\x00\x00\x01\
Q\x00\x01\x01\x0eC\x00\x07\x07\x04S\x05\x0a\x02\x04\x04\
\x15\x04D\x1bK\xb02PX@*\x00\x03\x01\x03j\
\x09\x01\x02\x00\x06\x00\x02\x06h\x00\x06\x00\x08\x07\x06\x08\
\x5c\x00\x07\x05\x0a\x02\x04\x07\x04W\x00\x00\x00\x01Q\x00\
\x01\x01\x0e\x00D\x1b@0\x00\x03\x01\x03j\x09\x01\x02\
\x00\x06\x00\x02\x06h\x00\x01\x00\x00\x02\x01\x00Y\x00\x06\
\x00\x08\x07\x06\x08\x5c\x00\x07\x04\x04\x07O\x00\x07\x07\x04\
S\x05\x0a\x02\x04\x07\x04GYYYYY@\x1a\x0e\
\x0e\x01\x01HF86+)\x1b\x19\x0e\x11\x0e\x11\x10\
\x0f\x01\x0d\x01\x0d\x11\x16\x0b\x1c+\x00\x00\x02\x00\x1e\xff\
\xf1\x02\x1f\x02\xd1\x00(\x006\x00\x08\xb50)#\x17\
\x02(+74>\x0232\x1e\x02\x17>\x0154\
.\x02#\x22\x075>\x0132\x1e\x02\x15\x14\x0e\x04\
#\x22.\x02\x17267.\x03#\x22\x06\x15\x14\x16\
\x1e\x22;Q/\x1972+\x0f\x07\x08\x16*>(\
\x1a\x1b\x15(\x12;V9\x1b\x0c\x1a+@V78\
U9\x1d\xdf6O\x1d\x0c#),\x15=<=\xbe\
-Q=#\x0d\x1a'\x19\x1d9\x19-K6\x1f\x07\
_\x05\x03*Kh>)ce^J,\x1f8J\
5?N\x19#\x16\x0aF7-?\xff\xff\x00\x0b\x00\
\x00\x02\xea\x02\xca\x00\x22\x01\xf4\x0b\x00\x02&\x01>\x00\
\x00\x01\x06\x00\x02\x00\x00\x00\x08\xb5\x07\x05\x03\x01\x02)\
+\x00\x00\x00\x01\x00;\xffS\x02$\x02\xca\x00\x07\x00\
\x06\xb3\x05\x00\x01(+\x05\x11#\x11#\x11!\x11\x01\
\xad\xfcv\x01\xe9\xad\x03\x10\xfc\xf0\x03w\xfc\x89\x00\x00\
\x01\x00%\xff\x87\x02\x04\x02\xca\x00\x0b\x00\x06\xb3\x04\x00\
\x01(+\x175\x13\x035!\x15!\x13\x03!\x15%\
\xda\xda\x01\xdf\xfe\xb1\xc9\xc9\x01OyQ\x01Q\x01P\
Qq\xfe\xd0\xfe\xcdo\x00\x01\x00;\x01/\x01\xcc\x01\
\x8a\x00\x03\x00\x06\xb3\x01\x00\x01(+\x135!\x15;\
\x01\x91\x01/[[\x00\x00\x01\x00\x19\x00\x00\x02;\x02\
\xca\x00\x08\x00\x06\xb3\x06\x00\x01(+3\x03#53\
\x17\x133\x03\xc2\x5cM\xa2O\xbdt\xe9\x01\x0e[\xe7\
\x02H\xfd6\x00\x00\x00\x00\x03\x00;\x00\xb2\x02D\x02\
\x07\x00'\x00;\x00O\x00\x0a\xb7J@1(\x18\x04\
\x03(+\x134>\x0232\x1e\x02\x17>\x0332\
\x1e\x02\x15\x14\x0e\x02#\x22.\x02'\x0e\x03#\x22.\
\x02%\x22\x0e\x02\x15\x14\x1e\x0232>\x0254.\
\x02\x05\x14\x1e\x0232>\x0254.\x02#\x22\x0e\
\x02;\x14#1\x1d\x16*!\x18\x06\x06\x19\x22)\x16\
\x1d1#\x14\x14#1\x1d\x16)\x22\x19\x06\x06\x18!\
*\x16\x1d1#\x14\x01g\x0e\x18\x13\x0b\x0b\x13\x18\x0e\
\x0f\x19\x14\x0b\x0b\x14\x19\xfe\xe7\x0a\x12\x19\x0f\x0e\x19\x13\
\x0b\x0b\x13\x19\x0e\x0f\x19\x12\x0a\x01]0A(\x11\x07\
\x14#\x1c\x1c#\x14\x07\x11(A00A(\x12\x07\
\x14#\x1c\x1c#\x14\x07\x12(Ao\x03\x0d\x19\x16\x17\
\x19\x0d\x03\x05\x0e\x19\x14\x14\x19\x0d\x05?\x14\x19\x0e\x05\
\x03\x0d\x19\x17\x16\x19\x0d\x03\x05\x0d\x19\x00\x01\x00\x16\xff\
+\x01\x93\x02\xca\x00\x15\x00\x06\xb3\x08\x00\x01(+\x17\
53265\x1146;\x01\x15#\x22\x06\x15\x11\
\x14\x0e\x02#\x16=#\x1ecNN>#\x1d\x1a/\
A'\xd5q!%\x02;XUp!&\xfd\xc7-\
A,\x15\xff\xff\x00;\x00\x91\x029\x02\x07\x00#\x01\
\xf4\x00;\x00\x91\x02&\x00`\x00\x94\x01\x06\x00`\x00\
l\x00\x08\xb5<+\x1a\x09\x02)+\x00\x01\xff\xdd\xff\
\xec\x02*\x02\xde\x00\x13\x00\x06\xb3\x09\x00\x01(+\x07\
7#537#5373\x073\x15#\x073\
\x15!\x07#\x8c.jS\xbd\xf9\x99]\x979vR\
\xc8\xfe\xfb\x8b\x14\xd5\x5c~[\xe8\xe8[~\x5c\xd5\xff\
\xff\x00:\xff\xe2\x01\xcc\x02k\x00\x22\x01\xf4:\x00\x02\
&\x00\x1e\x00\x00\x01\x07\x01\xdc\xff\xff\xfe\xb3\x00\x08\xb5\
\x09\x08\x07\x03\x02)+\xff\xff\x00:\xff\xe2\x01\xcc\x02\
k\x00\x22\x01\xf4:\x00\x02&\x00 \x00\x00\x01\x07\x01\
\xdc\xff\xff\xfe\xb3\x00\x08\xb5\x09\x08\x05\x01\x02)+\x00\
\x02\x00!\x00\x00\x01\xff\x02\xca\x00\x05\x00\x09\x00\x08\xb5\
\x09\x07\x02\x00\x02(+3\x03\x133\x13\x03\x13'\x07\
\x17\xd4\xb3\xb3\x81\xaa\xaa3uvv\x01e\x01e\xfe\
\x9b\xfe\x9b\x01e\xe6\xe6\xe5\x00\x00\x00\x00\x02\x00\x16\x00\
\x00\x04A\x02\x83\x00n\x00\x9a\x00\x08\xb5\x97\x8f7\x00\
\x02(+!\x22.\x0254.\x02#\x22\x06\x07\x0e\
\x01\x07\x0e\x03#\x22.\x0254654&'7\
#\x22&547&#.\x03+\x015353\
>\x0332\x17326734632\x16\x15\
32\x16\x15\x14\x06\x07\x14\x1632>\x0232\x15\
\x0e\x01\x07\x0e\x03\x15\x14\x1e\x02\x17\x1e\x01\x17\x1e\x01\x15\
\x14\x0e\x02#%4.\x02#\x22\x0e\x02#\x22'>\
\x0354.\x02#632\x16\x17>\x017.\x01\
#\x22\x06\x15\x14\x1e\x02326\x03\x9f\x0c\x0e\x08\x03\
\x09\x1b2(\x0e\x1e\x09\x0b\x06\x03\x03\x11\x1a\x1f\x10\x1b\
5*\x1b\x07\x0c\x06\x07-#\x1c\x05\x0c*\x05\x19 \
!\x0b\xa0\x09\x12\x01\x0b\x10\x10\x06$\x0c\xed\x13\x0c\x02\
\xbf\x07\x08\x07\x05E\x06\x0d\x05\x09\x17\x17\x07\x0d\x0b\x0c\
\x08\x10\x0c\x0a\x05\x0a\x10\x0c\x06\x13\x19\x1a\x07<e1\
\x14\x1f\x01\x07\x10\x0e\xfe\x8a\x01\x07\x0e\x0d\x11\x0b\x0c\x18\
\x1c\x09\x0a\x09\x17\x14\x0e\x11\x1a\x1c\x0b\x0a\x12\x0b\x11\x05\
\x05\x11\x09\x0e\x22\x10$.\x1c)1\x15 ,\x14\x1c\
!\x0d!OE.\x0d\x0b\x0e0\x12\x14\x17\x0d\x04\x0b\
\x19(\x1c\x0e\x16\x0e\x09\x0b\x09\x07&\x14\x0f\x0c\x13\x0c\
\x15\x10\x09M\x1d\x07\x0b\x07\x03\x1c\x04\x03\x05\x08\x08\x05\
\x0b\x0c\x06\x0a\x02\x06\x0b\x09\x0a\x09\x0a\x05\x11\x05\x08\x06\
\x04\x04\x05\x07\x01\x04\x10\x15\x17eL X;\x0c\x22\
\x1f\x17\xe9\x06\x11\x0f\x0b\x1f$\x1f\x03\x02\x0a\x10\x16\x0e\
\x15\x1a\x0f\x06\x09\x06\x04\x03\x08\x02\x02\x04#&\x1c$\
\x15\x08\x17\x00\x02\x00\x16\x00\x00\x04A\x02\x83\x00m\x00\
\x99\x00\x08\xb5xp6\x00\x02(+3\x22.\x025\
467>\x017>\x0354.\x02'.\x01'\
4632\x1e\x023265.\x01546;\
\x014632\x16\x153\x1e\x01;\x01632\x16\
\x173\x173\x15#\x22\x0e\x02\x07\x22\x07\x16\x15\x14\x06\
+\x01\x17\x0e\x01\x15\x14\x16\x15\x14\x0e\x02#\x22.\x02\
'.\x01'.\x01#\x22\x0e\x02\x15\x14\x0e\x02#7\
\x1e\x0132>\x0254&#\x22\x06\x07\x1e\x01\x17\
>\x0132\x17\x22\x0e\x02\x15\x14\x1e\x02\x17\x06#\x22\
.\x02#\x22\x0e\x02;\x0e\x0f\x07\x01\x1f\x141d<\
\x07\x1a\x1a\x12\x06\x0c\x10\x09\x05\x0a\x0d\x0b\x06\x07\x0c\x0c\
\x0d\x08\x16\x17\x09\x06\x0e\x05F\x05\x07\x08\x06\xc1\x01\x0c\
\x13\xec\x0c&\x0b#\x02\x12\x01\x09\xa1\x0b \x1f\x1b\x05\
)\x0d\x07\x1d#-\x08\x07\x0b\x05\x1a*5\x1a\x11\x1f\
\x1a\x11\x03\x03\x06\x0b\x0a\x1d\x0e)1\x1c\x09\x02\x08\x0f\
\x0c\xfb\x02+\x1f\x151*\x1c.$\x11\x22\x0e\x0b\x10\
\x06\x04\x11\x0b\x11\x0c\x0c\x1c\x19\x11\x0e\x13\x17\x09\x0b\x08\
\x1d\x17\x0c\x0c\x11\x0c\x0e\x07\x01\x17\x1f\x22\x0c;X \
Le\x17\x15\x10\x04\x01\x07\x05\x04\x04\x06\x08\x05\x11\x05\
\x05\x05\x09\x0a\x09\x0b\x06\x02\x0a\x06\x0c\x0b\x05\x08\x08\x05\
\x03\x04\x1c\x0d\x0f\x1dM\x09\x10\x15\x0c\x13\x0c\x0f\x14&\
\x07\x09\x0b\x09\x0e\x16\x0e\x1c(\x19\x0b\x04\x0d\x17\x14\x12\
0\x0e\x0b\x0d.EO!\x0d!\x1c\x14\xe9'\x17\x08\
\x15$\x1c&#\x04\x02\x02\x08\x03\x04\x06\x09\x06\x0f\x1a\
\x15\x0e\x16\x10\x0a\x02\x03\x1f$\x1f\x0b\x0f\x11\x00\x00\x00\
\x01\x00\x1c\xff\xe5\x02\xd9\x02\xa7\x00\xb7\x00\x06\xb3\xb46\
\x01(+\x05.\x0154>\x0254&#\x22\x0e\
\x02#\x22&5467\x0e\x01\x15\x14\x1632>\
\x027>\x0132\x1e\x02\x17>\x017\x0e\x01#\x22\
&54>\x0232\x1e\x02\x15\x14\x06\x07>\x015\
4&#\x22\x0e\x02\x15\x14\x163267632\
\x1632>\x0254&'\x1e\x01\x15\x14\x06\x07\x1e\
\x03\x15\x14\x06\x07>\x0154.\x02#\x22\x0e\x02\x15\
>\x0132\x1e\x02\x15\x14\x06\x15\x14\x163265\
4'\x1e\x01\x15\x14\x0e\x02#\x22.\x02'.\x03#\
\x22\x06\x15\x14\x1e\x02\x15\x14\x0e\x04\x15\x14\x16326\
7\x0e\x01#\x22&\x01b39\x1b!\x1c\x08\x08\x0d\
\x22+6\x22/A !\x0e\x10\x08\x0c\x0a\x0a\x03\x01\
\x03\x080#\x1b+ \x17\x08\x07\x22%\x05\x0f\x08-\
4\x13\x1f'\x14\x07\x1c\x1c\x15\x13\x0d\x06\x08'\x12\x10\
\x1f\x18\x0f)#\x1a+\x1a\x22 \x0f!\x11\x0a\x17\x14\
\x0c\x0f\x0d\x14\x19%\x19\x0f\x1f\x19\x11\x22\x1c\x0e\x17#\
26\x13$A1\x1d\x1dJ*\x18,!\x13\x0f\x0f\
\x0e\x13\x19\x01\x08\x07\x15!'\x13\x1c0) \x0c\x03\
\x07\x0a\x0c\x07\x08\x0f!'!\x0d\x14\x16\x14\x0d\x0c\x09\
\x05\x0a\x05\x05\x1a\x0e\x08\x0f\x17\x0dT2(4%\x1d\
\x11\x06\x0a\x19\x1f\x19+(\x1e4\x01\x09\x15\x12\x09\x13\
\x0e\x15\x17\x09 0\x17$,\x154H\x1c\x03\x021\
#\x18&\x19\x0e\x04\x0a\x14\x0f\x11\x13\x05\x07\x14\x07\x12\
\x11\x0c\x17\x1f\x13\x1a!\x13\x05\x07\x03\x05\x0d\x16\x12\x0e\
\x16\x0a\x06\x1c\x14\x1d!\x02\x04\x0d\x13\x1b\x12\x1e,\x06\
\x0f\x22\x16\x19!\x14\x08\x14,F1\x1c.\x0f\x1a$\
\x16\x11\x1e\x11\x0b\x0f!\x14\x07\x04\x06\x12\x09\x18\x22\x17\
\x0a\x13\x1f)\x16\x06\x11\x0e\x0a\x0e\x0b\x0f\x22+9&\
\x1e\x22\x10\x05\x04\x08\x0b\x07\x0a\x05\x03\x0e\x0a\x02\x00\x00\
\x02\x00#\xff\xee\x02z\x02\xde\x00\x11\x00\x1f\x00\x08\xb5\
\x19\x12\x07\x00\x02(+\x05\x22&54>\x0232\
\x1e\x02\x15\x14\x0e\x02'26'.\x03#\x22\x06\x15\
\x14\x16\x01L\x9d\x8c/SqCCkK(#J\
rMNY\x01\x02\x16(<'PWS\x12\xc2\xc0\
`\x8bY*0^\x89YY\x8fc5r\x80\x82H\
e?\x1cz\x88\x88\x80\x00\x01\x00t\x00\x00\x02/\x02\
\xca\x00\x0e\x00\x06\xb3\x0a\x00\x01(+353\x11#\
52>\x0273\x113\x15t\x9a\x89(9%\x14\
\x05q\x9ax\x01|j\x0e\x1b(\x1b\xfd\xaex\x00\xff\
\xff\x00(\x00\x00\x02s\x02\xde\x00\x22\x01\xf4(\x00\x01\
\x06\x00\x14\x05\x00\x00\x06\xb3\x1f\x01\x01)+\x00\x00\xff\
\xff\x00,\xff\xee\x02p\x02\xde\x00\x22\x01\xf4,\x00\x01\
\x06\x00\x15\x12\x00\x00\x06\xb3*\x18\x01)+\x00\x00\xff\
\xff\x00\x1b\x00\x00\x02\x82\x02\xca\x00\x22\x01\xf4\x1b\x00\x01\
\x06\x00\x16\x00\x00\x00\x08\xb5\x0d\x0c\x05\x01\x02)+\xff\
\xff\x00,\xff\xee\x02p\x02\xca\x00\x22\x01\xf4,\x00\x01\
\x06\x00\x17\x13\x00\x00\x06\xb3%\x0e\x01)+\x00\x00\xff\
\xff\x00#\xff\xee\x02z\x02\xde\x00\x22\x01\xf4#\x00\x03\
\x06\x00\x18\x04\x00\x00\x08\xb5,%\x16\x0c\x02)+\xff\
\xff\x00,\x00\x00\x02n\x02\xca\x00\x22\x01\xf4,\x00\x01\
\x06\x00\x19\x06\x00\x00\x06\xb3\x08\x01\x01)+\x00\x00\xff\
\xff\x00\x22\xff\xee\x02~\x02\xde\x00\x22\x01\xf4\x22\x00\x01\
\x06\x00\x1a\xfc\x00\x00\x0a\xb7E>-&\x15\x05\x03)\
+\x00\x00\xff\xff\x00$\xff\xee\x02z\x02\xde\x00\x22\x01\
\xf4$\x00\x03\x06\x00\x1b\xfc\x00\x00\x08\xb5/(\x17\x0d\
\x02)+\x00\x01\x00\x00\x00\x00\x00\x00\x00\x00\x00\x00\x00\
\x07\xb2\x05\x01\x05E`D1\x00\x00\x00\x01\x00\x00\x00\
\x013u\x0bTc\x0e_\x0f<\xf5\x00\x09\x03\xe8\x00\
\x00\x00\x00\xd1\xa4\xc3\xda\x00\x00\x00\x00\xd1\xa5t0\xff\
B\xff\x0e\x04\xe3\x03\xbd\x00\x00\x00\x09\x00\x02\x00\x00\x00\
\x00\x00\x00\x00\x01\x00\x00\x03\xbd\xff\x0d\x00\x00\x04\xfc\xff\
B\xffC\x04\xe3\x00\x01\x00\x00\x00\x00\x00\x00\x00\x00\x00\
\x00\x00\x00\x00\x00\x01\xf4\x034\x00+\x01\x0d\x00\x00\x01\
\x0d\x00\x00\x01\x18\x00<\x01\x92\x00<\x02J\x00%\x02\
\x1b\x00$\x02\xe1\x00\x1d\x02\xc6\x00\x17\x00\xe1\x00<\x01\
\xd5\x00a\x01\xd5\x00\x16\x01\xc4\x00;\x02\x07\x00:\x00\
\xff\x00<\x01=\x00\x16\x00\xf9\x00<\x01\xbe\x00\x03\x02\
b\x00)\x01d\x00$\x02\x92\x00#\x02\x82\x00\x1a\x02\
\xa3\x00\x1b\x02\x7f\x00\x19\x02\x9d\x00\x1f\x02\x8f\x00&\x02\
\xa8\x00&\x02\x9d\x00(\x00\xf9\x00<\x00\xff\x00<\x02\
\x07\x00;\x02\x07\x00;\x02\x07\x00;\x02 \x00\x18\x03\
\x01\x00\x1e\x02\xeb\x00\x05\x02\xd3\x00<\x03\x14\x00\x1f\x02\
\xc3\x00<\x02\x98\x00<\x02s\x00<\x03'\x00\x1f\x02\
\xd2\x00<\x01\x0e\x00@\x01\xec\x00\x0c\x02\xef\x00<\x02\
\x99\x00<\x03c\x009\x02\xdf\x009\x03\x1a\x00\x1f\x02\
\xd1\x00<\x03\x1a\x00\x1f\x02\xe3\x00<\x02\xa0\x00\x13\x02\
o\x00\x13\x02\xd7\x001\x02\x91\x00\x07\x04\x1b\x00\x09\x02\
\xba\x00\x08\x02\xba\x00\x05\x02\x91\x00-\x01|\x00t\x01\
\xbe\x00\x03\x01|\x00\x1f\x01\xd3\x00\x15\x02\x14\x00\x00\x01\
w\x00:\x02\xeb\x00\x05\x02\xd3\x00<\x03\x14\x00\x1f\x02\
\xc3\x00<\x02\x98\x00<\x02s\x00<\x03'\x00\x1f\x02\
\xd2\x00<\x01\x0e\x00@\x01\xec\x00\x0c\x02\xef\x00<\x02\
\x99\x00<\x03c\x009\x02\xdf\x009\x03\x1a\x00\x1f\x02\
\xd1\x00<\x03\x1a\x00\x1f\x02\xe3\x00<\x02\xa0\x00\x13\x02\
o\x00\x13\x02\xd7\x001\x02\x91\x00\x07\x04\x1b\x00\x09\x02\
\xba\x00\x08\x02\xba\x00\x05\x02\x91\x00-\x01\x91\x00V\x01\
\x1c\x00a\x01\x91\x00\x1e\x02u\x00;\x01\x0d\x00\x00\x01\
\x18\x00<\x01\xec\x00\x1f\x02\xd3\x00\x1f\x02o\x00;\x02\
^\x00\x14\x01\x1c\x00a\x02\x8e\x00)\x01\xee\x00;\x03\
 \x00\x1f\x01x\x00(\x02\x0f\x00\x16\x02[\x00;\x03\
 \x00\x1e\x01\xa5\x00;\x01g\x00<\x02\x07\x00:\x01\
g\x00\x1e\x01_\x00\x19\x01w\x00:\x02V\x002\x02\
/\x00\x1f\x00\xf9\x00<\x00\xec\x00:\x00\xd9\x00\x1f\x01\
\x87\x00(\x02\x0f\x00\x16\x02\xdc\x00\x1f\x02\xd9\x00\x1f\x03\
\x05\x00\x1d\x02 \x00\x1f\x02\xeb\x00\x05\x02\xeb\x00\x05\x02\
\xeb\x00\x05\x02\xeb\x00\x05\x02\xeb\x00\x05\x02\xeb\x00\x05\x03\
\xfa\x00\x05\x03\x14\x00\x1f\x02\x98\x00<\x02\x98\x00<\x02\
\x98\x00<\x02\x98\x00<\x01\x0e\xff\xd1\x01\x0e\x00<\x01\
\x0e\xff\xdc\x01\x0e\xff\xcb\x02\xc1\x00\x07\x02\xdf\x009\x03\
\x1a\x00\x1f\x03\x1a\x00\x1f\x03\x1a\x00\x1f\x03\x1a\x00\x1f\x03\
\x1a\x00\x1f\x02\x07\x00U\x03\x1a\x00\x1f\x02\xd7\x001\x02\
\xd7\x001\x02\xd7\x001\x02\xd7\x001\x02\xba\x00\x05\x02\
\xd1\x00<\x02\x8f\x002\x02\xeb\x00\x05\x02\xeb\x00\x05\x02\
\xeb\x00\x05\x02\xeb\x00\x05\x02\xeb\x00\x05\x02\xeb\x00\x05\x03\
\xfa\x00\x05\x03\x14\x00\x1f\x02\x98\x00<\x02\x98\x00<\x02\
\x98\x00<\x02\x98\x00<\x01\x0e\xff\xd1\x01\x0e\x00<\x01\
\x0e\xff\xdc\x01\x0e\xff\xcb\x02\xc1\x00\x07\x02\xdf\x009\x03\
\x1a\x00\x1f\x03\x1a\x00\x1f\x03\x1a\x00\x1f\x03\x1a\x00\x1f\x03\
\x1a\x00\x1f\x02\x07\x00;\x03\x1a\x00\x1f\x02\xd7\x001\x02\
\xd7\x001\x02\xd7\x001\x02\xd7\x001\x02\xba\x00\x05\x02\
\xd1\x00<\x02\xba\x00\x05\x02\xeb\x00\x05\x02\xeb\x00\x05\x02\
\xeb\x00\x05\x02\xeb\x00\x05\x02\xeb\x00\x05\x02\xeb\x00\x05\x03\
\x14\x00\x1f\x03\x14\x00\x1f\x03\x14\x00\x1f\x03\x14\x00\x1f\x03\
\x14\x00\x1f\x03\x14\x00\x1f\x02\xc3\x00<\x02\xc3\x00<\x02\
\xc1\x00\x07\x02\xc1\x00\x07\x02\x98\x00<\x02\x98\x00<\x02\
\x98\x00<\x02\x98\x00<\x02\x98\x00<\x02\x98\x00<\x02\
\x98\x00<\x02\x98\x00<\x02\x98\x00<\x02\x98\x00<\x03\
'\x00\x1f\x03'\x00\x1f\x03'\x00\x1f\x03'\x00\x1f\x03\
'\x00\x1f\x03'\x00\x1f\x02\xd2\x00<\x02\xd2\x00<\x01\
\x0e\xff\xf0\x01\x0e\xff\xf0\x01\x0e\xff\xca\x01\x0e\xff\xca\x01\
\x0e\xff\xef\x01\x0e\xff\xef\x01\x0e\x00@\x01\x0e\x00@\x02\
\xfa\x00@\x02\xfa\x00@\x02\xef\x00<\x02\xef\x00<\x02\
\x99\x00<\x02\x99\x00<\x02\x99\x00<\x02\x99\x00<\x02\
\x99\x00<\x02\x99\x00<\x02\x99\x00<\x02\x99\x00<\x02\
\x97\xff\xf9\x02\x97\xff\xf9\x02\xdf\x009\x02\xdf\x009\x02\
\xdf\x009\x02\xdf\x009\x02\xdf\x009\x02\xdf\x009\x02\
\xdf\x009\x02\xdf\x009\x03\x1a\x00\x1f\x03\x1a\x00\x1f\x03\
\x1a\x00\x1f\x03\x1a\x00\x1f\x03\x1a\x00\x1f\x03\x1a\x00\x1f\x04\
\x1e\x00\x1f\x04\x1e\x00\x1f\x02\xe3\x00<\x02\xe3\x00<\x02\
\xe3\x00<\x02\xe3\x00<\x02\xe3\x00<\x02\xe3\x00<\x02\
\xa0\x00\x13\x02\xa0\x00\x13\x02\xa0\x00\x13\x02\xa0\x00\x13\x02\
\xa0\x00\x13\x02\xa0\x00\x13\x02o\x00\x13\x02o\x00\x13\x02\
o\x00\x13\x02o\x00\x13\x02o\x00\x13\x02o\x00\x13\x02\
\xd7\x001\x02\xd7\x001\x02\xd7\x001\x02\xd7\x001\x02\
\xd7\x001\x02\xd7\x001\x02\xd7\x001\x02\xd7\x001\x02\
\xd7\x001\x02\xd7\x001\x02\xd7\x001\x02\xd7\x001\x04\
\x1b\x00\x09\x04\x1b\x00\x09\x02\xba\x00\x05\x02\xba\x00\x05\x02\
\xba\x00\x05\x02\x91\x00-\x02\x91\x00-\x02\x91\x00-\x02\
\x91\x00-\x02\x91\x00-\x02\x91\x00-\x01\xed\x00\x1f\x02\
\xa0\x00\x13\x02\xa0\x00\x13\x02o\x00\x13\x02o\x00\x13\x01\
\xcd\x00;\x01\xcd\x00;\x01\xf0\x00;\x00\xf9\x00;\x01\
1\x00;\x01\x17\x00\x1d\x01\xc0\x00:\x01\xce\x00;\x02\
\xf6\x00\x0b\x02\xc4\x001\x02V\x002\x02\x8b\x002\x02\
\x98\x00<\x02\x98\x00<\x03\x16\x00\x13\x02\x99\x00<\x03\
\x14\x00\x1f\x02\xa0\x00\x13\x01\x0e\x00@\x01\x0e\xff\xcb\x01\
\xec\x00\x0c\x04\xfc\x00\x0b\x04\x9a\x00<\x03\x1f\x00\x13\x02\
\xdb\x00<\x02\xd2\x00<\x02\xad\x00\x05\x02\xd2\x00<\x02\
\xeb\x00\x05\x02\xcd\x00<\x02\xd3\x00<\x02\x99\x00<\x03\
\x81\x00\x13\x02\x98\x00<\x04\xb1\xff\xff\x02\xaa\x00\x1a\x02\
\xd2\x00<\x02\xd2\x00<\x02\xdb\x00<\x032\x00\x0b\x03\
c\x009\x02\xd2\x00<\x03\x1a\x00\x1f\x02\xd2\x00<\x02\
\xd1\x00<\x03\x14\x00\x1f\x02o\x00\x13\x02\xad\x00\x05\x03\
`\x00\x1f\x02\xba\x00\x08\x03$\x00<\x02\x9f\x00:\x03\
\x87\x00<\x03\xda\x00<\x03\x86\x00\x13\x03\xdf\x00<\x02\
\xd1\x00<\x03\x14\x00\x1f\x04(\x00@\x02\xe3\x00\x13\x02\
\xeb\x00\x05\x02\xcd\x00<\x02\xd3\x00<\x02\x99\x00<\x03\
\x81\x00\x13\x02\x98\x00<\x04\xb1\xff\xff\x02\xaa\x00\x1a\x02\
\xd2\x00<\x02\xd2\x00<\x02\xdb\x00<\x032\x00\x0b\x03\
c\x009\x02\xd2\x00<\x03\x1a\x00\x1f\x02\xd2\x00<\x02\
\xd1\x00<\x03\x14\x00\x1f\x02o\x00\x13\x02\xad\x00\x05\x03\
`\x00\x1f\x02\xba\x00\x08\x03$\x00<\x02\x9f\x00:\x03\
\x87\x00<\x03\xda\x00<\x03\x86\x00\x13\x03\xdf\x00<\x02\
\xd1\x00<\x03\x14\x00\x1f\x04(\x00@\x02\xe3\x00\x13\x02\
\x98\x00<\x02\x98\x00<\x03\x16\x00\x13\x02\x99\x00<\x03\
\x14\x00\x1f\x02\xa0\x00\x13\x01\x0e\x00@\x01\x0e\xff\xcb\x01\
\xec\x00\x0c\x04\xfc\x00\x0b\x04\x9a\x00<\x03\x1f\x00\x13\x02\
\xdb\x00<\x02\xd2\x00<\x02\xad\x00\x05\x02\xd2\x00<\x04\
\x1b\x00\x09\x04\x1b\x00\x09\x04\x1b\x00\x09\x04\x1b\x00\x09\x04\
\x1b\x00\x09\x04\x1b\x00\x09\x02\xba\x00\x05\x02\xba\x00\x05\x02\
;\x00\x16\x03V\x00\x04\x00\xfb\x00<\x00\xfb\x00>\x00\
\xfb\x00>\x01\xc4\x00<\x01\xc4\x00>\x01\xc4\x00>\x01\
\xe0\x00<\x01\xe2\x00;\x01s\x00<\x04\xdc\x00<\x03\
\xcc\x00\x1d\x01\x07\x00\x16\x01\x07\x00\x16\x00\xd3\xffB\x01\
N\x00!\x01o\x00\x1a\x01^\x00\x19\x01m\x00\x1c\x01\
e\x00\x1f\x01r\x00\x1f\x01m\x00 \x01N\x00!\x00\
\xd9\x00\x1f\x01g\x00\x1e\x01_\x00\x19\x01o\x00\x1a\x01\
^\x00\x19\x01m\x00\x1c\x01e\x00\x1f\x01r\x00\x1f\x01\
m\x00 \x02\xc0\x00\x15\x02\xe3\x00!\x02\xc3\x00!\x02\
\xd1\x00(\x03 \x00\x1e\x03s\x00;\x02\xc4\x001\x02\
\xe1\x00\x1f\x03\x22\x00\x1e\x02\xe9\x00\x1f\x03\x16\x00\x1d\x03\
\x0b\x00\x1d\x02\xfa\x00\x1d\x02>\x00\x1e\x02\xf6\x00\x0b\x02\
`\x00;\x02)\x00%\x02\x07\x00;\x02P\x00\x19\x02\
\x7f\x00;\x01\xaa\x00\x16\x02u\x00;\x02\x07\xff\xdd\x02\
\x07\x00:\x02\x07\x00:\x02!\x00!\x04Y\x00\x16\x04\
Y\x00\x16\x02\xf8\x00\x1c\x02\x9d\x00#\x02\x9d\x00t\x02\
\x9d\x00(\x02\x9d\x00,\x02\x9d\x00\x1b\x02\x9d\x00,\x02\
\x9d\x00#\x02\x9d\x00,\x02\x9d\x00\x22\x02\x9d\x00$\x00\
\x00\x00\x00\x00\xc1\x00\x00\x00\x00\x00\x00\x00\x00\x00\x01\x00\
\x00:\xa6\x00\x01\x09\xc40\x00\x00\x0b\x0a\x98\x00\x04\x00\
,\xffs\x00\x04\x00L\xffs\x00\x04\x01J\xffs\x00\
\x04\x01K\xffs\x00\x04\x01V\xffj\x00\x04\x01v\xff\
j\x00\x04\x01\x9a\xffs\x00\x04\x01\x9b\xffs\x00\x09\x00\
,\xffs\x00\x09\x00L\xffs\x00\x09\x01J\xffs\x00\
\x09\x01K\xffs\x00\x09\x01V\xffj\x00\x09\x01v\xff\
j\x00\x09\x01\x9a\xffs\x00\x09\x01\x9b\xffs\x00\x0e\x01\
l\xffA\x00\x0e\x01\x8c\xffA\x00\x0f\x00;\xffR\x00\
\x0f\x00[\xffR\x00\x0f\x00\x9d\xffR\x00\x0f\x00\xbd\xff\
R\x00\x0f\x00\xbf\xffR\x00\x0f\x01(\xffR\x00\x0f\x01\
)\xffR\x00\x0f\x01*\xffR\x00\x0f\x01V\xffq\x00\
\x0f\x01l\xffY\x00\x0f\x01v\xffq\x00\x0f\x01\x8c\xff\
Y\x00\x0f\x01\xa8\xffR\x00\x0f\x01\xa9\xffR\x00\x10\x01\
l\xffA\x00\x10\x01\x8c\xffA\x00\x11\x00#\xffG\x00\
\x11\x00,\xff\x7f\x00\x11\x00C\xffG\x00\x11\x00L\xff\
\x7f\x00\x11\x00\x80\xffG\x00\x11\x00\x81\xffG\x00\x11\x00\
\x82\xffG\x00\x11\x00\x83\xffG\x00\x11\x00\x84\xffG\x00\
\x11\x00\x85\xffG\x00\x11\x00\x86\xffG\x00\x11\x00\xa0\xff\
G\x00\x11\x00\xa1\xffG\x00\x11\x00\xa2\xffG\x00\x11\x00\
\xa3\xffG\x00\x11\x00\xa4\xffG\x00\x11\x00\xa5\xffG\x00\
\x11\x00\xa6\xffG\x00\x11\x00\xc0\xffG\x00\x11\x00\xc1\xff\
G\x00\x11\x00\xc2\xffG\x00\x11\x00\xc3\xffG\x00\x11\x00\
\xc4\xffG\x00\x11\x00\xc5\xffG\x00\x11\x01J\xff\x7f\x00\
\x11\x01K\xff\x7f\x00\x11\x01R\xffG\x00\x11\x01]\xff\
\x7f\x00\x11\x01r\xffG\x00\x11\x01}\xff\x7f\x00\x11\x01\
\x9a\xff\x7f\x00\x11\x01\x9b\xff\x7f\x00\x19\x00\x0e\xffg\x00\
\x19\x00\x10\xffg\x00\x19\x00\x16\xff\x81\x00\x19\x01\xae\xff\
g\x00\x19\x01\xb1\xffg\x00\x19\x01\xb5\xffg\x00#\x00\
8\xff\x7f\x00#\x009\xff\x7f\x00#\x00;\xffd\x00\
#\x00X\xff\x7f\x00#\x00Y\xff\x7f\x00#\x00[\xff\
d\x00#\x00\x9d\xffd\x00#\x00\xbd\xffd\x00#\x00\
\xbf\xffd\x00#\x01\x14\xff\x84\x00#\x01\x15\xff\x84\x00\
#\x01\x16\xff\x84\x00#\x01\x17\xff\x84\x00#\x01&\xff\
\x7f\x00#\x01'\xff\x7f\x00#\x01(\xffd\x00#\x01\
)\xffd\x00#\x01*\xffd\x00#\x014\xff\x84\x00\
#\x015\xff\x84\x00#\x01D\xff\x84\x00#\x01M\xff\
\x84\x00#\x01d\xff\x84\x00#\x01\x84\xff\x84\x00#\x01\
\x8c\xff\x84\x00#\x01\x94\xff\x84\x00#\x01\x9d\xff\x84\x00\
#\x01\xa2\xff\x7f\x00#\x01\xa3\xff\x7f\x00#\x01\xa4\xff\
\x7f\x00#\x01\xa5\xff\x7f\x00#\x01\xa6\xff\x7f\x00#\x01\
\xa7\xff\x7f\x00#\x01\xa8\xffd\x00#\x01\xa9\xffd\x00\
(\x00,\xffd\x00(\x00L\xffd\x00(\x01J\xff\
d\x00(\x01K\xffd\x00(\x01]\xffd\x00(\x01\
}\xffd\x00(\x01\x9a\xffd\x00(\x01\x9b\xffd\x00\
(\x01\xae\xff\x84\x00(\x01\xb1\xff\x84\x00(\x01\xb5\xff\
\x84\x00.\x00\x04\xffx\x00.\x00\x09\xffx\x00.\x00\
6\xffh\x00.\x00;\xff_\x00.\x00V\xffh\x00\
.\x00[\xff_\x00.\x00\x9d\xff_\x00.\x00\xbd\xff\
_\x00.\x00\xbf\xff_\x00.\x01\x14\xffh\x00.\x01\
\x15\xffh\x00.\x01\x16\xffh\x00.\x01\x17\xffh\x00\
.\x01(\xff_\x00.\x01)\xff_\x00.\x01*\xff\
_\x00.\x014\xffh\x00.\x015\xffh\x00.\x01\
D\xffh\x00.\x01M\xffh\x00.\x01d\xffh\x00\
.\x01l\xffh\x00.\x01\x84\xffh\x00.\x01\x8c\xff\
h\x00.\x01\x94\xffh\x00.\x01\x9d\xffh\x00.\x01\
\xa8\xff_\x00.\x01\xa9\xff_\x00.\x01\xac\xffx\x00\
.\x01\xad\xffx\x00.\x01\xaf\xffx\x00.\x01\xb0\xff\
x\x002\x00\x0e\xffk\x002\x00\x10\xffk\x002\x00\
,\xffk\x002\x00L\xffk\x002\x01J\xffk\x00\
2\x01K\xffk\x002\x01]\xffk\x002\x01}\xff\
k\x002\x01\x9a\xffk\x002\x01\x9b\xffk\x002\x01\
\xae\xffk\x002\x01\xb1\xffk\x002\x01\xb5\xffk\x00\
6\x00#\xff\x83\x006\x00C\xff\x83\x006\x00\x80\xff\
\x83\x006\x00\x81\xff\x83\x006\x00\x82\xff\x83\x006\x00\
\x83\xff\x83\x006\x00\x84\xff\x83\x006\x00\x85\xff\x83\x00\
6\x00\x86\xff\x83\x006\x00\xa0\xff\x83\x006\x00\xa1\xff\
\x83\x006\x00\xa2\xff\x83\x006\x00\xa3\xff\x83\x006\x00\
\xa4\xff\x83\x006\x00\xa5\xff\x83\x006\x00\xa6\xff\x83\x00\
6\x00\xc0\xff\x83\x006\x00\xc1\xff\x83\x006\x00\xc2\xff\
\x83\x006\x00\xc3\xff\x83\x006\x00\xc4\xff\x83\x006\x00\
\xc5\xff\x83\x006\x01R\xff\x83\x006\x01r\xff\x83\x00\
8\x00#\xff\x7f\x008\x00C\xff\x7f\x008\x00\x80\xff\
\x7f\x008\x00\x81\xff\x7f\x008\x00\x82\xff\x7f\x008\x00\
\x83\xff\x7f\x008\x00\x84\xff\x7f\x008\x00\x85\xff\x7f\x00\
8\x00\x86\xff\x7f\x008\x00\xa0\xff\x7f\x008\x00\xa1\xff\
\x7f\x008\x00\xa2\xff\x7f\x008\x00\xa3\xff\x7f\x008\x00\
\xa4\xff\x7f\x008\x00\xa5\xff\x7f\x008\x00\xa6\xff\x7f\x00\
8\x00\xc0\xff\x7f\x008\x00\xc1\xff\x7f\x008\x00\xc2\xff\
\x7f\x008\x00\xc3\xff\x7f\x008\x00\xc4\xff\x7f\x008\x00\
\xc5\xff\x7f\x008\x01R\xff\x7f\x008\x01r\xff\x7f\x00\
9\x00#\xff\x7f\x009\x00C\xff\x7f\x009\x00\x80\xff\
\x7f\x009\x00\x81\xff\x7f\x009\x00\x82\xff\x7f\x009\x00\
\x83\xff\x7f\x009\x00\x84\xff\x7f\x009\x00\x85\xff\x7f\x00\
9\x00\x86\xff\x7f\x009\x00\xa0\xff\x7f\x009\x00\xa1\xff\
\x7f\x009\x00\xa2\xff\x7f\x009\x00\xa3\xff\x7f\x009\x00\
\xa4\xff\x7f\x009\x00\xa5\xff\x7f\x009\x00\xa6\xff\x7f\x00\
9\x00\xc0\xff\x7f\x009\x00\xc1\xff\x7f\x009\x00\xc2\xff\
\x7f\x009\x00\xc3\xff\x7f\x009\x00\xc4\xff\x7f\x009\x00\
\xc5\xff\x7f\x009\x01R\xff\x7f\x009\x01r\xff\x7f\x00\
;\x00\x0f\xffR\x00;\x00\x11\xffc\x00;\x00#\xff\
d\x00;\x00,\xffS\x00;\x00C\xffd\x00;\x00\
L\xffS\x00;\x00l\xffR\x00;\x00{\xffR\x00\
;\x00\x80\xffd\x00;\x00\x81\xffd\x00;\x00\x82\xff\
d\x00;\x00\x83\xffd\x00;\x00\x84\xffd\x00;\x00\
\x85\xffd\x00;\x00\x86\xffd\x00;\x00\xa0\xffd\x00\
;\x00\xa1\xffd\x00;\x00\xa2\xffd\x00;\x00\xa3\xff\
d\x00;\x00\xa4\xffd\x00;\x00\xa5\xffd\x00;\x00\
\xa6\xffd\x00;\x00\xc0\xffd\x00;\x00\xc1\xffd\x00\
;\x00\xc2\xffd\x00;\x00\xc3\xffd\x00;\x00\xc4\xff\
d\x00;\x00\xc5\xffd\x00;\x01J\xffS\x00;\x01\
K\xffS\x00;\x01R\xffd\x00;\x01]\xffS\x00\
;\x01r\xffd\x00;\x01}\xffS\x00;\x01\x9a\xff\
S\x00;\x01\x9b\xffS\x00;\x01\xaa\xffR\x00;\x01\
\xab\xffR\x00;\x01\xb7\xffR\x00;\x01\xb8\xffR\x00\
C\x006\xff\x84\x00C\x008\xff\x7f\x00C\x009\xff\
\x7f\x00C\x00;\xffd\x00C\x00V\xff\x84\x00C\x00\
X\xff\x7f\x00C\x00Y\xff\x7f\x00C\x00[\xffd\x00\
C\x00\x9d\xffd\x00C\x00\xbd\xffd\x00C\x00\xbf\xff\
d\x00C\x01&\xff\x7f\x00C\x01'\xff\x7f\x00C\x01\
(\xffd\x00C\x01)\xffd\x00C\x01*\xffd\x00\
C\x01\xa2\xff\x7f\x00C\x01\xa3\xff\x7f\x00C\x01\xa4\xff\
\x7f\x00C\x01\xa5\xff\x7f\x00C\x01\xa6\xff\x7f\x00C\x01\
\xa7\xff\x7f\x00C\x01\xa8\xffd\x00C\x01\xa9\xffd\x00\
H\x00\x0e\xff\x84\x00H\x00\x10\xff\x84\x00H\x00,\xff\
d\x00H\x00L\xffd\x00H\x01J\xffd\x00H\x01\
K\xffd\x00H\x01]\xffd\x00H\x01}\xffd\x00\
H\x01\x9a\xffd\x00H\x01\x9b\xffd\x00H\x01\xae\xff\
\x84\x00H\x01\xb1\xff\x84\x00H\x01\xb5\xff\x84\x00N\x00\
\x04\xffx\x00N\x00\x09\xffx\x00N\x006\xffh\x00\
N\x00;\xff_\x00N\x00V\xffh\x00N\x00[\xff\
_\x00N\x00\x9d\xff_\x00N\x00\xbd\xff_\x00N\x00\
\xbf\xff_\x00N\x01\x14\xffh\x00N\x01\x15\xffh\x00\
N\x01\x16\xffh\x00N\x01\x17\xffh\x00N\x01(\xff\
_\x00N\x01)\xff_\x00N\x01*\xff_\x00N\x01\
4\xffh\x00N\x015\xffh\x00N\x01D\xffh\x00\
N\x01M\xffh\x00N\x01d\xffh\x00N\x01l\xff\
h\x00N\x01\x84\xffh\x00N\x01\x8c\xffh\x00N\x01\
\x94\xffh\x00N\x01\x9d\xffh\x00N\x01\xa8\xff_\x00\
N\x01\xa9\xff_\x00N\x01\xac\xffx\x00N\x01\xad\xff\
x\x00N\x01\xaf\xffx\x00N\x01\xb0\xffx\x00R\x00\
\x0e\xffk\x00R\x00\x10\xffk\x00R\x00,\xffk\x00\
R\x00L\xffk\x00R\x01J\xffk\x00R\x01K\xff\
k\x00R\x01]\xffk\x00R\x01}\xffk\x00R\x01\
\x9a\xffk\x00R\x01\x9b\xffk\x00R\x01\xae\xffk\x00\
R\x01\xb1\xffk\x00R\x01\xb5\xffk\x00V\x00#\xff\
\x83\x00V\x00C\xff\x83\x00V\x00\x80\xff\x83\x00V\x00\
\x81\xff\x83\x00V\x00\x82\xff\x83\x00V\x00\x83\xff\x83\x00\
V\x00\x84\xff\x83\x00V\x00\x85\xff\x83\x00V\x00\x86\xff\
\x83\x00V\x00\xa0\xff\x83\x00V\x00\xa1\xff\x83\x00V\x00\
\xa2\xff\x83\x00V\x00\xa3\xff\x83\x00V\x00\xa4\xff\x83\x00\
V\x00\xa5\xff\x83\x00V\x00\xa6\xff\x83\x00V\x00\xc0\xff\
\x83\x00V\x00\xc1\xff\x83\x00V\x00\xc2\xff\x83\x00V\x00\
\xc3\xff\x83\x00V\x00\xc4\xff\x83\x00V\x00\xc5\xff\x83\x00\
V\x01R\xff\x83\x00V\x01r\xff\x83\x00X\x00#\xff\
\x7f\x00X\x00C\xff\x7f\x00X\x00\x80\xff\x7f\x00X\x00\
\x81\xff\x7f\x00X\x00\x82\xff\x7f\x00X\x00\x83\xff\x7f\x00\
X\x00\x84\xff\x7f\x00X\x00\x85\xff\x7f\x00X\x00\x86\xff\
\x7f\x00X\x00\xa0\xff\x7f\x00X\x00\xa1\xff\x7f\x00X\x00\
\xa2\xff\x7f\x00X\x00\xa3\xff\x7f\x00X\x00\xa4\xff\x7f\x00\
X\x00\xa5\xff\x7f\x00X\x00\xa6\xff\x7f\x00X\x00\xc0\xff\
\x7f\x00X\x00\xc1\xff\x7f\x00X\x00\xc2\xff\x7f\x00X\x00\
\xc3\xff\x7f\x00X\x00\xc4\xff\x7f\x00X\x00\xc5\xff\x7f\x00\
X\x01R\xff\x7f\x00X\x01r\xff\x7f\x00Y\x00#\xff\
\x7f\x00Y\x00C\xff\x7f\x00Y\x00\x80\xff\x7f\x00Y\x00\
\x81\xff\x7f\x00Y\x00\x82\xff\x7f\x00Y\x00\x83\xff\x7f\x00\
Y\x00\x84\xff\x7f\x00Y\x00\x85\xff\x7f\x00Y\x00\x86\xff\
\x7f\x00Y\x00\xa0\xff\x7f\x00Y\x00\xa1\xff\x7f\x00Y\x00\
\xa2\xff\x7f\x00Y\x00\xa3\xff\x7f\x00Y\x00\xa4\xff\x7f\x00\
Y\x00\xa5\xff\x7f\x00Y\x00\xa6\xff\x7f\x00Y\x00\xc0\xff\
\x7f\x00Y\x00\xc1\xff\x7f\x00Y\x00\xc2\xff\x7f\x00Y\x00\
\xc3\xff\x7f\x00Y\x00\xc4\xff\x7f\x00Y\x00\xc5\xff\x7f\x00\
Y\x01R\xff\x7f\x00Y\x01r\xff\x7f\x00[\x00\x0f\xff\
R\x00[\x00\x11\xffc\x00[\x00#\xffd\x00[\x00\
,\xffS\x00[\x00C\xffd\x00[\x00L\xffS\x00\
[\x00l\xffR\x00[\x00{\xffR\x00[\x00\x80\xff\
d\x00[\x00\x81\xffd\x00[\x00\x82\xffd\x00[\x00\
\x83\xffd\x00[\x00\x84\xffd\x00[\x00\x85\xffd\x00\
[\x00\x86\xffd\x00[\x00\xa0\xffd\x00[\x00\xa1\xff\
d\x00[\x00\xa2\xffd\x00[\x00\xa3\xffd\x00[\x00\
\xa4\xffd\x00[\x00\xa5\xffd\x00[\x00\xa6\xffd\x00\
[\x00\xc0\xffd\x00[\x00\xc1\xffd\x00[\x00\xc2\xff\
d\x00[\x00\xc3\xffd\x00[\x00\xc4\xffd\x00[\x00\
\xc5\xffd\x00[\x01J\xffS\x00[\x01K\xffS\x00\
[\x01R\xffd\x00[\x01]\xffS\x00[\x01r\xff\
d\x00[\x01}\xffS\x00[\x01\x9a\xffS\x00[\x01\
\x9b\xffS\x00[\x01\xaa\xffR\x00[\x01\xab\xffR\x00\
[\x01\xb7\xffR\x00[\x01\xb8\xffR\x00l\x00;\xff\
R\x00l\x00[\xffR\x00l\x00\x9d\xffR\x00l\x00\
\xbd\xffR\x00l\x00\xbf\xffR\x00l\x01(\xffR\x00\
l\x01)\xffR\x00l\x01*\xffR\x00l\x01V\xff\
q\x00l\x01l\xffY\x00l\x01v\xffq\x00l\x01\
\x8c\xffY\x00l\x01\xa8\xffR\x00l\x01\xa9\xffR\x00\
{\x00;\xffR\x00{\x00[\xffR\x00{\x00\x9d\xff\
R\x00{\x00\xbd\xffR\x00{\x00\xbf\xffR\x00{\x01\
(\xffR\x00{\x01)\xffR\x00{\x01*\xffR\x00\
{\x01V\xffq\x00{\x01l\xffY\x00{\x01v\xff\
q\x00{\x01\x8c\xffY\x00{\x01\xa8\xffR\x00{\x01\
\xa9\xffR\x00\x80\x008\xff\x7f\x00\x80\x009\xff\x7f\x00\
\x80\x00;\xffd\x00\x80\x00V\xff\x84\x00\x80\x00X\xff\
\x7f\x00\x80\x00Y\xff\x7f\x00\x80\x00[\xffd\x00\x80\x00\
\x9d\xffd\x00\x80\x00\xbd\xffd\x00\x80\x00\xbf\xffd\x00\
\x80\x01\x14\xff\x84\x00\x80\x01\x15\xff\x84\x00\x80\x01\x16\xff\
\x84\x00\x80\x01\x17\xff\x84\x00\x80\x01&\xff\x7f\x00\x80\x01\
'\xff\x7f\x00\x80\x01(\xffd\x00\x80\x01)\xffd\x00\
\x80\x01*\xffd\x00\x80\x01\xa2\xff\x7f\x00\x80\x01\xa3\xff\
\x7f\x00\x80\x01\xa4\xff\x7f\x00\x80\x01\xa5\xff\x7f\x00\x80\x01\
\xa6\xff\x7f\x00\x80\x01\xa7\xff\x7f\x00\x80\x01\xa8\xffd\x00\
\x80\x01\xa9\xffd\x00\x81\x008\xff\x7f\x00\x81\x009\xff\
\x7f\x00\x81\x00;\xffd\x00\x81\x00X\xff\x7f\x00\x81\x00\
Y\xff\x7f\x00\x81\x00[\xffd\x00\x81\x00\x9d\xffd\x00\
\x81\x00\xbd\xffd\x00\x81\x00\xbf\xffd\x00\x81\x01\x14\xff\
\x84\x00\x81\x01\x15\xff\x84\x00\x81\x01\x16\xff\x84\x00\x81\x01\
\x17\xff\x84\x00\x81\x01&\xff\x7f\x00\x81\x01'\xff\x7f\x00\
\x81\x01(\xffd\x00\x81\x01)\xffd\x00\x81\x01*\xff\
d\x00\x81\x014\xff\x84\x00\x81\x015\xff\x84\x00\x81\x01\
D\xff\x84\x00\x81\x01M\xff\x84\x00\x81\x01d\xff\x84\x00\
\x81\x01l\xff\x84\x00\x81\x01\x84\xff\x84\x00\x81\x01\x8c\xff\
\x84\x00\x81\x01\x94\xff\x84\x00\x81\x01\x9d\xff\x84\x00\x81\x01\
\xa2\xff\x7f\x00\x81\x01\xa3\xff\x7f\x00\x81\x01\xa4\xff\x7f\x00\
\x81\x01\xa5\xff\x7f\x00\x81\x01\xa6\xff\x7f\x00\x81\x01\xa7\xff\
\x7f\x00\x81\x01\xa8\xffd\x00\x81\x01\xa9\xffd\x00\x82\x00\
6\xff\x84\x00\x82\x008\xff\x7f\x00\x82\x009\xff\x7f\x00\
\x82\x00;\xffd\x00\x82\x00V\xff\x84\x00\x82\x00X\xff\
\x7f\x00\x82\x00Y\xff\x7f\x00\x82\x00[\xffd\x00\x82\x00\
\x9d\xffd\x00\x82\x00\xbd\xffd\x00\x82\x00\xbf\xffd\x00\
\x82\x01&\xff\x7f\x00\x82\x01'\xff\x7f\x00\x82\x01(\xff\
d\x00\x82\x01)\xffd\x00\x82\x01*\xffd\x00\x82\x01\
\xa2\xff\x7f\x00\x82\x01\xa3\xff\x7f\x00\x82\x01\xa4\xff\x7f\x00\
\x82\x01\xa5\xff\x7f\x00\x82\x01\xa6\xff\x7f\x00\x82\x01\xa7\xff\
\x7f\x00\x82\x01\xa8\xffd\x00\x82\x01\xa9\xffd\x00\x83\x00\
8\xff\x7f\x00\x83\x009\xff\x7f\x00\x83\x00;\xffd\x00\
\x83\x00X\xff\x7f\x00\x83\x00Y\xff\x7f\x00\x83\x00[\xff\
d\x00\x83\x00\x9d\xffd\x00\x83\x00\xbd\xffd\x00\x83\x00\
\xbf\xffd\x00\x83\x01&\xff\x7f\x00\x83\x01'\xff\x7f\x00\
\x83\x01(\xffd\x00\x83\x01)\xffd\x00\x83\x01*\xff\
d\x00\x83\x01\x94\xff\x84\x00\x83\x01\x9d\xff\x84\x00\x83\x01\
\xa2\xff\x7f\x00\x83\x01\xa3\xff\x7f\x00\x83\x01\xa4\xff\x7f\x00\
\x83\x01\xa5\xff\x7f\x00\x83\x01\xa6\xff\x7f\x00\x83\x01\xa7\xff\
\x7f\x00\x83\x01\xa8\xffd\x00\x83\x01\xa9\xffd\x00\x84\x00\
6\xff\x84\x00\x84\x008\xff\x7f\x00\x84\x009\xff\x7f\x00\
\x84\x00;\xffd\x00\x84\x00V\xff\x84\x00\x84\x00X\xff\
\x7f\x00\x84\x00Y\xff\x7f\x00\x84\x00[\xffd\x00\x84\x00\
\x9d\xffd\x00\x84\x00\xbd\xffd\x00\x84\x00\xbf\xffd\x00\
\x84\x01\x14\xff\x84\x00\x84\x01\x15\xff\x84\x00\x84\x01\x16\xff\
\x84\x00\x84\x01\x17\xff\x84\x00\x84\x01&\xff\x7f\x00\x84\x01\
'\xff\x7f\x00\x84\x01(\xffd\x00\x84\x01)\xffd\x00\
\x84\x01*\xffd\x00\x84\x014\xff\x84\x00\x84\x015\xff\
\x84\x00\x84\x01D\xff\x84\x00\x84\x01M\xff\x84\x00\x84\x01\
\xa2\xff\x7f\x00\x84\x01\xa3\xff\x7f\x00\x84\x01\xa4\xff\x7f\x00\
\x84\x01\xa5\xff\x7f\x00\x84\x01\xa6\xff\x7f\x00\x84\x01\xa7\xff\
\x7f\x00\x84\x01\xa8\xffd\x00\x84\x01\xa9\xffd\x00\x85\x00\
8\xff\x7f\x00\x85\x009\xff\x7f\x00\x85\x00;\xffd\x00\
\x85\x00X\xff\x7f\x00\x85\x00Y\xff\x7f\x00\x85\x00[\xff\
d\x00\x85\x00\x9d\xffd\x00\x85\x00\xbd\xffd\x00\x85\x00\
\xbf\xffd\x00\x85\x01\x14\xff\x84\x00\x85\x01\x15\xff\x84\x00\
\x85\x01\x16\xff\x84\x00\x85\x01\x17\xff\x84\x00\x85\x01&\xff\
\x7f\x00\x85\x01'\xff\x7f\x00\x85\x01(\xffd\x00\x85\x01\
)\xffd\x00\x85\x01*\xffd\x00\x85\x014\xff\x84\x00\
\x85\x015\xff\x84\x00\x85\x01D\xff\x84\x00\x85\x01M\xff\
\x84\x00\x85\x01d\xff\x84\x00\x85\x01l\xff\x84\x00\x85\x01\
\x84\xff\x84\x00\x85\x01\x8c\xff\x84\x00\x85\x01\x94\xff\x84\x00\
\x85\x01\x9d\xff\x84\x00\x85\x01\xa2\xff\x7f\x00\x85\x01\xa3\xff\
\x7f\x00\x85\x01\xa4\xff\x7f\x00\x85\x01\xa5\xff\x7f\x00\x85\x01\
\xa6\xff\x7f\x00\x85\x01\xa7\xff\x7f\x00\x85\x01\xa8\xffd\x00\
\x85\x01\xa9\xffd\x00\x9d\x00\x0f\xffR\x00\x9d\x00\x11\xff\
c\x00\x9d\x00#\xffd\x00\x9d\x00,\xffS\x00\x9d\x00\
C\xffd\x00\x9d\x00L\xffS\x00\x9d\x00l\xffR\x00\
\x9d\x00{\xffR\x00\x9d\x00\x80\xffd\x00\x9d\x00\x81\xff\
d\x00\x9d\x00\x82\xffd\x00\x9d\x00\x83\xffd\x00\x9d\x00\
\x84\xffd\x00\x9d\x00\x85\xffd\x00\x9d\x00\x86\xffd\x00\
\x9d\x00\xa0\xffd\x00\x9d\x00\xa1\xffd\x00\x9d\x00\xa2\xff\
d\x00\x9d\x00\xa3\xffd\x00\x9d\x00\xa4\xffd\x00\x9d\x00\
\xa5\xffd\x00\x9d\x00\xa6\xffd\x00\x9d\x00\xc0\xffd\x00\
\x9d\x00\xc1\xffd\x00\x9d\x00\xc2\xffd\x00\x9d\x00\xc3\xff\
d\x00\x9d\x00\xc4\xffd\x00\x9d\x00\xc5\xffd\x00\x9d\x01\
J\xffS\x00\x9d\x01K\xffS\x00\x9d\x01R\xffd\x00\
\x9d\x01]\xffS\x00\x9d\x01r\xffd\x00\x9d\x01}\xff\
S\x00\x9d\x01\x9a\xffS\x00\x9d\x01\x9b\xffS\x00\x9d\x01\
\xaa\xffR\x00\x9d\x01\xab\xffR\x00\x9d\x01\xb7\xffR\x00\
\x9d\x01\xb8\xffR\x00\xa0\x006\xff\x84\x00\xa0\x008\xff\
\x7f\x00\xa0\x009\xff\x7f\x00\xa0\x00;\xffd\x00\xa0\x00\
V\xff\x84\x00\xa0\x00X\xff\x7f\x00\xa0\x00Y\xff\x7f\x00\
\xa0\x00[\xffd\x00\xa0\x00\x9d\xffd\x00\xa0\x00\xbd\xff\
d\x00\xa0\x00\xbf\xffd\x00\xa0\x01&\xff\x7f\x00\xa0\x01\
'\xff\x7f\x00\xa0\x01(\xffd\x00\xa0\x01)\xffd\x00\
\xa0\x01*\xffd\x00\xa0\x01\xa2\xff\x7f\x00\xa0\x01\xa3\xff\
\x7f\x00\xa0\x01\xa4\xff\x7f\x00\xa0\x01\xa5\xff\x7f\x00\xa0\x01\
\xa6\xff\x7f\x00\xa0\x01\xa7\xff\x7f\x00\xa0\x01\xa8\xffd\x00\
\xa0\x01\xa9\xffd\x00\xa1\x006\xff\x84\x00\xa1\x008\xff\
\x7f\x00\xa1\x009\xff\x7f\x00\xa1\x00;\xffd\x00\xa1\x00\
V\xff\x84\x00\xa1\x00X\xff\x7f\x00\xa1\x00Y\xff\x7f\x00\
\xa1\x00[\xffd\x00\xa1\x00\x9d\xffd\x00\xa1\x00\xbd\xff\
d\x00\xa1\x00\xbf\xffd\x00\xa1\x01\x14\xff\x84\x00\xa1\x01\
\x15\xff\x84\x00\xa1\x01\x16\xff\x84\x00\xa1\x01\x17\xff\x84\x00\
\xa1\x01&\xff\x7f\x00\xa1\x01'\xff\x7f\x00\xa1\x01(\xff\
d\x00\xa1\x01)\xffd\x00\xa1\x01*\xffd\x00\xa1\x01\
4\xff\x84\x00\xa1\x015\xff\x84\x00\xa1\x01D\xff\x84\x00\
\xa1\x01M\xff\x84\x00\xa1\x01d\xff\x84\x00\xa1\x01l\xff\
\x84\x00\xa1\x01\x84\xff\x84\x00\xa1\x01\x8c\xff\x84\x00\xa1\x01\
\x94\xff\x84\x00\xa1\x01\x9d\xff\x84\x00\xa1\x01\xa2\xff\x7f\x00\
\xa1\x01\xa3\xff\x7f\x00\xa1\x01\xa4\xff\x7f\x00\xa1\x01\xa5\xff\
\x7f\x00\xa1\x01\xa6\xff\x7f\x00\xa1\x01\xa7\xff\x7f\x00\xa1\x01\
\xa8\xffd\x00\xa1\x01\xa9\xffd\x00\xa2\x006\xff\x84\x00\
\xa2\x008\xff\x7f\x00\xa2\x009\xff\x7f\x00\xa2\x00;\xff\
d\x00\xa2\x00V\xff\x84\x00\xa2\x00X\xff\x7f\x00\xa2\x00\
Y\xff\x7f\x00\xa2\x00[\xffd\x00\xa2\x00\x9d\xffd\x00\
\xa2\x00\xbd\xffd\x00\xa2\x00\xbf\xffd\x00\xa2\x01\x14\xff\
\x84\x00\xa2\x01\x15\xff\x84\x00\xa2\x01\x16\xff\x84\x00\xa2\x01\
\x17\xff\x84\x00\xa2\x01&\xff\x7f\x00\xa2\x01'\xff\x7f\x00\
\xa2\x01(\xffd\x00\xa2\x01)\xffd\x00\xa2\x01*\xff\
d\x00\xa2\x014\xff\x84\x00\xa2\x015\xff\x84\x00\xa2\x01\
D\xff\x84\x00\xa2\x01M\xff\x84\x00\xa2\x01d\xff\x84\x00\
\xa2\x01l\xff\x84\x00\xa2\x01\x84\xff\x84\x00\xa2\x01\x8c\xff\
\x84\x00\xa2\x01\x94\xff\x84\x00\xa2\x01\x9d\xff\x84\x00\xa2\x01\
\xa2\xff\x7f\x00\xa2\x01\xa3\xff\x7f\x00\xa2\x01\xa4\xff\x7f\x00\
\xa2\x01\xa5\xff\x7f\x00\xa2\x01\xa6\xff\x7f\x00\xa2\x01\xa7\xff\
\x7f\x00\xa2\x01\xa8\xffd\x00\xa2\x01\xa9\xffd\x00\xa3\x00\
6\xff\x84\x00\xa3\x008\xff\x7f\x00\xa3\x009\xff\x7f\x00\
\xa3\x00;\xffd\x00\xa3\x00X\xff\x7f\x00\xa3\x00Y\xff\
\x7f\x00\xa3\x00[\xffd\x00\xa3\x00\x9d\xffd\x00\xa3\x00\
\xbd\xffd\x00\xa3\x00\xbf\xffd\x00\xa3\x01&\xff\x7f\x00\
\xa3\x01'\xff\x7f\x00\xa3\x01(\xffd\x00\xa3\x01)\xff\
d\x00\xa3\x01*\xffd\x00\xa3\x01\xa2\xff\x7f\x00\xa3\x01\
\xa3\xff\x7f\x00\xa3\x01\xa4\xff\x7f\x00\xa3\x01\xa5\xff\x7f\x00\
\xa3\x01\xa6\xff\x7f\x00\xa3\x01\xa7\xff\x7f\x00\xa3\x01\xa8\xff\
d\x00\xa3\x01\xa9\xffd\x00\xa4\x008\xff\x7f\x00\xa4\x00\
9\xff\x7f\x00\xa4\x00;\xffd\x00\xa4\x00X\xff\x7f\x00\
\xa4\x00Y\xff\x7f\x00\xa4\x00[\xffd\x00\xa4\x00\x9d\xff\
d\x00\xa4\x00\xbd\xffd\x00\xa4\x00\xbf\xffd\x00\xa4\x01\
&\xff\x7f\x00\xa4\x01'\xff\x7f\x00\xa4\x01(\xffd\x00\
\xa4\x01)\xffd\x00\xa4\x01*\xffd\x00\xa4\x01\xa2\xff\
\x7f\x00\xa4\x01\xa3\xff\x7f\x00\xa4\x01\xa4\xff\x7f\x00\xa4\x01\
\xa5\xff\x7f\x00\xa4\x01\xa6\xff\x7f\x00\xa4\x01\xa7\xff\x7f\x00\
\xa4\x01\xa8\xffd\x00\xa4\x01\xa9\xffd\x00\xa5\x006\xff\
\x84\x00\xa5\x008\xff\x7f\x00\xa5\x009\xff\x7f\x00\xa5\x00\
;\xffd\x00\xa5\x00V\xff\x84\x00\xa5\x00X\xff\x7f\x00\
\xa5\x00Y\xff\x7f\x00\xa5\x00[\xffd\x00\xa5\x00\x9d\xff\
d\x00\xa5\x00\xbd\xffd\x00\xa5\x00\xbf\xffd\x00\xa5\x01\
\x14\xff\x84\x00\xa5\x01\x15\xff\x84\x00\xa5\x01\x16\xff\x84\x00\
\xa5\x01\x17\xff\x84\x00\xa5\x01&\xff\x7f\x00\xa5\x01'\xff\
\x7f\x00\xa5\x01(\xffd\x00\xa5\x01)\xffd\x00\xa5\x01\
*\xffd\x00\xa5\x014\xff\x84\x00\xa5\x015\xff\x84\x00\
\xa5\x01D\xff\x84\x00\xa5\x01M\xff\x84\x00\xa5\x01d\xff\
\x84\x00\xa5\x01l\xff\x84\x00\xa5\x01\x84\xff\x84\x00\xa5\x01\
\x8c\xff\x84\x00\xa5\x01\x94\xff\x84\x00\xa5\x01\xa2\xff\x7f\x00\
\xa5\x01\xa3\xff\x7f\x00\xa5\x01\xa4\xff\x7f\x00\xa5\x01\xa5\xff\
\x7f\x00\xa5\x01\xa6\xff\x7f\x00\xa5\x01\xa7\xff\x7f\x00\xa5\x01\
\xa8\xffd\x00\xa5\x01\xa9\xffd\x00\xbd\x00\x0f\xffR\x00\
\xbd\x00\x11\xffc\x00\xbd\x00#\xffd\x00\xbd\x00,\xff\
S\x00\xbd\x00C\xffd\x00\xbd\x00L\xffS\x00\xbd\x00\
l\xffR\x00\xbd\x00{\xffR\x00\xbd\x00\x80\xffd\x00\
\xbd\x00\x81\xffd\x00\xbd\x00\x82\xffd\x00\xbd\x00\x83\xff\
d\x00\xbd\x00\x84\xffd\x00\xbd\x00\x85\xffd\x00\xbd\x00\
\x86\xffd\x00\xbd\x00\xa0\xffd\x00\xbd\x00\xa1\xffd\x00\
\xbd\x00\xa2\xffd\x00\xbd\x00\xa3\xffd\x00\xbd\x00\xa4\xff\
d\x00\xbd\x00\xa5\xffd\x00\xbd\x00\xa6\xffd\x00\xbd\x00\
\xc0\xffd\x00\xbd\x00\xc1\xffd\x00\xbd\x00\xc2\xffd\x00\
\xbd\x00\xc3\xffd\x00\xbd\x00\xc4\xffd\x00\xbd\x00\xc5\xff\
d\x00\xbd\x01J\xffS\x00\xbd\x01K\xffS\x00\xbd\x01\
R\xffd\x00\xbd\x01]\xffS\x00\xbd\x01r\xffd\x00\
\xbd\x01}\xffS\x00\xbd\x01\x9a\xffS\x00\xbd\x01\x9b\xff\
S\x00\xbd\x01\xaa\xffR\x00\xbd\x01\xab\xffR\x00\xbd\x01\
\xb7\xffR\x00\xbd\x01\xb8\xffR\x00\xbf\x00\x0f\xffR\x00\
\xbf\x00\x11\xffc\x00\xbf\x00#\xffd\x00\xbf\x00,\xff\
S\x00\xbf\x00C\xffd\x00\xbf\x00L\xffS\x00\xbf\x00\
l\xffR\x00\xbf\x00{\xffR\x00\xbf\x00\x80\xffd\x00\
\xbf\x00\x81\xffd\x00\xbf\x00\x82\xffd\x00\xbf\x00\x83\xff\
d\x00\xbf\x00\x84\xffd\x00\xbf\x00\x85\xffd\x00\xbf\x00\
\x86\xffd\x00\xbf\x00\xa0\xffd\x00\xbf\x00\xa1\xffd\x00\
\xbf\x00\xa2\xffd\x00\xbf\x00\xa3\xffd\x00\xbf\x00\xa4\xff\
d\x00\xbf\x00\xa5\xffd\x00\xbf\x00\xa6\xffd\x00\xbf\x00\
\xc0\xffd\x00\xbf\x00\xc1\xffd\x00\xbf\x00\xc2\xffd\x00\
\xbf\x00\xc3\xffd\x00\xbf\x00\xc4\xffd\x00\xbf\x00\xc5\xff\
d\x00\xbf\x01J\xffS\x00\xbf\x01K\xffS\x00\xbf\x01\
R\xffd\x00\xbf\x01]\xffS\x00\xbf\x01r\xffd\x00\
\xbf\x01}\xffS\x00\xbf\x01\x9a\xffS\x00\xbf\x01\x9b\xff\
S\x00\xbf\x01\xaa\xffR\x00\xbf\x01\xab\xffR\x00\xbf\x01\
\xb7\xffR\x00\xbf\x01\xb8\xffR\x00\xc0\x006\xff\x84\x00\
\xc0\x008\xff\x7f\x00\xc0\x009\xff\x7f\x00\xc0\x00;\xff\
d\x00\xc0\x00V\xff\x84\x00\xc0\x00X\xff\x7f\x00\xc0\x00\
Y\xff\x7f\x00\xc0\x00[\xffd\x00\xc0\x00\x9d\xffd\x00\
\xc0\x00\xbd\xffd\x00\xc0\x00\xbf\xffd\x00\xc0\x01\x14\xff\
\x84\x00\xc0\x01\x15\xff\x84\x00\xc0\x01\x16\xff\x84\x00\xc0\x01\
\x17\xff\x84\x00\xc0\x01&\xff\x7f\x00\xc0\x01'\xff\x7f\x00\
\xc0\x01(\xffd\x00\xc0\x01)\xffd\x00\xc0\x01*\xff\
d\x00\xc0\x014\xff\x84\x00\xc0\x015\xff\x84\x00\xc0\x01\
D\xff\x84\x00\xc0\x01M\xff\x84\x00\xc0\x01d\xff\x84\x00\
\xc0\x01l\xff\x84\x00\xc0\x01\x84\xff\x84\x00\xc0\x01\x8c\xff\
\x84\x00\xc0\x01\x94\xff\x84\x00\xc0\x01\x9d\xff\x84\x00\xc0\x01\
\xa2\xff\x7f\x00\xc0\x01\xa3\xff\x7f\x00\xc0\x01\xa4\xff\x7f\x00\
\xc0\x01\xa5\xff\x7f\x00\xc0\x01\xa6\xff\x7f\x00\xc0\x01\xa7\xff\
\x7f\x00\xc0\x01\xa8\xffd\x00\xc0\x01\xa9\xffd\x00\xc1\x00\
8\xff\x7f\x00\xc1\x009\xff\x7f\x00\xc1\x00;\xffd\x00\
\xc1\x00X\xff\x7f\x00\xc1\x00Y\xff\x7f\x00\xc1\x00[\xff\
d\x00\xc1\x00\x9d\xffd\x00\xc1\x00\xbd\xffd\x00\xc1\x00\
\xbf\xffd\x00\xc1\x01&\xff\x7f\x00\xc1\x01'\xff\x7f\x00\
\xc1\x01(\xffd\x00\xc1\x01)\xffd\x00\xc1\x01*\xff\
d\x00\xc1\x01\xa2\xff\x7f\x00\xc1\x01\xa3\xff\x7f\x00\xc1\x01\
\xa4\xff\x7f\x00\xc1\x01\xa5\xff\x7f\x00\xc1\x01\xa6\xff\x7f\x00\
\xc1\x01\xa7\xff\x7f\x00\xc1\x01\xa8\xffd\x00\xc1\x01\xa9\xff\
d\x00\xc2\x008\xff\x7f\x00\xc2\x009\xff\x7f\x00\xc2\x00\
;\xffd\x00\xc2\x00V\xff\x84\x00\xc2\x00X\xff\x7f\x00\
\xc2\x00Y\xff\x7f\x00\xc2\x00[\xffd\x00\xc2\x00\x9d\xff\
d\x00\xc2\x00\xbd\xffd\x00\xc2\x00\xbf\xffd\x00\xc2\x01\
\x14\xff\x84\x00\xc2\x01\x15\xff\x84\x00\xc2\x01\x16\xff\x84\x00\
\xc2\x01\x17\xff\x84\x00\xc2\x01&\xff\x7f\x00\xc2\x01'\xff\
\x7f\x00\xc2\x01(\xffd\x00\xc2\x01)\xffd\x00\xc2\x01\
*\xffd\x00\xc2\x014\xff\x84\x00\xc2\x015\xff\x84\x00\
\xc2\x01D\xff\x84\x00\xc2\x01M\xff\x84\x00\xc2\x01d\xff\
\x84\x00\xc2\x01l\xff\x84\x00\xc2\x01\x84\xff\x84\x00\xc2\x01\
\x8c\xff\x84\x00\xc2\x01\x94\xff\x84\x00\xc2\x01\x9d\xff\x84\x00\
\xc2\x01\xa2\xff\x7f\x00\xc2\x01\xa3\xff\x7f\x00\xc2\x01\xa4\xff\
\x7f\x00\xc2\x01\xa5\xff\x7f\x00\xc2\x01\xa6\xff\x7f\x00\xc2\x01\
\xa7\xff\x7f\x00\xc2\x01\xa8\xffd\x00\xc2\x01\xa9\xffd\x00\
\xc3\x006\xff\x84\x00\xc3\x008\xff\x7f\x00\xc3\x009\xff\
\x7f\x00\xc3\x00;\xffd\x00\xc3\x00V\xff\x84\x00\xc3\x00\
X\xff\x7f\x00\xc3\x00Y\xff\x7f\x00\xc3\x00[\xffd\x00\
\xc3\x00\x9d\xffd\x00\xc3\x00\xbd\xffd\x00\xc3\x00\xbf\xff\
d\x00\xc3\x01\x14\xff\x84\x00\xc3\x01\x15\xff\x84\x00\xc3\x01\
\x16\xff\x84\x00\xc3\x01\x17\xff\x84\x00\xc3\x01&\xff\x7f\x00\
\xc3\x01'\xff\x7f\x00\xc3\x01(\xffd\x00\xc3\x01)\xff\
d\x00\xc3\x01*\xffd\x00\xc3\x014\xff\x84\x00\xc3\x01\
5\xff\x84\x00\xc3\x01D\xff\x84\x00\xc3\x01M\xff\x84\x00\
\xc3\x01d\xff\x84\x00\xc3\x01\xa2\xff\x7f\x00\xc3\x01\xa3\xff\
\x7f\x00\xc3\x01\xa4\xff\x7f\x00\xc3\x01\xa5\xff\x7f\x00\xc3\x01\
\xa6\xff\x7f\x00\xc3\x01\xa7\xff\x7f\x00\xc3\x01\xa8\xffd\x00\
\xc3\x01\xa9\xffd\x00\xc4\x006\xff\x84\x00\xc4\x008\xff\
\x7f\x00\xc4\x009\xff\x7f\x00\xc4\x00;\xffd\x00\xc4\x00\
X\xff\x7f\x00\xc4\x00Y\xff\x7f\x00\xc4\x00[\xffd\x00\
\xc4\x00\x9d\xffd\x00\xc4\x00\xbd\xffd\x00\xc4\x00\xbf\xff\
d\x00\xc4\x01&\xff\x7f\x00\xc4\x01'\xff\x7f\x00\xc4\x01\
(\xffd\x00\xc4\x01)\xffd\x00\xc4\x01*\xffd\x00\
\xc4\x01\x94\xff\x84\x00\xc4\x01\xa2\xff\x7f\x00\xc4\x01\xa3\xff\
\x7f\x00\xc4\x01\xa4\xff\x7f\x00\xc4\x01\xa5\xff\x7f\x00\xc4\x01\
\xa6\xff\x7f\x00\xc4\x01\xa7\xff\x7f\x00\xc4\x01\xa8\xffd\x00\
\xc4\x01\xa9\xffd\x00\xc5\x008\xff\x7f\x00\xc5\x009\xff\
\x7f\x00\xc5\x00;\xffd\x00\xc5\x00V\xff\x84\x00\xc5\x00\
X\xff\x7f\x00\xc5\x00Y\xff\x7f\x00\xc5\x00[\xffd\x00\
\xc5\x00\x9d\xffd\x00\xc5\x00\xbd\xffd\x00\xc5\x00\xbf\xff\
d\x00\xc5\x01&\xff\x7f\x00\xc5\x01'\xff\x7f\x00\xc5\x01\
(\xffd\x00\xc5\x01)\xffd\x00\xc5\x01*\xffd\x00\
\xc5\x01\xa2\xff\x7f\x00\xc5\x01\xa3\xff\x7f\x00\xc5\x01\xa4\xff\
\x7f\x00\xc5\x01\xa5\xff\x7f\x00\xc5\x01\xa6\xff\x7f\x00\xc5\x01\
\xa7\xff\x7f\x00\xc5\x01\xa8\xffd\x00\xc5\x01\xa9\xffd\x00\
\xee\x00\x04\xffx\x00\xee\x00\x09\xffx\x00\xee\x006\xff\
h\x00\xee\x008\xff\x84\x00\xee\x009\xff\x84\x00\xee\x00\
;\xff_\x00\xee\x00V\xffh\x00\xee\x00X\xff\x84\x00\
\xee\x00Y\xff\x84\x00\xee\x00[\xff_\x00\xee\x00\x9d\xff\
_\x00\xee\x00\xbd\xff_\x00\xee\x00\xbf\xff_\x00\xee\x01\
\x14\xffh\x00\xee\x01\x15\xffh\x00\xee\x01\x16\xffh\x00\
\xee\x01\x17\xffh\x00\xee\x01&\xff\x84\x00\xee\x01'\xff\
\x84\x00\xee\x01(\xff_\x00\xee\x01)\xff_\x00\xee\x01\
*\xff_\x00\xee\x014\xffh\x00\xee\x015\xffh\x00\
\xee\x01D\xffh\x00\xee\x01M\xffh\x00\xee\x01d\xff\
h\x00\xee\x01l\xffh\x00\xee\x01\x84\xffh\x00\xee\x01\
\x8c\xffh\x00\xee\x01\x94\xffh\x00\xee\x01\x9d\xffh\x00\
\xee\x01\xa2\xff\x84\x00\xee\x01\xa3\xff\x84\x00\xee\x01\xa4\xff\
\x84\x00\xee\x01\xa5\xff\x84\x00\xee\x01\xa6\xff\x84\x00\xee\x01\
\xa7\xff\x84\x00\xee\x01\xa8\xff_\x00\xee\x01\xa9\xff_\x00\
\xee\x01\xac\xffx\x00\xee\x01\xad\xffx\x00\xee\x01\xaf\xff\
x\x00\xee\x01\xb0\xffx\x00\xef\x00\x04\xffx\x00\xef\x00\
\x09\xffx\x00\xef\x006\xffh\x00\xef\x008\xff\x84\x00\
\xef\x009\xff\x84\x00\xef\x00;\xff_\x00\xef\x00V\xff\
h\x00\xef\x00X\xff\x84\x00\xef\x00Y\xff\x84\x00\xef\x00\
[\xff_\x00\xef\x00\x9d\xff_\x00\xef\x00\xbd\xff_\x00\
\xef\x00\xbf\xff_\x00\xef\x01\x14\xffh\x00\xef\x01\x15\xff\
h\x00\xef\x01\x16\xffh\x00\xef\x01\x17\xffh\x00\xef\x01\
&\xff\x84\x00\xef\x01'\xff\x84\x00\xef\x01(\xff_\x00\
\xef\x01)\xff_\x00\xef\x01*\xff_\x00\xef\x014\xff\
h\x00\xef\x015\xffh\x00\xef\x01D\xffh\x00\xef\x01\
M\xffh\x00\xef\x01d\xffh\x00\xef\x01l\xffh\x00\
\xef\x01\x84\xffh\x00\xef\x01\x8c\xffh\x00\xef\x01\x94\xff\
h\x00\xef\x01\x9d\xffh\x00\xef\x01\xa2\xff\x84\x00\xef\x01\
\xa8\xff_\x00\xef\x01\xa9\xff_\x00\xef\x01\xac\xffx\x00\
\xef\x01\xad\xffx\x00\xef\x01\xaf\xffx\x00\xef\x01\xb0\xff\
x\x00\xf0\x00\x04\xffx\x00\xf0\x00\x09\xffx\x00\xf0\x00\
6\xffh\x00\xf0\x008\xff\x84\x00\xf0\x009\xff\x84\x00\
\xf0\x00;\xff_\x00\xf0\x00V\xffh\x00\xf0\x00[\xff\
_\x00\xf0\x00\x9d\xff_\x00\xf0\x00\xbd\xff_\x00\xf0\x00\
\xbf\xff_\x00\xf0\x01\x14\xffh\x00\xf0\x01\x15\xffh\x00\
\xf0\x01\x16\xffh\x00\xf0\x01\x17\xffh\x00\xf0\x01(\xff\
_\x00\xf0\x01)\xff_\x00\xf0\x01*\xff_\x00\xf0\x01\
4\xffh\x00\xf0\x015\xffh\x00\xf0\x01D\xffh\x00\
\xf0\x01M\xffh\x00\xf0\x01d\xffh\x00\xf0\x01l\xff\
h\x00\xf0\x01\x84\xffh\x00\xf0\x01\x8c\xffh\x00\xf0\x01\
\x94\xffh\x00\xf0\x01\x9d\xffh\x00\xf0\x01\xa3\xff\x84\x00\
\xf0\x01\xa4\xff\x84\x00\xf0\x01\xa5\xff\x84\x00\xf0\x01\xa6\xff\
\x84\x00\xf0\x01\xa7\xff\x84\x00\xf0\x01\xa8\xff_\x00\xf0\x01\
\xa9\xff_\x00\xf0\x01\xac\xffx\x00\xf0\x01\xad\xffx\x00\
\xf0\x01\xaf\xffx\x00\xf0\x01\xb0\xffx\x00\xf1\x00\x04\xff\
x\x00\xf1\x00\x09\xffx\x00\xf1\x006\xffh\x00\xf1\x00\
8\xff\x84\x00\xf1\x009\xff\x84\x00\xf1\x00;\xff_\x00\
\xf1\x00V\xffh\x00\xf1\x00X\xff\x84\x00\xf1\x00Y\xff\
\x84\x00\xf1\x00[\xff_\x00\xf1\x00\x9d\xff_\x00\xf1\x00\
\xbd\xff_\x00\xf1\x00\xbf\xff_\x00\xf1\x01\x14\xffh\x00\
\xf1\x01\x15\xffh\x00\xf1\x01\x16\xffh\x00\xf1\x01\x17\xff\
h\x00\xf1\x01&\xff\x84\x00\xf1\x01'\xff\x84\x00\xf1\x01\
(\xff_\x00\xf1\x01)\xff_\x00\xf1\x01*\xff_\x00\
\xf1\x014\xffh\x00\xf1\x015\xffh\x00\xf1\x01D\xff\
h\x00\xf1\x01M\xffh\x00\xf1\x01d\xffh\x00\xf1\x01\
l\xffh\x00\xf1\x01\x84\xffh\x00\xf1\x01\x8c\xffh\x00\
\xf1\x01\x94\xffh\x00\xf1\x01\x9d\xffh\x00\xf1\x01\xa8\xff\
_\x00\xf1\x01\xa9\xff_\x00\xf1\x01\xac\xffx\x00\xf1\x01\
\xad\xffx\x00\xf1\x01\xaf\xffx\x00\xf1\x01\xb0\xffx\x00\
\xf4\x00\x04\xffx\x00\xf4\x00\x09\xffx\x00\xf4\x006\xff\
h\x00\xf4\x00;\xff_\x00\xf4\x00V\xffh\x00\xf4\x00\
[\xff_\x00\xf4\x00\x9d\xff_\x00\xf4\x00\xbd\xff_\x00\
\xf4\x00\xbf\xff_\x00\xf4\x01\x14\xffh\x00\xf4\x01\x15\xff\
h\x00\xf4\x01\x16\xffh\x00\xf4\x01\x17\xffh\x00\xf4\x01\
(\xff_\x00\xf4\x01)\xff_\x00\xf4\x01*\xff_\x00\
\xf4\x014\xffh\x00\xf4\x015\xffh\x00\xf4\x01D\xff\
h\x00\xf4\x01M\xffh\x00\xf4\x01d\xffh\x00\xf4\x01\
l\xffh\x00\xf4\x01\x84\xffh\x00\xf4\x01\x8c\xffh\x00\
\xf4\x01\x94\xffh\x00\xf4\x01\x9d\xffh\x00\xf4\x01\xa6\xff\
\x84\x00\xf4\x01\xa7\xff\x84\x00\xf4\x01\xa8\xff_\x00\xf4\x01\
\xa9\xff_\x00\xf4\x01\xac\xffx\x00\xf4\x01\xad\xffx\x00\
\xf4\x01\xaf\xffx\x00\xf4\x01\xb0\xffx\x00\xf5\x00\x04\xff\
x\x00\xf5\x00\x09\xffx\x00\xf5\x006\xffh\x00\xf5\x00\
8\xff\x84\x00\xf5\x009\xff\x84\x00\xf5\x00;\xff_\x00\
\xf5\x00V\xffh\x00\xf5\x00X\xff\x84\x00\xf5\x00Y\xff\
\x84\x00\xf5\x00[\xff_\x00\xf5\x00\x9d\xff_\x00\xf5\x00\
\xbd\xff_\x00\xf5\x00\xbf\xff_\x00\xf5\x01\x14\xffh\x00\
\xf5\x01\x15\xffh\x00\xf5\x01\x16\xffh\x00\xf5\x01\x17\xff\
h\x00\xf5\x01&\xff\x84\x00\xf5\x01'\xff\x84\x00\xf5\x01\
(\xff_\x00\xf5\x01)\xff_\x00\xf5\x01*\xff_\x00\
\xf5\x014\xffh\x00\xf5\x015\xffh\x00\xf5\x01D\xff\
h\x00\xf5\x01M\xffh\x00\xf5\x01d\xffh\x00\xf5\x01\
l\xffh\x00\xf5\x01\x84\xffh\x00\xf5\x01\x8c\xffh\x00\
\xf5\x01\x94\xffh\x00\xf5\x01\x9d\xffh\x00\xf5\x01\xa8\xff\
_\x00\xf5\x01\xa9\xff_\x00\xf5\x01\xac\xffx\x00\xf5\x01\
\xad\xffx\x00\xf5\x01\xaf\xffx\x00\xf5\x01\xb0\xffx\x00\
\xf6\x00\x04\xffx\x00\xf6\x00\x09\xffx\x00\xf6\x006\xff\
h\x00\xf6\x00;\xff_\x00\xf6\x00V\xffh\x00\xf6\x00\
[\xff_\x00\xf6\x00\x9d\xff_\x00\xf6\x00\xbd\xff_\x00\
\xf6\x00\xbf\xff_\x00\xf6\x01\x14\xffh\x00\xf6\x01\x15\xff\
h\x00\xf6\x01\x16\xffh\x00\xf6\x01\x17\xffh\x00\xf6\x01\
'\xff\x84\x00\xf6\x01(\xff_\x00\xf6\x01)\xff_\x00\
\xf6\x01*\xff_\x00\xf6\x014\xffh\x00\xf6\x015\xff\
h\x00\xf6\x01D\xffh\x00\xf6\x01M\xffh\x00\xf6\x01\
d\xffh\x00\xf6\x01l\xffh\x00\xf6\x01\x84\xffh\x00\
\xf6\x01\x8c\xffh\x00\xf6\x01\x94\xffh\x00\xf6\x01\x9d\xff\
h\x00\xf6\x01\xa2\xff\x84\x00\xf6\x01\xa3\xff\x84\x00\xf6\x01\
\xa4\xff\x84\x00\xf6\x01\xa5\xff\x84\x00\xf6\x01\xa6\xff\x84\x00\
\xf6\x01\xa8\xff_\x00\xf6\x01\xa9\xff_\x00\xf6\x01\xac\xff\
x\x00\xf6\x01\xad\xffx\x00\xf6\x01\xaf\xffx\x00\xf6\x01\
\xb0\xffx\x00\xf7\x00\x04\xffx\x00\xf7\x00\x09\xffx\x00\
\xf7\x006\xffh\x00\xf7\x009\xff\x84\x00\xf7\x00;\xff\
_\x00\xf7\x00V\xffh\x00\xf7\x00X\xff\x84\x00\xf7\x00\
Y\xff\x84\x00\xf7\x00[\xff_\x00\xf7\x00\x9d\xff_\x00\
\xf7\x00\xbd\xff_\x00\xf7\x00\xbf\xff_\x00\xf7\x01\x14\xff\
h\x00\xf7\x01\x15\xffh\x00\xf7\x01\x16\xffh\x00\xf7\x01\
\x17\xffh\x00\xf7\x01&\xff\x84\x00\xf7\x01'\xff\x84\x00\
\xf7\x01(\xff_\x00\xf7\x01)\xff_\x00\xf7\x01*\xff\
_\x00\xf7\x014\xffh\x00\xf7\x015\xffh\x00\xf7\x01\
D\xffh\x00\xf7\x01M\xffh\x00\xf7\x01d\xffh\x00\
\xf7\x01l\xffh\x00\xf7\x01\x84\xffh\x00\xf7\x01\x8c\xff\
h\x00\xf7\x01\x94\xffh\x00\xf7\x01\x9d\xffh\x00\xf7\x01\
\xa2\xff\x84\x00\xf7\x01\xa3\xff\x84\x00\xf7\x01\xa4\xff\x84\x00\
\xf7\x01\xa5\xff\x84\x00\xf7\x01\xa6\xff\x84\x00\xf7\x01\xa7\xff\
\x84\x00\xf7\x01\xa8\xff_\x00\xf7\x01\xa9\xff_\x00\xf7\x01\
\xac\xffx\x00\xf7\x01\xad\xffx\x00\xf7\x01\xaf\xffx\x00\
\xf7\x01\xb0\xffx\x01\x14\x00#\xff\x83\x01\x14\x00C\xff\
\x83\x01\x14\x00\x80\xff\x83\x01\x14\x00\x81\xff\x83\x01\x14\x00\
\x82\xff\x83\x01\x14\x00\x83\xff\x83\x01\x14\x00\x84\xff\x83\x01\
\x14\x00\x85\xff\x83\x01\x14\x00\x86\xff\x83\x01\x14\x00\xa0\xff\
\x83\x01\x14\x00\xa1\xff\x83\x01\x14\x00\xa2\xff\x83\x01\x14\x00\
\xa3\xff\x83\x01\x14\x00\xa4\xff\x83\x01\x14\x00\xa5\xff\x83\x01\
\x14\x00\xa6\xff\x83\x01\x14\x00\xc0\xff\x83\x01\x14\x00\xc1\xff\
\x83\x01\x14\x00\xc2\xff\x83\x01\x14\x00\xc3\xff\x83\x01\x14\x00\
\xc4\xff\x83\x01\x14\x00\xc5\xff\x83\x01\x14\x01R\xff\x83\x01\
\x14\x01r\xff\x83\x01\x15\x00#\xff\x83\x01\x15\x00C\xff\
\x83\x01\x15\x00\x80\xff\x83\x01\x15\x00\x81\xff\x83\x01\x15\x00\
\x82\xff\x83\x01\x15\x00\x83\xff\x83\x01\x15\x00\x84\xff\x83\x01\
\x15\x00\x85\xff\x83\x01\x15\x00\x86\xff\x83\x01\x15\x00\xa0\xff\
\x83\x01\x15\x00\xa1\xff\x83\x01\x15\x00\xa2\xff\x83\x01\x15\x00\
\xa3\xff\x83\x01\x15\x00\xa4\xff\x83\x01\x15\x00\xa5\xff\x83\x01\
\x15\x00\xa6\xff\x83\x01\x15\x00\xc0\xff\x83\x01\x15\x00\xc1\xff\
\x83\x01\x15\x00\xc2\xff\x83\x01\x15\x00\xc3\xff\x83\x01\x15\x00\
\xc4\xff\x83\x01\x15\x00\xc5\xff\x83\x01\x15\x01R\xff\x83\x01\
\x15\x01r\xff\x83\x01\x16\x00#\xff\x83\x01\x16\x00C\xff\
\x83\x01\x16\x00\x80\xff\x83\x01\x16\x00\x81\xff\x83\x01\x16\x00\
\x82\xff\x83\x01\x16\x00\x83\xff\x83\x01\x16\x00\x84\xff\x83\x01\
\x16\x00\x85\xff\x83\x01\x16\x00\x86\xff\x83\x01\x16\x00\xa0\xff\
\x83\x01\x16\x00\xa1\xff\x83\x01\x16\x00\xa2\xff\x83\x01\x16\x00\
\xa3\xff\x83\x01\x16\x00\xa4\xff\x83\x01\x16\x00\xa5\xff\x83\x01\
\x16\x00\xa6\xff\x83\x01\x16\x00\xc0\xff\x83\x01\x16\x00\xc1\xff\
\x83\x01\x16\x00\xc2\xff\x83\x01\x16\x00\xc3\xff\x83\x01\x16\x00\
\xc4\xff\x83\x01\x16\x00\xc5\xff\x83\x01\x16\x01R\xff\x83\x01\
\x16\x01r\xff\x83\x01\x17\x00#\xff\x83\x01\x17\x00C\xff\
\x83\x01\x17\x00\x80\xff\x83\x01\x17\x00\x81\xff\x83\x01\x17\x00\
\x82\xff\x83\x01\x17\x00\x83\xff\x83\x01\x17\x00\x84\xff\x83\x01\
\x17\x00\x85\xff\x83\x01\x17\x00\x86\xff\x83\x01\x17\x00\xa0\xff\
\x83\x01\x17\x00\xa1\xff\x83\x01\x17\x00\xa2\xff\x83\x01\x17\x00\
\xa3\xff\x83\x01\x17\x00\xa4\xff\x83\x01\x17\x00\xa5\xff\x83\x01\
\x17\x00\xa6\xff\x83\x01\x17\x00\xc0\xff\x83\x01\x17\x00\xc1\xff\
\x83\x01\x17\x00\xc2\xff\x83\x01\x17\x00\xc3\xff\x83\x01\x17\x00\
\xc4\xff\x83\x01\x17\x00\xc5\xff\x83\x01\x17\x01R\xff\x83\x01\
\x17\x01r\xff\x83\x01&\x00#\xff\x7f\x01&\x00C\xff\
\x7f\x01&\x00\x80\xff\x7f\x01&\x00\x81\xff\x7f\x01&\x00\
\x82\xff\x7f\x01&\x00\x83\xff\x7f\x01&\x00\x84\xff\x7f\x01\
&\x00\x85\xff\x7f\x01&\x00\x86\xff\x7f\x01&\x00\xa0\xff\
\x7f\x01&\x00\xa1\xff\x7f\x01&\x00\xa2\xff\x7f\x01&\x00\
\xa3\xff\x7f\x01&\x00\xa4\xff\x7f\x01&\x00\xa5\xff\x7f\x01\
&\x00\xa6\xff\x7f\x01&\x00\xc0\xff\x7f\x01&\x00\xc1\xff\
\x7f\x01&\x00\xc2\xff\x7f\x01&\x00\xc3\xff\x7f\x01&\x00\
\xc4\xff\x7f\x01&\x00\xc5\xff\x7f\x01&\x01R\xff\x7f\x01\
&\x01r\xff\x7f\x01'\x00#\xff\x7f\x01'\x00C\xff\
\x7f\x01'\x00\x80\xff\x7f\x01'\x00\x81\xff\x7f\x01'\x00\
\x82\xff\x7f\x01'\x00\x83\xff\x7f\x01'\x00\x84\xff\x7f\x01\
'\x00\x85\xff\x7f\x01'\x00\x86\xff\x7f\x01'\x00\xa0\xff\
\x7f\x01'\x00\xa1\xff\x7f\x01'\x00\xa2\xff\x7f\x01'\x00\
\xa3\xff\x7f\x01'\x00\xa4\xff\x7f\x01'\x00\xa5\xff\x7f\x01\
'\x00\xa6\xff\x7f\x01'\x00\xc0\xff\x7f\x01'\x00\xc1\xff\
\x7f\x01'\x00\xc2\xff\x7f\x01'\x00\xc3\xff\x7f\x01'\x00\
\xc4\xff\x7f\x01'\x00\xc5\xff\x7f\x01'\x01R\xff\x7f\x01\
'\x01r\xff\x7f\x01(\x00\x0f\xffR\x01(\x00\x11\xff\
c\x01(\x00#\xffd\x01(\x00,\xffS\x01(\x00\
C\xffd\x01(\x00L\xffS\x01(\x00l\xffR\x01\
(\x00{\xffR\x01(\x00\x80\xffd\x01(\x00\x81\xff\
d\x01(\x00\x82\xffd\x01(\x00\x83\xffd\x01(\x00\
\x84\xffd\x01(\x00\x85\xffd\x01(\x00\x86\xffd\x01\
(\x00\xa0\xffd\x01(\x00\xa1\xffd\x01(\x00\xa2\xff\
d\x01(\x00\xa3\xffd\x01(\x00\xa4\xffd\x01(\x00\
\xa5\xffd\x01(\x00\xa6\xffd\x01(\x00\xc0\xffd\x01\
(\x00\xc1\xffd\x01(\x00\xc2\xffd\x01(\x00\xc3\xff\
d\x01(\x00\xc4\xffd\x01(\x00\xc5\xffd\x01(\x01\
J\xffS\x01(\x01K\xffS\x01(\x01R\xffd\x01\
(\x01]\xffS\x01(\x01r\xffd\x01(\x01}\xff\
S\x01(\x01\x9a\xffS\x01(\x01\x9b\xffS\x01(\x01\
\xaa\xffR\x01(\x01\xab\xffR\x01(\x01\xb7\xffR\x01\
(\x01\xb8\xffR\x01)\x00\x0f\xffR\x01)\x00\x11\xff\
c\x01)\x00#\xffd\x01)\x00,\xffS\x01)\x00\
C\xffd\x01)\x00L\xffS\x01)\x00l\xffR\x01\
)\x00{\xffR\x01)\x00\x80\xffd\x01)\x00\x81\xff\
d\x01)\x00\x82\xffd\x01)\x00\x83\xffd\x01)\x00\
\x84\xffd\x01)\x00\x85\xffd\x01)\x00\x86\xffd\x01\
)\x00\xa0\xffd\x01)\x00\xa1\xffd\x01)\x00\xa2\xff\
d\x01)\x00\xa3\xffd\x01)\x00\xa4\xffd\x01)\x00\
\xa5\xffd\x01)\x00\xa6\xffd\x01)\x00\xc0\xffd\x01\
)\x00\xc1\xffd\x01)\x00\xc2\xffd\x01)\x00\xc3\xff\
d\x01)\x00\xc4\xffd\x01)\x00\xc5\xffd\x01)\x01\
J\xffS\x01)\x01K\xffS\x01)\x01R\xffd\x01\
)\x01]\xffS\x01)\x01r\xffd\x01)\x01}\xff\
S\x01)\x01\x9a\xffS\x01)\x01\x9b\xffS\x01)\x01\
\xaa\xffR\x01)\x01\xab\xffR\x01)\x01\xb7\xffR\x01\
)\x01\xb8\xffR\x01*\x00\x0f\xffR\x01*\x00\x11\xff\
c\x01*\x00#\xffd\x01*\x00,\xffS\x01*\x00\
C\xffd\x01*\x00L\xffS\x01*\x00l\xffR\x01\
*\x00{\xffR\x01*\x00\x80\xffd\x01*\x00\x81\xff\
d\x01*\x00\x82\xffd\x01*\x00\x83\xffd\x01*\x00\
\x84\xffd\x01*\x00\x85\xffd\x01*\x00\x86\xffd\x01\
*\x00\xa0\xffd\x01*\x00\xa1\xffd\x01*\x00\xa2\xff\
d\x01*\x00\xa3\xffd\x01*\x00\xa4\xffd\x01*\x00\
\xa5\xffd\x01*\x00\xa6\xffd\x01*\x00\xc0\xffd\x01\
*\x00\xc1\xffd\x01*\x00\xc2\xffd\x01*\x00\xc3\xff\
d\x01*\x00\xc4\xffd\x01*\x00\xc5\xffd\x01*\x01\
J\xffS\x01*\x01K\xffS\x01*\x01R\xffd\x01\
*\x01]\xffS\x01*\x01r\xffd\x01*\x01}\xff\
S\x01*\x01\x9a\xffS\x01*\x01\x9b\xffS\x01*\x01\
\xaa\xffR\x01*\x01\xab\xffR\x01*\x01\xb7\xffR\x01\
*\x01\xb8\xffR\x014\x00#\xff\x83\x014\x00C\xff\
\x83\x014\x00\x80\xff\x83\x014\x00\x81\xff\x83\x014\x00\
\x82\xff\x83\x014\x00\x83\xff\x83\x014\x00\x84\xff\x83\x01\
4\x00\x85\xff\x83\x014\x00\x86\xff\x83\x014\x00\xa0\xff\
\x83\x014\x00\xa1\xff\x83\x014\x00\xa2\xff\x83\x014\x00\
\xa3\xff\x83\x014\x00\xa4\xff\x83\x014\x00\xa5\xff\x83\x01\
4\x00\xa6\xff\x83\x014\x00\xc0\xff\x83\x014\x00\xc1\xff\
\x83\x014\x00\xc2\xff\x83\x014\x00\xc3\xff\x83\x014\x00\
\xc4\xff\x83\x014\x00\xc5\xff\x83\x014\x01R\xff\x83\x01\
4\x01r\xff\x83\x015\x00#\xff\x83\x015\x00C\xff\
\x83\x015\x00\x80\xff\x83\x015\x00\x81\xff\x83\x015\x00\
\x82\xff\x83\x015\x00\x83\xff\x83\x015\x00\x84\xff\x83\x01\
5\x00\x85\xff\x83\x015\x00\x86\xff\x83\x015\x00\xa0\xff\
\x83\x015\x00\xa1\xff\x83\x015\x00\xa2\xff\x83\x015\x00\
\xa3\xff\x83\x015\x00\xa4\xff\x83\x015\x00\xa5\xff\x83\x01\
5\x00\xa6\xff\x83\x015\x00\xc0\xff\x83\x015\x00\xc1\xff\
\x83\x015\x00\xc2\xff\x83\x015\x00\xc3\xff\x83\x015\x00\
\xc4\xff\x83\x015\x00\xc5\xff\x83\x015\x01R\xff\x83\x01\
5\x01r\xff\x83\x01D\x00;\xff}\x01D\x00[\xff\
}\x01D\x00\x9d\xff}\x01D\x00\xbd\xff}\x01D\x00\
\xbf\xff}\x01D\x01(\xff}\x01D\x01)\xff}\x01\
D\x01*\xff}\x01D\x01\xa8\xff}\x01D\x01\xa9\xff\
}\x01E\x00#\xff{\x01E\x00C\xff{\x01E\x00\
\x80\xff{\x01E\x00\x81\xff{\x01E\x00\x82\xff{\x01\
E\x00\x83\xff{\x01E\x00\x84\xff{\x01E\x00\x85\xff\
{\x01E\x00\xa0\xff{\x01E\x00\xa1\xff{\x01E\x00\
\xa2\xff{\x01E\x00\xa3\xff{\x01E\x00\xa4\xff{\x01\
E\x00\xa5\xff{\x01E\x00\xc0\xff{\x01E\x00\xc1\xff\
{\x01E\x00\xc2\xff{\x01E\x00\xc3\xff{\x01E\x00\
\xc4\xff{\x01E\x00\xc5\xff{\x01E\x01R\xff{\x01\
E\x01r\xff{\x01K\x006\xff|\x01K\x00V\xff\
|\x01K\x01\x14\xff|\x01K\x01\x15\xff|\x01K\x01\
\x16\xff|\x01K\x01\x17\xff|\x01K\x014\xff|\x01\
K\x015\xff|\x01K\x01D\xff|\x01K\x01M\xff\
|\x01K\x01d\xff|\x01K\x01l\xff|\x01K\x01\
\x84\xff|\x01K\x01\x8c\xff|\x01K\x01\x94\xff|\x01\
K\x01\x9d\xff|\x01L\x006\xff|\x01L\x00V\xff\
|\x01L\x01\x14\xff|\x01L\x01\x15\xff|\x01L\x01\
\x16\xff|\x01L\x01\x17\xff|\x01L\x014\xff|\x01\
L\x015\xff|\x01L\x01D\xff|\x01L\x01M\xff\
|\x01L\x01d\xff|\x01L\x01l\xff|\x01L\x01\
\x84\xff|\x01L\x01\x8c\xff|\x01L\x01\x94\xff|\x01\
L\x01\x9d\xff|\x01P\x00\x0f\xffw\x01P\x00l\xff\
w\x01P\x00{\xffw\x01P\x01\xaa\xffw\x01P\x01\
\xab\xffw\x01P\x01\xb7\xffw\x01P\x01\xb8\xffw\x01\
R\x006\xff\x84\x01R\x008\xff\x7f\x01R\x009\xff\
\x7f\x01R\x00;\xffd\x01R\x00V\xff\x84\x01R\x00\
X\xff\x7f\x01R\x00Y\xff\x7f\x01R\x00[\xffd\x01\
R\x00\x9d\xffd\x01R\x00\xbd\xffd\x01R\x00\xbf\xff\
d\x01R\x01\x14\xff\x84\x01R\x01\x15\xff\x84\x01R\x01\
\x16\xff\x84\x01R\x01\x17\xff\x84\x01R\x01&\xff\x7f\x01\
R\x01'\xff\x7f\x01R\x01(\xffd\x01R\x01)\xff\
d\x01R\x01*\xffd\x01R\x014\xff\x84\x01R\x01\
5\xff\x84\x01R\x01D\xff\x84\x01R\x01M\xff\x84\x01\
R\x01d\xff\x84\x01R\x01l\xff\x84\x01R\x01\x84\xff\
\x84\x01R\x01\x8c\xff\x84\x01R\x01\x94\xff\x84\x01R\x01\
\x9d\xff\x84\x01R\x01\xa2\xff\x7f\x01R\x01\xa3\xff\x7f\x01\
R\x01\xa4\xff\x7f\x01R\x01\xa5\xff\x7f\x01R\x01\xa6\xff\
\x7f\x01R\x01\xa7\xff\x7f\x01R\x01\xa8\xffd\x01R\x01\
\xa9\xffd\x01S\x006\xff|\x01S\x00V\xff|\x01\
S\x01\x14\xff|\x01S\x01\x15\xff|\x01S\x01\x16\xff\
|\x01S\x01\x17\xff|\x01S\x014\xff|\x01S\x01\
5\xff|\x01S\x01D\xff|\x01S\x01M\xff|\x01\
S\x01d\xff|\x01S\x01l\xff|\x01S\x01\x84\xff\
|\x01S\x01\x8c\xff|\x01S\x01\x94\xff|\x01S\x01\
\x9d\xff|\x01U\x00#\xff{\x01U\x00C\xff{\x01\
U\x00\x80\xff{\x01U\x00\x81\xff{\x01U\x00\x82\xff\
{\x01U\x00\x83\xff{\x01U\x00\x84\xff{\x01U\x00\
\x85\xff{\x01U\x00\xa0\xff{\x01U\x00\xa1\xff{\x01\
U\x00\xa2\xff{\x01U\x00\xa3\xff{\x01U\x00\xa4\xff\
{\x01U\x00\xa5\xff{\x01U\x00\xc0\xff{\x01U\x00\
\xc1\xff{\x01U\x00\xc2\xff{\x01U\x00\xc3\xff{\x01\
U\x00\xc4\xff{\x01U\x00\xc5\xff{\x01U\x01R\xff\
{\x01U\x01r\xff{\x01b\x00\x0e\xffk\x01b\x00\
\x10\xffk\x01b\x00,\xffk\x01b\x00L\xffk\x01\
b\x01J\xffk\x01b\x01K\xffk\x01b\x01]\xff\
k\x01b\x01}\xffk\x01b\x01\x9a\xffk\x01b\x01\
\x9b\xffk\x01b\x01\xae\xffk\x01b\x01\xb1\xffk\x01\
b\x01\xb5\xffk\x01d\x00#\xff\x83\x01d\x00C\xff\
\x83\x01d\x00\x80\xff\x83\x01d\x00\x81\xff\x83\x01d\x00\
\x82\xff\x83\x01d\x00\x83\xff\x83\x01d\x00\x84\xff\x83\x01\
d\x00\x85\xff\x83\x01d\x00\x86\xff\x83\x01d\x00\xa0\xff\
\x83\x01d\x00\xa1\xff\x83\x01d\x00\xa2\xff\x83\x01d\x00\
\xa3\xff\x83\x01d\x00\xa4\xff\x83\x01d\x00\xa5\xff\x83\x01\
d\x00\xa6\xff\x83\x01d\x00\xc0\xff\x83\x01d\x00\xc1\xff\
\x83\x01d\x00\xc2\xff\x83\x01d\x00\xc3\xff\x83\x01d\x00\
\xc4\xff\x83\x01d\x00\xc5\xff\x83\x01d\x01R\xff\x83\x01\
d\x01r\xff\x83\x01e\x00\x0f\xffw\x01e\x00l\xff\
w\x01e\x00{\xffw\x01e\x01\xaa\xffw\x01e\x01\
\xab\xffw\x01e\x01\xb7\xffw\x01e\x01\xb8\xffw\x01\
l\x01l\xffi\x01l\x01\x8c\xffi\x01n\x006\xff\
|\x01n\x00V\xff|\x01n\x01\x14\xff|\x01n\x01\
\x15\xff|\x01n\x01\x16\xff|\x01n\x01\x17\xff|\x01\
n\x014\xff|\x01n\x015\xff|\x01n\x01D\xff\
|\x01n\x01M\xff|\x01n\x01d\xff|\x01n\x01\
l\xff|\x01n\x01\x84\xff|\x01n\x01\x8c\xff|\x01\
n\x01\x94\xff|\x01n\x01\x9d\xff|\x01r\x008\xff\
\x7f\x01r\x009\xff\x7f\x01r\x00;\xffd\x01r\x00\
X\xff\x7f\x01r\x00Y\xff\x7f\x01r\x00[\xffd\x01\
r\x00\x9d\xffd\x01r\x00\xbd\xffd\x01r\x00\xbf\xff\
d\x01r\x01&\xff\x7f\x01r\x01'\xff\x7f\x01r\x01\
(\xffd\x01r\x01)\xffd\x01r\x01*\xffd\x01\
r\x01\xa2\xff\x7f\x01r\x01\xa3\xff\x7f\x01r\x01\xa4\xff\
\x7f\x01r\x01\xa5\xff\x7f\x01r\x01\xa6\xff\x7f\x01r\x01\
\xa7\xff\x7f\x01r\x01\xa8\xffd\x01r\x01\xa9\xffd\x01\
s\x006\xff|\x01s\x00V\xff|\x01s\x01\x14\xff\
|\x01s\x01\x15\xff|\x01s\x01\x16\xff|\x01s\x01\
\x17\xff|\x01s\x014\xff|\x01s\x015\xff|\x01\
s\x01D\xff|\x01s\x01M\xff|\x01s\x01d\xff\
|\x01s\x01l\xff|\x01s\x01\x84\xff|\x01s\x01\
\x8c\xff|\x01s\x01\x94\xff|\x01s\x01\x9d\xff|\x01\
u\x00#\xff{\x01u\x00C\xff{\x01u\x00\x80\xff\
{\x01u\x00\x81\xff{\x01u\x00\x82\xff{\x01u\x00\
\x83\xff{\x01u\x00\x84\xff{\x01u\x00\x85\xff{\x01\
u\x00\xa0\xff{\x01u\x00\xa1\xff{\x01u\x00\xa2\xff\
{\x01u\x00\xa3\xff{\x01u\x00\xa4\xff{\x01u\x00\
\xa5\xff{\x01u\x00\xc0\xff{\x01u\x00\xc1\xff{\x01\
u\x00\xc2\xff{\x01u\x00\xc3\xff{\x01u\x00\xc4\xff\
{\x01u\x00\xc5\xff{\x01u\x01R\xff{\x01u\x01\
r\xff{\x01\x82\x00\x0e\xffk\x01\x82\x00\x10\xffk\x01\
\x82\x00,\xffk\x01\x82\x00L\xffk\x01\x82\x01J\xff\
k\x01\x82\x01K\xffk\x01\x82\x01]\xffk\x01\x82\x01\
}\xffk\x01\x82\x01\x9a\xffk\x01\x82\x01\x9b\xffk\x01\
\x82\x01\xae\xffk\x01\x82\x01\xb1\xffk\x01\x82\x01\xb5\xff\
k\x01\x84\x00#\xff\x83\x01\x84\x00C\xff\x83\x01\x84\x00\
\x80\xff\x83\x01\x84\x00\x81\xff\x83\x01\x84\x00\x82\xff\x83\x01\
\x84\x00\x83\xff\x83\x01\x84\x00\x84\xff\x83\x01\x84\x00\x85\xff\
\x83\x01\x84\x00\x86\xff\x83\x01\x84\x00\xa0\xff\x83\x01\x84\x00\
\xa1\xff\x83\x01\x84\x00\xa2\xff\x83\x01\x84\x00\xa3\xff\x83\x01\
\x84\x00\xa4\xff\x83\x01\x84\x00\xa5\xff\x83\x01\x84\x00\xa6\xff\
\x83\x01\x84\x00\xc0\xff\x83\x01\x84\x00\xc1\xff\x83\x01\x84\x00\
\xc2\xff\x83\x01\x84\x00\xc3\xff\x83\x01\x84\x00\xc4\xff\x83\x01\
\x84\x00\xc5\xff\x83\x01\x84\x01R\xff\x83\x01\x84\x01r\xff\
\x83\x01\x85\x00\x0f\xffw\x01\x85\x00l\xffw\x01\x85\x00\
{\xffw\x01\x85\x01\xaa\xffw\x01\x85\x01\xab\xffw\x01\
\x85\x01\xb7\xffw\x01\x85\x01\xb8\xffw\x01\x8c\x01l\xff\
i\x01\x8c\x01\x8c\xffi\x01\x8e\x006\xff|\x01\x8e\x00\
V\xff|\x01\x8e\x01\x14\xff|\x01\x8e\x01\x15\xff|\x01\
\x8e\x01\x16\xff|\x01\x8e\x01\x17\xff|\x01\x8e\x014\xff\
|\x01\x8e\x015\xff|\x01\x8e\x01D\xff|\x01\x8e\x01\
M\xff|\x01\x8e\x01d\xff|\x01\x8e\x01l\xff|\x01\
\x8e\x01\x84\xff|\x01\x8e\x01\x8c\xff|\x01\x8e\x01\x94\xff\
|\x01\x8e\x01\x9d\xff|\x01\x94\x00;\xff}\x01\x94\x00\
[\xff}\x01\x94\x00\x9d\xff}\x01\x94\x00\xbd\xff}\x01\
\x94\x00\xbf\xff}\x01\x94\x01(\xff}\x01\x94\x01)\xff\
}\x01\x94\x01*\xff}\x01\x94\x01\xa8\xff}\x01\x94\x01\
\xa9\xff}\x01\x95\x00#\xff{\x01\x95\x00C\xff{\x01\
\x95\x00\x80\xff{\x01\x95\x00\x81\xff{\x01\x95\x00\x82\xff\
{\x01\x95\x00\x83\xff{\x01\x95\x00\x84\xff{\x01\x95\x00\
\x85\xff{\x01\x95\x00\xa0\xff{\x01\x95\x00\xa1\xff{\x01\
\x95\x00\xa2\xff{\x01\x95\x00\xa3\xff{\x01\x95\x00\xa4\xff\
{\x01\x95\x00\xa5\xff{\x01\x95\x00\xc0\xff{\x01\x95\x00\
\xc1\xff{\x01\x95\x00\xc2\xff{\x01\x95\x00\xc3\xff{\x01\
\x95\x00\xc4\xff{\x01\x95\x00\xc5\xff{\x01\x95\x01R\xff\
{\x01\x95\x01r\xff{\x01\x9b\x006\xff|\x01\x9b\x00\
V\xff|\x01\x9b\x01\x14\xff|\x01\x9b\x01\x15\xff|\x01\
\x9b\x01\x16\xff|\x01\x9b\x01\x17\xff|\x01\x9b\x014\xff\
|\x01\x9b\x015\xff|\x01\x9b\x01D\xff|\x01\x9b\x01\
M\xff|\x01\x9b\x01d\xff|\x01\x9b\x01l\xff|\x01\
\x9b\x01\x84\xff|\x01\x9b\x01\x8c\xff|\x01\x9b\x01\x94\xff\
|\x01\x9b\x01\x9d\xff|\x01\x9c\x006\xff|\x01\x9c\x00\
V\xff|\x01\x9c\x01\x14\xff|\x01\x9c\x01\x15\xff|\x01\
\x9c\x01\x16\xff|\x01\x9c\x01\x17\xff|\x01\x9c\x014\xff\
|\x01\x9c\x015\xff|\x01\x9c\x01D\xff|\x01\x9c\x01\
M\xff|\x01\x9c\x01d\xff|\x01\x9c\x01l\xff|\x01\
\x9c\x01\x84\xff|\x01\x9c\x01\x8c\xff|\x01\x9c\x01\x94\xff\
|\x01\x9c\x01\x9d\xff|\x01\xa0\x00\x0f\xffw\x01\xa0\x00\
l\xffw\x01\xa0\x00{\xffw\x01\xa0\x01\xaa\xffw\x01\
\xa0\x01\xab\xffw\x01\xa0\x01\xb7\xffw\x01\xa0\x01\xb8\xff\
w\x01\xa2\x00#\xff\x7f\x01\xa2\x00C\xff\x7f\x01\xa2\x00\
\x80\xff\x7f\x01\xa2\x00\x81\xff\x7f\x01\xa2\x00\x82\xff\x7f\x01\
\xa2\x00\x83\xff\x7f\x01\xa2\x00\x84\xff\x7f\x01\xa2\x00\x85\xff\
\x7f\x01\xa2\x00\x86\xff\x7f\x01\xa2\x00\xa0\xff\x7f\x01\xa2\x00\
\xa1\xff\x7f\x01\xa2\x00\xa2\xff\x7f\x01\xa2\x00\xa3\xff\x7f\x01\
\xa2\x00\xa4\xff\x7f\x01\xa2\x00\xa5\xff\x7f\x01\xa2\x00\xa6\xff\
\x7f\x01\xa2\x00\xc0\xff\x7f\x01\xa2\x00\xc1\xff\x7f\x01\xa2\x00\
\xc2\xff\x7f\x01\xa2\x00\xc3\xff\x7f\x01\xa2\x00\xc4\xff\x7f\x01\
\xa2\x00\xc5\xff\x7f\x01\xa2\x01R\xff\x7f\x01\xa2\x01r\xff\
\x7f\x01\xa3\x00#\xff\x7f\x01\xa3\x00C\xff\x7f\x01\xa3\x00\
\x80\xff\x7f\x01\xa3\x00\x81\xff\x7f\x01\xa3\x00\x82\xff\x7f\x01\
\xa3\x00\x83\xff\x7f\x01\xa3\x00\x84\xff\x7f\x01\xa3\x00\x85\xff\
\x7f\x01\xa3\x00\x86\xff\x7f\x01\xa3\x00\xa0\xff\x7f\x01\xa3\x00\
\xa1\xff\x7f\x01\xa3\x00\xa2\xff\x7f\x01\xa3\x00\xa3\xff\x7f\x01\
\xa3\x00\xa4\xff\x7f\x01\xa3\x00\xa5\xff\x7f\x01\xa3\x00\xa6\xff\
\x7f\x01\xa3\x00\xc0\xff\x7f\x01\xa3\x00\xc1\xff\x7f\x01\xa3\x00\
\xc2\xff\x7f\x01\xa3\x00\xc3\xff\x7f\x01\xa3\x00\xc4\xff\x7f\x01\
\xa3\x00\xc5\xff\x7f\x01\xa3\x01R\xff\x7f\x01\xa3\x01r\xff\
\x7f\x01\xa4\x00#\xff\x7f\x01\xa4\x00C\xff\x7f\x01\xa4\x00\
\x80\xff\x7f\x01\xa4\x00\x81\xff\x7f\x01\xa4\x00\x82\xff\x7f\x01\
\xa4\x00\x83\xff\x7f\x01\xa4\x00\x84\xff\x7f\x01\xa4\x00\x85\xff\
\x7f\x01\xa4\x00\x86\xff\x7f\x01\xa4\x00\xa0\xff\x7f\x01\xa4\x00\
\xa1\xff\x7f\x01\xa4\x00\xa2\xff\x7f\x01\xa4\x00\xa3\xff\x7f\x01\
\xa4\x00\xa4\xff\x7f\x01\xa4\x00\xa5\xff\x7f\x01\xa4\x00\xa6\xff\
\x7f\x01\xa4\x00\xc0\xff\x7f\x01\xa4\x00\xc1\xff\x7f\x01\xa4\x00\
\xc2\xff\x7f\x01\xa4\x00\xc3\xff\x7f\x01\xa4\x00\xc4\xff\x7f\x01\
\xa4\x00\xc5\xff\x7f\x01\xa4\x01R\xff\x7f\x01\xa4\x01r\xff\
\x7f\x01\xa5\x00#\xff\x7f\x01\xa5\x00C\xff\x7f\x01\xa5\x00\
\x80\xff\x7f\x01\xa5\x00\x81\xff\x7f\x01\xa5\x00\x82\xff\x7f\x01\
\xa5\x00\x83\xff\x7f\x01\xa5\x00\x84\xff\x7f\x01\xa5\x00\x85\xff\
\x7f\x01\xa5\x00\x86\xff\x7f\x01\xa5\x00\xa0\xff\x7f\x01\xa5\x00\
\xa1\xff\x7f\x01\xa5\x00\xa2\xff\x7f\x01\xa5\x00\xa3\xff\x7f\x01\
\xa5\x00\xa4\xff\x7f\x01\xa5\x00\xa5\xff\x7f\x01\xa5\x00\xa6\xff\
\x7f\x01\xa5\x00\xc0\xff\x7f\x01\xa5\x00\xc1\xff\x7f\x01\xa5\x00\
\xc2\xff\x7f\x01\xa5\x00\xc3\xff\x7f\x01\xa5\x00\xc4\xff\x7f\x01\
\xa5\x00\xc5\xff\x7f\x01\xa5\x01R\xff\x7f\x01\xa5\x01r\xff\
\x7f\x01\xa6\x00#\xff\x7f\x01\xa6\x00C\xff\x7f\x01\xa6\x00\
\x80\xff\x7f\x01\xa6\x00\x81\xff\x7f\x01\xa6\x00\x82\xff\x7f\x01\
\xa6\x00\x83\xff\x7f\x01\xa6\x00\x84\xff\x7f\x01\xa6\x00\x85\xff\
\x7f\x01\xa6\x00\x86\xff\x7f\x01\xa6\x00\xa0\xff\x7f\x01\xa6\x00\
\xa1\xff\x7f\x01\xa6\x00\xa2\xff\x7f\x01\xa6\x00\xa3\xff\x7f\x01\
\xa6\x00\xa4\xff\x7f\x01\xa6\x00\xa5\xff\x7f\x01\xa6\x00\xa6\xff\
\x7f\x01\xa6\x00\xc0\xff\x7f\x01\xa6\x00\xc1\xff\x7f\x01\xa6\x00\
\xc2\xff\x7f\x01\xa6\x00\xc3\xff\x7f\x01\xa6\x00\xc4\xff\x7f\x01\
\xa6\x00\xc5\xff\x7f\x01\xa6\x01R\xff\x7f\x01\xa6\x01r\xff\
\x7f\x01\xa7\x00#\xff\x7f\x01\xa7\x00C\xff\x7f\x01\xa7\x00\
\x80\xff\x7f\x01\xa7\x00\x81\xff\x7f\x01\xa7\x00\x82\xff\x7f\x01\
\xa7\x00\x83\xff\x7f\x01\xa7\x00\x84\xff\x7f\x01\xa7\x00\x85\xff\
\x7f\x01\xa7\x00\x86\xff\x7f\x01\xa7\x00\xa0\xff\x7f\x01\xa7\x00\
\xa1\xff\x7f\x01\xa7\x00\xa2\xff\x7f\x01\xa7\x00\xa3\xff\x7f\x01\
\xa7\x00\xa4\xff\x7f\x01\xa7\x00\xa5\xff\x7f\x01\xa7\x00\xa6\xff\
\x7f\x01\xa7\x00\xc0\xff\x7f\x01\xa7\x00\xc1\xff\x7f\x01\xa7\x00\
\xc2\xff\x7f\x01\xa7\x00\xc3\xff\x7f\x01\xa7\x00\xc4\xff\x7f\x01\
\xa7\x00\xc5\xff\x7f\x01\xa7\x01R\xff\x7f\x01\xa7\x01r\xff\
\x7f\x01\xa8\x00\x0f\xffR\x01\xa8\x00\x11\xffc\x01\xa8\x00\
#\xffd\x01\xa8\x00,\xffS\x01\xa8\x00C\xffd\x01\
\xa8\x00L\xffS\x01\xa8\x00l\xffR\x01\xa8\x00{\xff\
R\x01\xa8\x00\x80\xffd\x01\xa8\x00\x81\xffd\x01\xa8\x00\
\x82\xffd\x01\xa8\x00\x83\xffd\x01\xa8\x00\x84\xffd\x01\
\xa8\x00\x85\xffd\x01\xa8\x00\x86\xffd\x01\xa8\x00\xa0\xff\
d\x01\xa8\x00\xa1\xffd\x01\xa8\x00\xa2\xffd\x01\xa8\x00\
\xa3\xffd\x01\xa8\x00\xa4\xffd\x01\xa8\x00\xa5\xffd\x01\
\xa8\x00\xa6\xffd\x01\xa8\x00\xc0\xffd\x01\xa8\x00\xc1\xff\
d\x01\xa8\x00\xc2\xffd\x01\xa8\x00\xc3\xffd\x01\xa8\x00\
\xc4\xffd\x01\xa8\x00\xc5\xffd\x01\xa8\x01J\xffS\x01\
\xa8\x01K\xffS\x01\xa8\x01R\xffd\x01\xa8\x01]\xff\
S\x01\xa8\x01r\xffd\x01\xa8\x01}\xffS\x01\xa8\x01\
\x9a\xffS\x01\xa8\x01\x9b\xffS\x01\xa8\x01\xaa\xffR\x01\
\xa8\x01\xab\xffR\x01\xa8\x01\xb7\xffR\x01\xa8\x01\xb8\xff\
R\x01\xa9\x00\x0f\xffR\x01\xa9\x00\x11\xffc\x01\xa9\x00\
#\xffd\x01\xa9\x00,\xffS\x01\xa9\x00C\xffd\x01\
\xa9\x00L\xffS\x01\xa9\x00l\xffR\x01\xa9\x00{\xff\
R\x01\xa9\x00\x80\xffd\x01\xa9\x00\x81\xffd\x01\xa9\x00\
\x82\xffd\x01\xa9\x00\x83\xffd\x01\xa9\x00\x84\xffd\x01\
\xa9\x00\x85\xffd\x01\xa9\x00\x86\xffd\x01\xa9\x00\xa0\xff\
d\x01\xa9\x00\xa1\xffd\x01\xa9\x00\xa2\xffd\x01\xa9\x00\
\xa3\xffd\x01\xa9\x00\xa4\xffd\x01\xa9\x00\xa5\xffd\x01\
\xa9\x00\xa6\xffd\x01\xa9\x00\xc0\xffd\x01\xa9\x00\xc1\xff\
d\x01\xa9\x00\xc2\xffd\x01\xa9\x00\xc3\xffd\x01\xa9\x00\
\xc4\xffd\x01\xa9\x00\xc5\xffd\x01\xa9\x01J\xffS\x01\
\xa9\x01K\xffS\x01\xa9\x01R\xffd\x01\xa9\x01]\xff\
S\x01\xa9\x01r\xffd\x01\xa9\x01}\xffS\x01\xa9\x01\
\x9a\xffS\x01\xa9\x01\x9b\xffS\x01\xa9\x01\xaa\xffR\x01\
\xa9\x01\xab\xffR\x01\xa9\x01\xb7\xffR\x01\xa9\x01\xb8\xff\
R\x01\xaa\x00;\xffR\x01\xaa\x00[\xffR\x01\xaa\x00\
\x9d\xffR\x01\xaa\x00\xbd\xffR\x01\xaa\x00\xbf\xffR\x01\
\xaa\x01(\xffR\x01\xaa\x01)\xffR\x01\xaa\x01*\xff\
R\x01\xaa\x01V\xffq\x01\xaa\x01l\xffY\x01\xaa\x01\
v\xffq\x01\xaa\x01\x8c\xffY\x01\xaa\x01\xa8\xffR\x01\
\xaa\x01\xa9\xffR\x01\xab\x00;\xffR\x01\xab\x00[\xff\
R\x01\xab\x00\x9d\xffR\x01\xab\x00\xbd\xffR\x01\xab\x00\
\xbf\xffR\x01\xab\x01(\xffR\x01\xab\x01)\xffR\x01\
\xab\x01*\xffR\x01\xab\x01V\xffq\x01\xab\x01l\xff\
Y\x01\xab\x01v\xffq\x01\xab\x01\x8c\xffY\x01\xab\x01\
\xa8\xffR\x01\xab\x01\xa9\xffR\x01\xac\x00,\xffs\x01\
\xac\x00L\xffs\x01\xac\x01J\xffs\x01\xac\x01K\xff\
s\x01\xac\x01V\xffj\x01\xac\x01v\xffj\x01\xac\x01\
\x9a\xffs\x01\xac\x01\x9b\xffs\x01\xad\x00,\xffs\x01\
\xad\x00L\xffs\x01\xad\x01J\xffs\x01\xad\x01K\xff\
s\x01\xad\x01V\xffj\x01\xad\x01v\xffj\x01\xad\x01\
\x9a\xffs\x01\xad\x01\x9b\xffs\x01\xae\x01l\xffA\x01\
\xae\x01\x8c\xffA\x01\xaf\x00,\xffs\x01\xaf\x00L\xff\
s\x01\xaf\x01J\xffs\x01\xaf\x01K\xffs\x01\xaf\x01\
V\xffj\x01\xaf\x01v\xffj\x01\xaf\x01\x9a\xffs\x01\
\xaf\x01\x9b\xffs\x01\xb0\x00,\xffs\x01\xb0\x00L\xff\
s\x01\xb0\x01J\xffs\x01\xb0\x01K\xffs\x01\xb0\x01\
V\xffj\x01\xb0\x01v\xffj\x01\xb0\x01\x9a\xffs\x01\
\xb0\x01\x9b\xffs\x01\xb1\x01l\xffA\x01\xb1\x01\x8c\xff\
A\x01\xb5\x01l\xffA\x01\xb5\x01\x8c\xffA\x01\xb7\x00\
;\xffR\x01\xb7\x00[\xffR\x01\xb7\x00\x9d\xffR\x01\
\xb7\x00\xbd\xffR\x01\xb7\x00\xbf\xffR\x01\xb7\x01(\xff\
R\x01\xb7\x01)\xffR\x01\xb7\x01*\xffR\x01\xb7\x01\
V\xffq\x01\xb7\x01l\xffY\x01\xb7\x01v\xffq\x01\
\xb7\x01\x8c\xffY\x01\xb7\x01\xa8\xffR\x01\xb7\x01\xa9\xff\
R\x01\xb8\x00;\xffR\x01\xb8\x00[\xffR\x01\xb8\x00\
\x9d\xffR\x01\xb8\x00\xbd\xffR\x01\xb8\x00\xbf\xffR\x01\
\xb8\x01(\xffR\x01\xb8\x01)\xffR\x01\xb8\x01*\xff\
R\x01\xb8\x01V\xffq\x01\xb8\x01l\xffY\x01\xb8\x01\
v\xffq\x01\xb8\x01\x8c\xffY\x01\xb8\x01\xa8\xffR\x01\
\xb8\x01\xa9\xffR\x00\x00\x00\x00\x00P\x00P\x00P\x00\
\x98\x00\xcc\x01P\x02@\x02\xba\x03\x94\x03\xbc\x03\xe4\x04\
\x0c\x04\xc6\x04\xee\x05&\x05B\x05h\x05\x98\x06\x08\x06\
L\x06\xce\x07\x86\x07\xdc\x08\x5c\x08\xfa\x09@\x09\xde\x0a\
\x80\x0a\xb8\x0b\x04\x0b\x1a\x0bD\x0bZ\x0b\xe6\x0c\xe0\x0d\
*\x0d\xb2\x0e:\x0e\x96\x0e\xea\x0f6\x0f\xe6\x102\x10\
`\x10\xae\x10\xf4\x11,\x11t\x11\xb6\x12(\x12\x8a\x13\
\x12\x13\x94\x14<\x14z\x14\xc2\x14\xfe\x15H\x15\x90\x15\
\xd0\x16\x1c\x16@\x16p\x16\x94\x16\xc4\x16\xde\x16\xf6\x17\
2\x17\x88\x17\xe2\x18 \x18j\x18\xae\x19,\x19l\x19\
\x9a\x19\xd6\x1a\x0e\x1aD\x1a~\x1a\xb4\x1a\xf8\x1b@\x1b\
\x8c\x1b\xdc\x1c4\x1cl\x1c\x9e\x1c\xd2\x1d\x0c\x1dD\x1d\
z\x1d\xbe\x1e\x14\x1e0\x1e\x82\x1e\xc8\x1e\xc8\x1f\x0c\x1f\
\x8c \xa2!\x14!\x80!\xac\x22\x98\x22\xcc#\xa0$\
\x1a$.$\x5c%2%Z%\xc0&\x16&T&\
\xa2&\xba'\x0e'\x96'\xb2'\xda(\x1a(\x5c(\
p)l*\x80+\x9e+\xfa,T,\xae-\x08-\
\x84-\xe0.>.\xb0/$/\x8c/\xf40^0\
\xc81\x141`1\xae1\xfc2r2\xe83F3\
\xa44\x044\x8c4\xf05\x0c5\xa45\xf46D6\
\x966\xe87:7\x9e868\x908\xea9D9\
\xc0:\x1c:z:\xd6;J;\xb2<\x1a<\x84<\
\xee=:=\x86=\xd4>\x22>r>\xe8?F?\
\xa4@\x04@\x8c@\xf0A$AxA\xc8B\x18B\
jB\xbcC\x0eCVC\xaaC\xfcDND\xacE\
\x0aE~E\xd0FBF\xb4G$G\x94H\x08H\
|H\xdaI8I\x88I\xd8J8J\x98K\x02K\
lK\xccL,L\xacM\x0eMxM\xe2N\x84O\
&O\xc0PZP\xfaQ\x9aQ\xfcRNR\x92R\
\xd6S&SvS\xceT\x12TXT\x86T\xe2U\
>U\x94U\xeaV<V\x8eV\xe2W6W\xa2X\
\x0eXXX\xa2X\xe8Y YtY\xc8Z\x1cZ\
pZ\xc6[\x1c[|[\xc2\x5c\x1c\x5cv\x5c\xd6]\
6]\x9c^\x02_\x18_\xf4`b`\xd0a@a\
\xb0b\x1eb\x8cb\xfachc\xdcdPd\xc4e\
8e\x90e\xe8f@f\x98f\xeeg8g\xa8h\
\x18h`h\xa8h\xfciPi\xa4i\xf8jPj\
\xa8k\x1akdk\xbcl\x14lhl\xbcm\x10m\
pm\xd0n*n\x84n\xe6oHo\xa6p\x1ap\
\x8ep\xe6q>q\x5cqzq\xaeq\xd4r\x1cr\
Xr\xa8r\xccs\x08s\x84s\xeetdt\xccu\
6u\xe2v6v\xcew&wTw\xa2w\xdex\
\xc2yRy\xb6z\x0az^z\xb4{\x00{<{\
\xa8{\xfe|8|\xa8|\xf2}J~\x00~B~\
\x9a~\xe0\x7fj\x7f\xa4\x7f\xe4\x80(\x80h\x80\xb0\x81\
\x0a\x81B\x81\x80\x82\x10\x82H\x82\xa6\x83\x00\x83H\x83\
\xb0\x84\x1a\x84p\x84\xd2\x85j\x86(\x86\xaa\x86\xe6\x87\
4\x87\x8a\x87\xc0\x88\x0c\x88V\x88\x94\x88\xfe\x894\x89\
\x8c\x89\xc4\x8a,\x8af\x8a\xa6\x8a\xea\x8b\x22\x8bj\x8b\
\xc4\x8b\xfc\x8c0\x8c\x86\x8c\xbe\x8d\x12\x8dV\x8d\x92\x8d\
\xea\x8e8\x8e\x8e\x8e\xd6\x8f<\x8f\xc4\x90\x16\x90~\x90\
\xe8\x91h\x91\xbc\x92\x22\x92z\x92\xa8\x92\xf6\x932\x93\
\xda\x94F\x94\x94\x94\xe8\x95<\x95\x92\x95\xd4\x96*\x96\
\x80\x96\xd6\x97,\x97\x84\x97\xdc\x98.\x98\x80\x98\x9c\x98\
\xb8\x98\xf4\x99:\x99\x80\x99\xbe\x9a\x08\x9aR\x9a\xf2\x9c\
\x16\x9cF\x9c\x84\x9d\x14\x9d(\x9d<\x9db\x9d\x98\x9d\
\xe2\x9e6\x9e\x80\x9e\xbe\x9e\xf0\x9f:\x9f\x92\x9f\xca\xa0\
.\xa0\xb4\xa0\xfa\xa1`\xa1\xe0\xa2\x1a\xa2\x94\xa3\x10\xa3\
\xc2\xa4R\xa4\xb4\xa58\xa5\x98\xa5\xc0\xa5\xd2\xa6\xe8\xa7\
\x92\xa8X\xa9\x16\xa9\xfc\xaa\xc4\xab\x14\xab(\xab>\xab\
Z\xabj\xab\x82\xab\xf4\xac\x18\xac,\xacN\xacb\xac\
v\xac\x94\xad`\xae.\xaf\x1e\xafR\xafn\xaf~\xaf\
\x8e\xaf\x9e\xaf\xae\xaf\xbe\xaf\xce\xaf\xe0\xaf\xf0\xaf\xf0\xaf\
\xf0\xaf\xfb\x00\x01\x00\x00\x01\xf5\x00\xb8\x00\x05\x00v\x00\
\x08\x00\x02\x00*\x007\x00n\x00\x00\x00\x94\x0au\x00\
\x05\x00\x01\x00\x00\x00\x22\x01\x9e\x00\x01\x00\x00\x00\x00\x00\
\x00\x00\x84\x00\x00\x00\x01\x00\x00\x00\x00\x00\x01\x00\x13\x00\
\x84\x00\x01\x00\x00\x00\x00\x00\x02\x00\x07\x00\x97\x00\x01\x00\
\x00\x00\x00\x00\x03\x00'\x00\x9e\x00\x01\x00\x00\x00\x00\x00\
\x04\x00\x1c\x00\xc5\x00\x01\x00\x00\x00\x00\x00\x05\x00\x0d\x00\
\xe1\x00\x01\x00\x00\x00\x00\x00\x06\x00\x1c\x00\xee\x00\x01\x00\
\x00\x00\x00\x00\x07\x00;\x01\x0a\x00\x01\x00\x00\x00\x00\x00\
\x08\x00\x0b\x01E\x00\x01\x00\x00\x00\x00\x00\x09\x00\x0b\x01\
P\x00\x01\x00\x00\x00\x00\x00\x0a\x00(\x01[\x00\x01\x00\
\x00\x00\x00\x00\x0b\x00\x19\x01\x83\x00\x01\x00\x00\x00\x00\x00\
\x0c\x00\x1e\x01\x9c\x00\x01\x00\x00\x00\x00\x00\x0d\x00`\x01\
\xba\x00\x01\x00\x00\x00\x00\x00\x0e\x00\x22\x02\x1a\x00\x01\x00\
\x00\x00\x00\x00\x10\x00\x13\x02<\x00\x01\x00\x00\x00\x00\x00\
\x11\x00\x07\x02O\x00\x03\x00\x01\x04\x09\x00\x00\x01\x08\x02\
V\x00\x03\x00\x01\x04\x09\x00\x01\x00,\x03^\x00\x03\x00\
\x01\x04\x09\x00\x02\x00\x0e\x03\x8a\x00\x03\x00\x01\x04\x09\x00\
\x03\x00N\x03\x98\x00\x03\x00\x01\x04\x09\x00\x04\x008\x03\
\xe6\x00\x03\x00\x01\x04\x09\x00\x05\x00\x1a\x04\x1e\x00\x03\x00\
\x01\x04\x09\x00\x06\x008\x048\x00\x03\x00\x01\x04\x09\x00\
\x07\x00v\x04p\x00\x03\x00\x01\x04\x09\x00\x08\x00\x16\x04\
\xe6\x00\x03\x00\x01\x04\x09\x00\x09\x00\x16\x04\xfc\x00\x03\x00\
\x01\x04\x09\x00\x0a\x00P\x05\x12\x00\x03\x00\x01\x04\x09\x00\
\x0b\x002\x05b\x00\x03\x00\x01\x04\x09\x00\x0c\x00<\x05\
\x94\x00\x03\x00\x01\x04\x09\x00\x0d\x00\xc0\x05\xd0\x00\x03\x00\
\x01\x04\x09\x00\x0e\x00D\x06\x90\x00\x03\x00\x01\x04\x09\x00\
\x10\x00&\x06\xd4\x00\x03\x00\x01\x04\x09\x00\x11\x00\x0e\x06\
\xfa(c) 2010-2015 T\
ypodermic Fonts \
Inc. See attache\
d license agreem\
ent. If agreemen\
t is missing vis\
it typodermicfon\
ts.com for more \
info.Galderglynn\
 TitlingRegular1\
.201;TYPO;Galder\
glynnTitlingRg-R\
egularGalderglyn\
nTitlingRg-Regul\
arVersion 1.201G\
alderglynnTitlin\
gRg-RegularGalde\
rglynn Titling i\
s a trademark of\
 Typodermic Font\
s Inc.Ray Larabi\
eRay Larabiehttp\
://typodermicfon\
ts.com/pages/lic\
ensehttp://www.t\
ypodermic.comhtt\
p://www.typoderm\
icfonts.comPleas\
e read the curre\
nt Typodermic Fo\
nts license agre\
ement at http://\
typodermicfonts.\
com/licensehttp:\
//typodermicfont\
s.com/licenseGal\
derglynn Titling\
Regular\x00(\x00c\x00)\x00 \x00\
2\x000\x001\x000\x00-\x002\x000\x001\x00\
5\x00 \x00T\x00y\x00p\x00o\x00d\x00e\x00\
r\x00m\x00i\x00c\x00 \x00F\x00o\x00n\x00\
t\x00s\x00 \x00I\x00n\x00c\x00.\x00 \x00\
S\x00e\x00e\x00 \x00a\x00t\x00t\x00a\x00\
c\x00h\x00e\x00d\x00 \x00l\x00i\x00c\x00\
e\x00n\x00s\x00e\x00 \x00a\x00g\x00r\x00\
e\x00e\x00m\x00e\x00n\x00t\x00.\x00 \x00\
I\x00f\x00 \x00a\x00g\x00r\x00e\x00e\x00\
m\x00e\x00n\x00t\x00 \x00i\x00s\x00 \x00\
m\x00i\x00s\x00s\x00i\x00n\x00g\x00 \x00\
v\x00i\x00s\x00i\x00t\x00 \x00t\x00y\x00\
p\x00o\x00d\x00e\x00r\x00m\x00i\x00c\x00\
f\x00o\x00n\x00t\x00s\x00.\x00c\x00o\x00\
m\x00 \x00f\x00o\x00r\x00 \x00m\x00o\x00\
r\x00e\x00 \x00i\x00n\x00f\x00o\x00.\x00\
G\x00a\x00l\x00d\x00e\x00r\x00g\x00l\x00\
y\x00n\x00n\x00 \x00T\x00i\x00t\x00l\x00\
i\x00n\x00g\x00 \x00R\x00g\x00R\x00e\x00\
g\x00u\x00l\x00a\x00r\x001\x00.\x002\x00\
0\x001\x00;\x00T\x00Y\x00P\x00O\x00;\x00\
G\x00a\x00l\x00d\x00e\x00r\x00g\x00l\x00\
y\x00n\x00n\x00T\x00i\x00t\x00l\x00i\x00\
n\x00g\x00R\x00g\x00-\x00R\x00e\x00g\x00\
u\x00l\x00a\x00r\x00G\x00a\x00l\x00d\x00\
e\x00r\x00g\x00l\x00y\x00n\x00n\x00T\x00\
i\x00t\x00l\x00i\x00n\x00g\x00R\x00g\x00\
-\x00R\x00e\x00g\x00u\x00l\x00a\x00r\x00\
V\x00e\x00r\x00s\x00i\x00o\x00n\x00 \x00\
1\x00.\x002\x000\x001\x00G\x00a\x00l\x00\
d\x00e\x00r\x00g\x00l\x00y\x00n\x00n\x00\
T\x00i\x00t\x00l\x00i\x00n\x00g\x00R\x00\
g\x00-\x00R\x00e\x00g\x00u\x00l\x00a\x00\
r\x00G\x00a\x00l\x00d\x00e\x00r\x00g\x00\
l\x00y\x00n\x00n\x00 \x00T\x00i\x00t\x00\
l\x00i\x00n\x00g\x00 \x00i\x00s\x00 \x00\
a\x00 \x00t\x00r\x00a\x00d\x00e\x00m\x00\
a\x00r\x00k\x00 \x00o\x00f\x00 \x00T\x00\
y\x00p\x00o\x00d\x00e\x00r\x00m\x00i\x00\
c\x00 \x00F\x00o\x00n\x00t\x00s\x00 \x00\
I\x00n\x00c\x00.\x00R\x00a\x00y\x00 \x00\
L\x00a\x00r\x00a\x00b\x00i\x00e\x00R\x00\
a\x00y\x00 \x00L\x00a\x00r\x00a\x00b\x00\
i\x00e\x00h\x00t\x00t\x00p\x00:\x00/\x00\
/\x00t\x00y\x00p\x00o\x00d\x00e\x00r\x00\
m\x00i\x00c\x00f\x00o\x00n\x00t\x00s\x00\
.\x00c\x00o\x00m\x00/\x00p\x00a\x00g\x00\
e\x00s\x00/\x00l\x00i\x00c\x00e\x00n\x00\
s\x00e\x00h\x00t\x00t\x00p\x00:\x00/\x00\
/\x00w\x00w\x00w\x00.\x00t\x00y\x00p\x00\
o\x00d\x00e\x00r\x00m\x00i\x00c\x00.\x00\
c\x00o\x00m\x00h\x00t\x00t\x00p\x00:\x00\
/\x00/\x00w\x00w\x00w\x00.\x00t\x00y\x00\
p\x00o\x00d\x00e\x00r\x00m\x00i\x00c\x00\
f\x00o\x00n\x00t\x00s\x00.\x00c\x00o\x00\
m\x00P\x00l\x00e\x00a\x00s\x00e\x00 \x00\
r\x00e\x00a\x00d\x00 \x00t\x00h\x00e\x00\
 \x00c\x00u\x00r\x00r\x00e\x00n\x00t\x00\
 \x00T\x00y\x00p\x00o\x00d\x00e\x00r\x00\
m\x00i\x00c\x00 \x00F\x00o\x00n\x00t\x00\
s\x00 \x00l\x00i\x00c\x00e\x00n\x00s\x00\
e\x00 \x00a\x00g\x00r\x00e\x00e\x00m\x00\
e\x00n\x00t\x00 \x00a\x00t\x00 \x00h\x00\
t\x00t\x00p\x00:\x00/\x00/\x00t\x00y\x00\
p\x00o\x00d\x00e\x00r\x00m\x00i\x00c\x00\
f\x00o\x00n\x00t\x00s\x00.\x00c\x00o\x00\
m\x00/\x00l\x00i\x00c\x00e\x00n\x00s\x00\
e\x00h\x00t\x00t\x00p\x00:\x00/\x00/\x00\
t\x00y\x00p\x00o\x00d\x00e\x00r\x00m\x00\
i\x00c\x00f\x00o\x00n\x00t\x00s\x00.\x00\
c\x00o\x00m\x00/\x00l\x00i\x00c\x00e\x00\
n\x00s\x00e\x00G\x00a\x00l\x00d\x00e\x00\
r\x00g\x00l\x00y\x00n\x00n\x00 \x00T\x00\
i\x00t\x00l\x00i\x00n\x00g\x00R\x00e\x00\
g\x00u\x00l\x00a\x00r\x00\x00\x00\x02\x00\x00\x00\
\x00\x00\x00\xff\xb5\x002\x00\x00\x00\x00\x00\x00\x00\x00\x00\
\x00\x00\x00\x00\x00\x00\x00\x00\x00\x00\x00\x01\xf5\x00\x00\x01\
\x02\x00\x03\x00\x04\x00\x05\x00\x06\x00\x07\x00\x08\x00\x09\x00\
\x0a\x00\x0b\x00\x0c\x00\x0d\x00\x0e\x00\x0f\x00\x10\x00\x11\x00\
\x12\x00\x13\x00\x14\x00\x15\x00\x16\x00\x17\x00\x18\x00\x19\x00\
\x1a\x00\x1b\x00\x1c\x00\x1d\x00\x1e\x00\x1f\x00 \x00!\x00\
\x22\x00#\x00$\x00%\x00&\x00'\x00(\x00)\x00\
*\x00+\x00,\x00-\x00.\x00/\x000\x001\x00\
2\x003\x004\x005\x006\x007\x008\x009\x00\
:\x00;\x00<\x00=\x00>\x00?\x00@\x00A\x00\
B\x00C\x00D\x00E\x00F\x00G\x00H\x00I\x00\
J\x00K\x00L\x00M\x00N\x00O\x00P\x00Q\x00\
R\x00S\x00T\x00U\x00V\x00W\x00X\x00Y\x00\
Z\x00[\x00\x5c\x00]\x00^\x00_\x00`\x00a\x00\
\xac\x00\xa3\x00\x84\x00\x85\x00\xbd\x00\x96\x00\xe8\x00\x86\x00\
\x8e\x00\x8b\x00\x9d\x00\xa9\x00\xa4\x00\x8a\x01\x03\x00\x83\x00\
\x93\x00\xf2\x00\xf3\x00\x8d\x01\x04\x00\x88\x01\x05\x00\xde\x00\
\xf1\x00\x9e\x00\xaa\x00\xf5\x00\xf4\x00\xf6\x00\xa2\x00\xad\x00\
\xc9\x00\xc7\x00\xae\x00b\x00c\x00\x90\x00d\x00\xcb\x00\
e\x00\xc8\x00\xca\x00\xcf\x00\xcc\x00\xcd\x00\xce\x00\xe9\x00\
f\x00\xd3\x00\xd0\x00\xd1\x00\xaf\x00g\x00\xf0\x00\x91\x00\
\xd6\x00\xd4\x00\xd5\x00h\x00\xeb\x00\xed\x00\x89\x00j\x00\
i\x00k\x00m\x00l\x00n\x00\xa0\x00o\x00q\x00\
p\x00r\x00s\x00u\x00t\x00v\x00w\x00\xea\x00\
x\x00z\x00y\x00{\x00}\x00|\x00\xb8\x00\xa1\x00\
\x7f\x00~\x00\x80\x00\x81\x00\xec\x00\xee\x00\xba\x01\x06\x01\
\x07\x01\x08\x01\x09\x01\x0a\x01\x0b\x00\xfd\x00\xfe\x01\x0c\x01\
\x0d\x00\xff\x01\x00\x01\x0e\x01\x0f\x01\x10\x01\x11\x01\x12\x01\
\x13\x01\x14\x01\x15\x01\x16\x01\x17\x01\x18\x01\x19\x01\x1a\x01\
\x1b\x00\xf8\x00\xf9\x01\x1c\x01\x1d\x01\x1e\x01\x1f\x01 \x01\
!\x01\x22\x01#\x01$\x01%\x01&\x01'\x01(\x00\
\xd7\x01)\x01*\x01+\x01,\x01-\x01.\x01/\x01\
0\x011\x012\x013\x014\x00\xe2\x00\xe3\x015\x01\
6\x017\x018\x019\x01:\x01;\x01<\x01=\x01\
>\x01?\x01@\x01A\x01B\x00\xb0\x00\xb1\x01C\x01\
D\x01E\x01F\x01G\x01H\x01I\x01J\x00\xfb\x00\
\xfc\x00\xe4\x00\xe5\x01K\x01L\x01M\x01N\x01O\x01\
P\x01Q\x01R\x01S\x01T\x01U\x01V\x01W\x01\
X\x01Y\x01Z\x01[\x01\x5c\x01]\x01^\x01_\x01\
`\x00\xbb\x01a\x01b\x01c\x01d\x00\xe6\x00\xe7\x00\
\xa6\x01e\x01f\x01g\x01h\x00\xd8\x00\xe1\x00\xdb\x00\
\xdc\x00\xdd\x00\xe0\x00\xd9\x00\xdf\x01i\x00\x9f\x00\x97\x00\
\x9b\x01j\x01k\x01l\x01m\x01n\x01o\x01p\x01\
q\x01r\x01s\x01t\x01u\x01v\x01w\x01x\x01\
y\x01z\x01{\x01|\x01}\x01~\x01\x7f\x01\x80\x01\
\x81\x01\x82\x01\x83\x01\x84\x01\x85\x01\x86\x01\x87\x01\x88\x01\
\x89\x01\x8a\x01\x8b\x01\x8c\x01\x8d\x01\x8e\x01\x8f\x01\x90\x01\
\x91\x01\x92\x01\x93\x01\x94\x01\x95\x01\x96\x01\x97\x01\x98\x01\
\x99\x01\x9a\x01\x9b\x01\x9c\x01\x9d\x01\x9e\x01\x9f\x01\xa0\x01\
\xa1\x01\xa2\x01\xa3\x01\xa4\x01\xa5\x01\xa6\x01\xa7\x01\xa8\x01\
\xa9\x01\xaa\x01\xab\x01\xac\x01\xad\x01\xae\x01\xaf\x01\xb0\x01\
\xb1\x01\xb2\x01\xb3\x01\xb4\x01\xb5\x01\xb6\x01\xb7\x01\xb8\x01\
\xb9\x01\xba\x01\xbb\x01\xbc\x01\xbd\x01\xbe\x01\xbf\x01\xc0\x01\
\xc1\x01\xc2\x01\xc3\x01\xc4\x01\xc5\x01\xc6\x01\xc7\x01\xc8\x01\
\xc9\x01\xca\x01\xcb\x01\xcc\x01\xcd\x01\xce\x01\xcf\x01\xd0\x01\
\xd1\x00\xb2\x00\xb3\x00\xb6\x00\xb7\x00\xc4\x00\xb4\x00\xb5\x00\
\xc5\x00\x82\x00\xc2\x00\x87\x00\xab\x00\xc6\x00\xbe\x00\xbf\x00\
\xbc\x01\xd2\x01\xd3\x01\xd4\x01\xd5\x01\xd6\x01\xd7\x01\xd8\x01\
\xd9\x01\xda\x01\xdb\x01\xdc\x01\xdd\x01\xde\x01\xdf\x01\xe0\x01\
\xe1\x01\xe2\x01\xe3\x01\xe4\x01\xe5\x01\xe6\x01\xe7\x00\x8c\x01\
\xe8\x01\xe9\x01\xea\x01\xeb\x01\xec\x01\xed\x01\xee\x00\x98\x01\
\xef\x00\x9a\x00\x99\x00\xef\x00\xa5\x00\x92\x00\x9c\x00\xa7\x00\
\x8f\x00\x94\x00\x95\x00\xb9\x01\xf0\x01\xf1\x01\xf2\x01\xf3\x01\
\xf4\x01\xf5\x01\xf6\x01\xf7\x01\xf8\x01\xf9\x01\xfa\x01\xfb\x01\
\xfc\x01\xfd\x00\x02\x01\xfe\x07uni0017\x06\
macron\x07uni00B5\x0ep\
eriodcentered\x07Am\
acron\x07amacron\x06Ab\
reve\x06abreve\x07Aogo\
nek\x07aogonek\x0aCdot\
accent\x0acdotaccen\
t\x06Dcaron\x06dcaron\x06\
Dcroat\x06dcroat\x07Em\
acron\x07emacron\x06Eb\
reve\x06ebreve\x0aEdot\
accent\x0aedotaccen\
t\x07Eogonek\x07eogone\
k\x06Ecaron\x06ecaron\x0a\
Gdotaccent\x0agdota\
ccent\x0cGcommaacce\
nt\x0cgcommaaccent\x04\
Hbar\x04hbar\x07Imacro\
n\x07imacron\x06Ibreve\
\x06ibreve\x07Iogonek\x07\
iogonek\x0aIdotacce\
nt\x02IJ\x02ij\x0cKcommaa\
ccent\x0ckcommaacce\
nt\x06Lacute\x06lacute\
\x0cLcommaaccent\x0clc\
ommaaccent\x06Lcaro\
n\x06lcaron\x04Ldot\x04ld\
ot\x06Nacute\x06nacute\
\x0cNcommaaccent\x0cnc\
ommaaccent\x06Ncaro\
n\x06ncaron\x03Eng\x03eng\
\x07Omacron\x07omacron\
\x06Obreve\x06obreve\x0dO\
hungarumlaut\x0dohu\
ngarumlaut\x06Racut\
e\x06racute\x0cRcommaa\
ccent\x0crcommaacce\
nt\x06Rcaron\x06rcaron\
\x06Sacute\x06sacute\x07u\
ni0162\x07uni0163\x06T\
caron\x06tcaron\x04Tba\
r\x04tbar\x06Utilde\x06ut\
ilde\x07Umacron\x07uma\
cron\x06Ubreve\x06ubre\
ve\x05Uring\x05uring\x0dU\
hungarumlaut\x0duhu\
ngarumlaut\x07Uogon\
ek\x07uogonek\x0bWcirc\
umflex\x0bwcircumfl\
ex\x0bYcircumflex\x0by\
circumflex\x06Zacut\
e\x06zacute\x0aZdotacc\
ent\x0azdotaccent\x0cS\
commaaccent\x0cscom\
maaccent\x07uni021A\
\x07uni021B\x05Delta\x07u\
ni0400\x07uni0401\x07u\
ni0402\x07uni0403\x07u\
ni0404\x07uni0405\x07u\
ni0406\x07uni0407\x07u\
ni0408\x07uni0409\x07u\
ni040A\x07uni040B\x07u\
ni040C\x07uni040D\x07u\
ni040E\x07uni040F\x07u\
ni0410\x07uni0411\x07u\
ni0412\x07uni0413\x07u\
ni0414\x07uni0415\x07u\
ni0416\x07uni0417\x07u\
ni0418\x07uni0419\x07u\
ni041A\x07uni041B\x07u\
ni041C\x07uni041D\x07u\
ni041E\x07uni041F\x07u\
ni0420\x07uni0421\x07u\
ni0422\x07uni0423\x07u\
ni0424\x07uni0425\x07u\
ni0426\x07uni0427\x07u\
ni0428\x07uni0429\x07u\
ni042A\x07uni042B\x07u\
ni042C\x07uni042D\x07u\
ni042E\x07uni042F\x07u\
ni0430\x07uni0431\x07u\
ni0432\x07uni0433\x07u\
ni0434\x07uni0435\x07u\
ni0436\x07uni0437\x07u\
ni0438\x07uni0439\x07u\
ni043A\x07uni043B\x07u\
ni043C\x07uni043D\x07u\
ni043E\x07uni043F\x07u\
ni0440\x07uni0441\x07u\
ni0442\x07uni0443\x07u\
ni0444\x07uni0445\x07u\
ni0446\x07uni0447\x07u\
ni0448\x07uni0449\x07u\
ni044A\x07uni044B\x07u\
ni044C\x07uni044D\x07u\
ni044E\x07uni044F\x07u\
ni0450\x07uni0451\x07u\
ni0452\x07uni0453\x07u\
ni0454\x07uni0455\x07u\
ni0456\x07uni0457\x07u\
ni0458\x07uni0459\x07u\
ni045A\x07uni045B\x07u\
ni045C\x07uni045D\x07u\
ni045E\x07uni045F\x06W\
grave\x06wgrave\x06Wac\
ute\x06wacute\x09Wdier\
esis\x09wdieresis\x06Y\
grave\x06ygrave\x0czer\
osuperior\x0cfoursu\
perior\x0cfivesuper\
ior\x0bsixsuperior\x0d\
sevensuperior\x0dei\
ghtsuperior\x0cnine\
superior\x0czeroinf\
erior\x0boneinferio\
r\x0btwoinferior\x0dth\
reeinferior\x0cfour\
inferior\x0cfiveinf\
erior\x0bsixinferio\
r\x0dseveninferior\x0d\
eightinferior\x0cni\
neinferior\x04Euro\x07\
uni20B9\x07uni20BA\x07\
uni20BD\x07uni2117\x07\
uni2126\x08onethird\
\x09twothirds\x09oneei\
ghth\x0cthreeeighth\
s\x0bfiveeighths\x0cse\
veneighths\x07uni22\
06\x07uni261C\x07uni26\
1D\x07uni2766\x09zero.\
lnum\x08one.lnum\x08tw\
o.lnum\x0athree.lnu\
m\x09four.lnum\x09five\
.lnum\x08six.lnum\x0as\
even.lnum\x0aeight.\
lnum\x09nine.lnum\x05.\
null\x0c.ttfautohin\
t\x00\x00\x00\x01\x00\x01\xff\xff\x00\x0f\x00\x00\x00\x00\x00\
\x00\x00\x00\x00\x00\x00\x00\x00\x00\x00\x00\x00\x8c\x00~\x00\
\x8c\x00~\x02\xca\x00\x00\x02\xca\x02\xca\x00\x00\x00\x00\x03\
\xbd\xff\x0d\x02\xde\xff\xee\x02\xca\x02\xde\xff\xee\xff\xee\x03\
\xbd\xff\x0d\xb0\x00,\xb0 `f-\xb0\x01, d\
 \xb0\xc0P\xb0\x04&Z\xb0\x04E[X!#!\
\x1b\x8aX \xb0PPX!\xb0@Y\x1b \xb08\
PX!\xb08YY \xb0\x0bEad\xb0(P\
X!\xb0\x0bE \xb00PX!\xb00Y\x1b \
\xb0\xc0PX f \x8a\x8aa \xb0\x0aPX`\
\x1b \xb0 PX!\xb0\x0a`\x1b \xb06PX\
!\xb06`\x1b`YYY\x1b\xb0\x00+YY#\
\xb0\x00PXeYY-\xb0\x02, E \xb0\x04\
%ad \xb0\x05CPX\xb0\x05#B\xb0\x06#\
B\x1b!!Y\xb0\x01`-\xb0\x03,#!#!\
 d\xb1\x05bB \xb0\x06#B\xb2\x0b\x01\x02*\
! \xb0\x06C \x8a \x8a\xb0\x00+\xb10\x05%\
\x8aQX`P\x1baRYX#Y! \xb0@\
SX\xb0\x00+\x1b!\xb0@Y#\xb0\x00PXe\
Y-\xb0\x04,\xb0\x07C+\xb2\x00\x02\x00C`B\
-\xb0\x05,\xb0\x07#B# \xb0\x00#Ba\xb0\
\x02bf\xb0\x01c\xb0\x01`\xb0\x04*-\xb0\x06,\
  E \xb0\x02Ec\xb8\x04\x00b \xb0\x00P\
X\xb0@`Yf\xb0\x01c`D\xb0\x01`-\xb0\
\x07,  E \xb0\x00+#\xb1\x08\x04%` \
E\x8a#a d \xb0 PX!\xb0\x00\x1b\xb0\
0PX\xb0 \x1b\xb0@YY#\xb0\x00PXe\
Y\xb0\x03%#aDD\xb0\x01`-\xb0\x08,\xb1\
\x05\x05E\xb0\x01aD-\xb0\x09,\xb0\x01`  \
\xb0\x09CJ\xb0\x00PX \xb0\x09#BY\xb0\x0a\
CJ\xb0\x00RX \xb0\x0a#BY-\xb0\x0a,\
 \xb0\x10bf\xb0\x01c \xb8\x04\x00c\x8a#a\
\xb0\x0bC` \x8a` \xb0\x0b#B#-\xb0\x0b\
,KTX\xb1\x07\x01DY$\xb0\x0de#x-\
\xb0\x0c,KQXKSX\xb1\x07\x01DY\x1b!\
Y$\xb0\x13e#x-\xb0\x0d,\xb1\x00\x0cCU\
X\xb1\x0c\x0cC\xb0\x01aB\xb0\x0a+Y\xb0\x00C\
\xb0\x02%B\xb1\x09\x02%B\xb1\x0a\x02%B\xb0\x01\
\x16# \xb0\x03%PX\xb1\x01\x00C`\xb0\x04%\
B\x8a\x8a \x8a#a\xb0\x09*!#\xb0\x01a \
\x8a#a\xb0\x09*!\x1b\xb1\x01\x00C`\xb0\x02%\
B\xb0\x02%a\xb0\x09*!Y\xb0\x09CG\xb0\x0a\
CG`\xb0\x02b \xb0\x00PX\xb0@`Yf\
\xb0\x01c \xb0\x02Ec\xb8\x04\x00b \xb0\x00P\
X\xb0@`Yf\xb0\x01c`\xb1\x00\x00\x13#D\
\xb0\x01C\xb0\x00>\xb2\x01\x01\x01C`B-\xb0\x0e\
,\xb1\x00\x05ETX\x00\xb0\x0c#B `\xb0\x01\
a\xb5\x0d\x0d\x01\x00\x0b\x00BB\x8a`\xb1\x0d\x05+\
\xb0m+\x1b\x22Y-\xb0\x0f,\xb1\x00\x0e+-\xb0\
\x10,\xb1\x01\x0e+-\xb0\x11,\xb1\x02\x0e+-\xb0\
\x12,\xb1\x03\x0e+-\xb0\x13,\xb1\x04\x0e+-\xb0\
\x14,\xb1\x05\x0e+-\xb0\x15,\xb1\x06\x0e+-\xb0\
\x16,\xb1\x07\x0e+-\xb0\x17,\xb1\x08\x0e+-\xb0\
\x18,\xb1\x09\x0e+-\xb0\x19,\xb0\x08+\xb1\x00\x05\
ETX\x00\xb0\x0c#B `\xb0\x01a\xb5\x0d\x0d\
\x01\x00\x0b\x00BB\x8a`\xb1\x0d\x05+\xb0m+\x1b\
\x22Y-\xb0\x1a,\xb1\x00\x19+-\xb0\x1b,\xb1\x01\
\x19+-\xb0\x1c,\xb1\x02\x19+-\xb0\x1d,\xb1\x03\
\x19+-\xb0\x1e,\xb1\x04\x19+-\xb0\x1f,\xb1\x05\
\x19+-\xb0 ,\xb1\x06\x19+-\xb0!,\xb1\x07\
\x19+-\xb0\x22,\xb1\x08\x19+-\xb0#,\xb1\x09\
\x19+-\xb0$, <\xb0\x01`-\xb0%, \
`\xb0\x0d` C#\xb0\x01`C\xb0\x02%a\xb0\
\x01`\xb0$*!-\xb0&,\xb0%+\xb0%*\
-\xb0',  G  \xb0\x02Ec\xb8\x04\x00\
b \xb0\x00PX\xb0@`Yf\xb0\x01c`#\
a8# \x8aUX G  \xb0\x02Ec\xb8\
\x04\x00b \xb0\x00PX\xb0@`Yf\xb0\x01c\
`#a8\x1b!Y-\xb0(,\xb1\x00\x05ET\
X\x00\xb0\x01\x16\xb0'*\xb0\x01\x150\x1b\x22Y-\
\xb0),\xb0\x08+\xb1\x00\x05ETX\x00\xb0\x01\x16\
\xb0'*\xb0\x01\x150\x1b\x22Y-\xb0*, 5\
\xb0\x01`-\xb0+,\x00\xb0\x03Ec\xb8\x04\x00b\
 \xb0\x00PX\xb0@`Yf\xb0\x01c\xb0\x00+\
\xb0\x02Ec\xb8\x04\x00b \xb0\x00PX\xb0@`\
Yf\xb0\x01c\xb0\x00+\xb0\x00\x16\xb4\x00\x00\x00\x00\
\x00D>#8\xb1*\x01\x15*-\xb0,, <\
 G \xb0\x02Ec\xb8\x04\x00b \xb0\x00PX\
\xb0@`Yf\xb0\x01c`\xb0\x00Ca8-\xb0\
-,.\x17<-\xb0., < G \xb0\x02\
Ec\xb8\x04\x00b \xb0\x00PX\xb0@`Yf\
\xb0\x01c`\xb0\x00Ca\xb0\x01Cc8-\xb0/\
,\xb1\x02\x00\x16% . G\xb0\x00#B\xb0\x02\
%I\x8a\x8aG#G#a Xb\x1b!Y\xb0\
\x01#B\xb2.\x01\x01\x15\x14*-\xb00,\xb0\x00\
\x16\xb0\x04%\xb0\x04%G#G#a\xb0\x06E+\
e\x8a.#  <\x8a8-\xb01,\xb0\x00\x16\
\xb0\x04%\xb0\x04% .G#G#a \xb0\x04\
#B\xb0\x06E+ \xb0`PX \xb0@QX\
\xb3\x02 \x03 \x1b\xb3\x02&\x03\x1aYBB# \
\xb0\x08C \x8a#G#G#a#F`\xb0\x04\
C\xb0\x02b \xb0\x00PX\xb0@`Yf\xb0\x01\
c` \xb0\x00+ \x8a\x8aa \xb0\x02C`d\
#\xb0\x03CadPX\xb0\x02Ca\x1b\xb0\x03C\
`Y\xb0\x03%\xb0\x02b \xb0\x00PX\xb0@`\
Yf\xb0\x01ca#  \xb0\x04&#Fa8\
\x1b#\xb0\x08CF\xb0\x02%\xb0\x08CG#G#\
a` \xb0\x04C\xb0\x02b \xb0\x00PX\xb0@\
`Yf\xb0\x01c`# \xb0\x00+#\xb0\x04C\
`\xb0\x00+\xb0\x05%a\xb0\x05%\xb0\x02b \xb0\
\x00PX\xb0@`Yf\xb0\x01c\xb0\x04&a \
\xb0\x04%`d#\xb0\x03%`dPX!\x1b#\
!Y#  \xb0\x04&#Fa8Y-\xb02\
,\xb0\x00\x16   \xb0\x05& .G#G#\
a#<8-\xb03,\xb0\x00\x16 \xb0\x08#B\
   F#G\xb0\x00+#a8-\xb04,\
\xb0\x00\x16\xb0\x03%\xb0\x02%G#G#a\xb0\x00\
TX. <#!\x1b\xb0\x02%\xb0\x02%G#\
G#a \xb0\x05%\xb0\x04%G#G#a\xb0\
\x06%\xb0\x05%I\xb0\x02%a\xb0\x01Ec# \
Xb\x1b!Yc\xb8\x04\x00b \xb0\x00PX\xb0\
@`Yf\xb0\x01c`#.#  <\x8a8\
#!Y-\xb05,\xb0\x00\x16 \xb0\x08C .\
G#G#a `\xb0 `f\xb0\x02b \xb0\
\x00PX\xb0@`Yf\xb0\x01c#  <\x8a\
8-\xb06,# .F\xb0\x02%FRX \
<Y.\xb1&\x01\x14+-\xb07,# .F\
\xb0\x02%FPX <Y.\xb1&\x01\x14+-\
\xb08,# .F\xb0\x02%FRX <Y\
# .F\xb0\x02%FPX <Y.\xb1&\
\x01\x14+-\xb09,\xb00+# .F\xb0\x02\
%FRX <Y.\xb1&\x01\x14+-\xb0:\
,\xb01+\x8a  <\xb0\x04#B\x8a8# \
.F\xb0\x02%FRX <Y.\xb1&\x01\x14\
+\xb0\x04C.\xb0&+-\xb0;,\xb0\x00\x16\xb0\
\x04%\xb0\x04& .G#G#a\xb0\x06E+\
# < .#8\xb1&\x01\x14+-\xb0<,\
\xb1\x08\x04%B\xb0\x00\x16\xb0\x04%\xb0\x04% .\
G#G#a \xb0\x04#B\xb0\x06E+ \xb0\
`PX \xb0@QX\xb3\x02 \x03 \x1b\xb3\x02\
&\x03\x1aYBB# G\xb0\x04C\xb0\x02b \
\xb0\x00PX\xb0@`Yf\xb0\x01c` \xb0\x00\
+ \x8a\x8aa \xb0\x02C`d#\xb0\x03Ca\
dPX\xb0\x02Ca\x1b\xb0\x03C`Y\xb0\x03%\
\xb0\x02b \xb0\x00PX\xb0@`Yf\xb0\x01c\
a\xb0\x02%Fa8# <#8\x1b!  \
F#G\xb0\x00+#a8!Y\xb1&\x01\x14+\
-\xb0=,\xb00+.\xb1&\x01\x14+-\xb0>\
,\xb01+!#  <\xb0\x04#B#8\xb1\
&\x01\x14+\xb0\x04C.\xb0&+-\xb0?,\xb0\
\x00\x15 G\xb0\x00#B\xb2\x00\x01\x01\x15\x14\x13.\
\xb0,*-\xb0@,\xb0\x00\x15 G\xb0\x00#B\
\xb2\x00\x01\x01\x15\x14\x13.\xb0,*-\xb0A,\xb1\
\x00\x01\x14\x13\xb0-*-\xb0B,\xb0/*-\xb0\
C,\xb0\x00\x16E# . F\x8a#a8\xb1\
&\x01\x14+-\xb0D,\xb0\x08#B\xb0C+-\
\xb0E,\xb2\x00\x00<+-\xb0F,\xb2\x00\x01<\
+-\xb0G,\xb2\x01\x00<+-\xb0H,\xb2\x01\
\x01<+-\xb0I,\xb2\x00\x00=+-\xb0J,\
\xb2\x00\x01=+-\xb0K,\xb2\x01\x00=+-\xb0\
L,\xb2\x01\x01=+-\xb0M,\xb2\x00\x009+\
-\xb0N,\xb2\x00\x019+-\xb0O,\xb2\x01\x00\
9+-\xb0P,\xb2\x01\x019+-\xb0Q,\xb2\
\x00\x00;+-\xb0R,\xb2\x00\x01;+-\xb0S\
,\xb2\x01\x00;+-\xb0T,\xb2\x01\x01;+-\
\xb0U,\xb2\x00\x00>+-\xb0V,\xb2\x00\x01>\
+-\xb0W,\xb2\x01\x00>+-\xb0X,\xb2\x01\
\x01>+-\xb0Y,\xb2\x00\x00:+-\xb0Z,\
\xb2\x00\x01:+-\xb0[,\xb2\x01\x00:+-\xb0\
\x5c,\xb2\x01\x01:+-\xb0],\xb02+.\xb1\
&\x01\x14+-\xb0^,\xb02+\xb06+-\xb0\
_,\xb02+\xb07+-\xb0`,\xb0\x00\x16\xb0\
2+\xb08+-\xb0a,\xb03+.\xb1&\x01\
\x14+-\xb0b,\xb03+\xb06+-\xb0c,\
\xb03+\xb07+-\xb0d,\xb03+\xb08+\
-\xb0e,\xb04+.\xb1&\x01\x14+-\xb0f\
,\xb04+\xb06+-\xb0g,\xb04+\xb07\
+-\xb0h,\xb04+\xb08+-\xb0i,\xb0\
5+.\xb1&\x01\x14+-\xb0j,\xb05+\xb0\
6+-\xb0k,\xb05+\xb07+-\xb0l,\
\xb05+\xb08+-\xb0m,+\xb0\x08e\xb0\x03\
$Px\xb0\x01\x150-\x00\x00\x00K\xb8\x00\xc8R\
X\xb1\x01\x01\x8eY\xb9\x08\x00\x08\x00c \xb0\x01#\
D\xb0\x03#p\xb0\x17E  K\xb8\x00\x0eQK\
\xb0\x06SZX\xb04\x1b\xb0(Y`f \x8aU\
X\xb0\x02%a\xb0\x01Ec#b\xb0\x02#D\xb2\
\x0b\x01\x06*\xb2\x0c\x06\x06*\xb2\x14\x06\x06*Y\xb2\
\x04(\x09ERD\xb2\x0c\x08\x07*\xb1\x06\x01D\xb1\
$\x01\x88QX\xb0@\x88X\xb1\x06\x03D\xb1&\x01\
\x88QX\xb8\x04\x00\x88X\xb1\x06\x01DYYYY\
\xb8\x01\xff\x85\xb0\x04\x8d\xb1\x05\x00D\
"

qt_resource_name = b"\
\x00\x08\
\x08\x84\xa5g\
\x00b\
\x00r\x00a\x00n\x00d\x00i\x00n\x00g\
\x00\x08\
\x05\xe2T\xa7\
\x00l\
\x00o\x00g\x00o\x00.\x00s\x00v\x00g\
\x00\x08\
\x06WV\x06\
\x00f\
\x00o\x00n\x00t\x00.\x00t\x00t\x00f\
"

qt_resource_struct = b"\
\x00\x00\x00\x00\x00\x02\x00\x00\x00\x01\x00\x00\x00\x01\
\x00\x00\x00\x00\x00\x00\x00\x00\
\x00\x00\x00\x00\x00\x02\x00\x00\x00\x02\x00\x00\x00\x02\
\x00\x00\x00\x00\x00\x00\x00\x00\
\x00\x00\x00\x16\x00\x01\x00\x00\x00\x01\x00\x00\x00\x00\
\x00\x00\x01\xa1\x08\xe8\xf4?\
\x00\x00\x00,\x00\x00\x00\x00\x00\x01\x00\x00\x06}\
\x00\x00\x01~\xc7\xd3\x9f\x90\
"

def qInitResources():
    QtCore.qRegisterResourceData(0x03, qt_resource_struct, qt_resource_name, qt_resource_data)

def qCleanupResources():
    QtCore.qUnregisterResourceData(0x03, qt_resource_struct, qt_resource_name, qt_resource_data)

qInitResources()
